src_ip,dest_ip,original_class,z_n,s_n,new_class
10.8.8.138,185.2.220.137,tunneling http trafficc,5.785514954321255e-05,6.706888509565012e-94,regular http traffic
185.2.220.137,10.8.8.138,tunneling http trafficc,2.6500399114065497e-05,1.0,tunneling http traffic
207.241.227.212,10.8.8.130,tunneling http trafficc,2.274935182815151e-05,1.6795585712759222e-93,regular http traffic
207.241.227.82,10.8.8.130,tunneling http trafficc,2.2675769433355316e-05,1.690089105183229e-93,regular http traffic
207.241.228.122,10.8.8.130,tunneling http trafficc,2.2455705272318873e-05,1.696176426986876e-93,regular http traffic
207.241.236.176,10.8.8.130,tunneling http trafficc,2.2455705272318873e-05,1.659201472399542e-93,regular http traffic
207.241.237.128,10.8.8.130,tunneling http trafficc,2.1513926836868974e-05,1.6216607543426494e-93,regular http traffic
