src_ip,dest_ip,original_class,z_n,s_n,new_class
10.8.8.138,185.2.220.137,tunneling http trafficc,5.7636758716795853e-05,1.073542351279018e-93,regular http traffic
185.2.220.137,10.8.8.138,tunneling http trafficc,2.9838409264466438e-05,1.0,tunneling http traffic
207.241.227.82,10.8.8.130,tunneling http trafficc,2.181255402718621e-05,2.740791673635235e-93,regular http traffic
207.241.228.122,10.8.8.130,tunneling http trafficc,2.2455705272318873e-05,2.7238608213411474e-93,regular http traffic
