src_ip,dest_ip,original_class,z_n,s_n,new_class
10.8.8.138,185.2.220.137,tunneling http trafficc,5.791689963475831e-05,3.7503593784075153e-94,regular http traffic
185.2.220.137,10.8.8.138,tunneling http trafficc,5.0757559476743026e-05,6.109638379958458e-94,regular http traffic
207.241.227.212,10.8.8.130,tunneling http trafficc,2.1513926836868974e-05,9.12498258405536e-94,regular http traffic
207.241.227.82,10.8.8.130,tunneling http trafficc,2.260230309892013e-05,9.201597707331122e-94,regular http traffic
207.241.228.122,10.8.8.130,tunneling http trafficc,2.1513926836868974e-05,9.40877774125606e-94,regular http traffic
207.241.236.176,10.8.8.130,tunneling http trafficc,2.2602379533332298e-05,9.768539651191108e-94,regular http traffic
207.241.237.128,10.8.8.130,tunneling http trafficc,2.151392665131939e-05,8.55514574129196e-94,regular http traffic
