src_ip,dest_ip,original_class,z_n,s_n,new_class
10.8.8.138,185.2.220.137,tunneling http trafficc,5.761552995223447e-05,9.766913306222869e-94,regular http traffic
185.2.220.137,10.8.8.138,tunneling http trafficc,2.670209171904974e-05,1.0,tunneling http traffic
207.241.227.82,10.8.8.130,tunneling http trafficc,2.1453900730668335e-05,2.4878954047225552e-93,regular http traffic
207.241.228.122,10.8.8.130,tunneling http trafficc,2.260230309892013e-05,2.4697204345824785e-93,regular http traffic
