src_ip,dest_ip,original_class,z_n,s_n,new_class
10.8.8.138,185.2.220.137,tunneling http trafficc,5.762424710078242e-05,5.117470606277053e-94,regular http traffic
185.2.220.137,10.8.8.138,tunneling http trafficc,4.8846824687019106e-05,8.233272373155731e-94,regular http traffic
207.241.227.212,10.8.8.130,tunneling http trafficc,2.2455705272318873e-05,1.2682259737829223e-93,regular http traffic
207.241.227.82,10.8.8.130,tunneling http trafficc,2.1513926836868974e-05,1.2795452555557253e-93,regular http traffic
207.241.228.122,10.8.8.130,tunneling http trafficc,2.2091183777024115e-05,1.2934051677873913e-93,regular http traffic
207.241.236.176,10.8.8.130,tunneling http trafficc,2.260230309892013e-05,1.3119072052031253e-93,regular http traffic
207.241.237.128,10.8.8.130,tunneling http trafficc,2.1513928434897433e-05,1.2067651706622716e-93,regular http traffic
