src_ip,dest_ip,original_class,z_n,s_n,new_class
10.8.8.138,185.2.220.137,tunneling http trafficc,5.791689963475831e-05,8.885193060716234e-94,regular http traffic
185.2.220.137,10.8.8.138,tunneling http trafficc,4.0736730281180686e-05,1.0,tunneling http traffic
207.241.227.82,10.8.8.130,tunneling http trafficc,2.2091184879405387e-05,2.2590919122413228e-93,regular http traffic
207.241.228.122,10.8.8.130,tunneling http trafficc,2.1513926836868974e-05,2.2368276893255174e-93,regular http traffic
207.241.236.176,10.8.8.130,tunneling http trafficc,3.999141000118322e-05,2.098367775353788e-93,regular http traffic
207.241.237.128,10.8.8.130,tunneling http trafficc,3.7844527359973946e-05,2.0668697123943612e-93,regular http traffic
