src_ip,dest_ip,original_class,z_n,s_n,new_class
10.8.8.138,185.2.220.137,tunneling http trafficc,5.791689963475831e-05,4.183279068764762e-94,regular http traffic
185.2.220.137,10.8.8.138,tunneling http trafficc,4.4281490855522574e-05,6.800213689236559e-94,regular http traffic
207.241.227.212,10.8.8.130,tunneling http trafficc,2.2091187826248355e-05,1.0250758816050735e-93,regular http traffic
207.241.227.82,10.8.8.130,tunneling http trafficc,2.1729527251285402e-05,1.0342475557538368e-93,regular http traffic
207.241.228.122,10.8.8.130,tunneling http trafficc,2.151392665131939e-05,1.0545836508855063e-93,regular http traffic
207.241.236.176,10.8.8.130,tunneling http trafficc,2.2309557217522685e-05,1.0715538639764097e-93,regular http traffic
207.241.237.128,10.8.8.130,tunneling http trafficc,2.1513926836868974e-05,9.656317721852942e-94,regular http traffic
