src_ip,dest_ip,original_class,z_n,s_n,new_class
10.8.8.138,185.2.220.137,tunneling http trafficc,5.763025135427201e-05,8.401234464495786e-94,regular http traffic
185.2.220.137,10.8.8.138,tunneling http trafficc,5.788208278683568e-05,1.0,tunneling http traffic
207.241.227.212,10.8.8.130,tunneling http trafficc,3.9657470035250146e-05,2.000806501383651e-93,regular http traffic
207.241.227.82,10.8.8.130,tunneling http trafficc,2.1513926836868974e-05,2.1321976208810484e-93,regular http traffic
207.241.228.122,10.8.8.130,tunneling http trafficc,2.2245878911386468e-05,2.108287414360377e-93,regular http traffic
207.241.236.176,10.8.8.130,tunneling http trafficc,3.939047465717483e-05,2.0263643671522852e-93,regular http traffic
207.241.237.128,10.8.8.130,tunneling http trafficc,3.4945267498138865e-05,1.989615970245505e-93,regular http traffic
