src_ip,dest_ip,original_class,z_n,s_n,new_class
10.8.8.138,185.2.220.137,tunneling http trafficc,5.824525048004715e-05,5.497628509932564e-94,regular http traffic
185.2.220.137,10.8.8.138,tunneling http trafficc,3.644241453649164e-05,8.942043736921714e-94,regular http traffic
207.241.227.212,10.8.8.130,tunneling http trafficc,2.274935182815151e-05,1.3629262649962586e-93,regular http traffic
207.241.227.82,10.8.8.130,tunneling http trafficc,2.2455705272318873e-05,1.378937427201846e-93,regular http traffic
207.241.228.122,10.8.8.130,tunneling http trafficc,2.260230254253976e-05,1.3901620932190015e-93,regular http traffic
207.241.236.176,10.8.8.130,tunneling http trafficc,2.180178117951685e-05,1.4103786457904356e-93,regular http traffic
207.241.237.128,10.8.8.130,tunneling http trafficc,2.2031853890642855e-05,1.305172540319517e-93,regular http traffic
