src_ip,dest_ip,original_class,z_n,s_n,new_class
207.241.227.82,10.8.8.130,tunneling http trafficc,2.260250176314528e-05,2.9707119240398607e-93,regular http traffic
207.241.228.122,10.8.8.130,tunneling http trafficc,4.8194774631687394e-05,2.9516905331923323e-93,regular http traffic
