src_ip,dest_ip,original_class,z_n,s_n,new_class
10.8.8.138,185.2.220.137,tunneling http trafficc,5.772372439882085e-05,1.0475987199419967e-93,regular http traffic
185.2.220.137,10.8.8.138,tunneling http trafficc,2.264429926332152e-05,1.0,tunneling http traffic
207.241.227.82,10.8.8.130,tunneling http trafficc,2.216395703552598e-05,2.6733121890749423e-93,regular http traffic
207.241.228.122,10.8.8.130,tunneling http trafficc,2.1513926836868974e-05,2.656175884215765e-93,regular http traffic
