src_ip,dest_ip,original_class,z_n,s_n,new_class
10.8.8.138,185.2.220.137,tunneling http trafficc,5.763025135427201e-05,8.574114018242161e-94,regular http traffic
185.2.220.137,10.8.8.138,tunneling http trafficc,5.703253967300091e-05,1.0,tunneling http traffic
207.241.227.82,10.8.8.130,tunneling http trafficc,2.2091187826248355e-05,2.177562397603274e-93,regular http traffic
207.241.228.122,10.8.8.130,tunneling http trafficc,2.2455729246758426e-05,2.153882713980218e-93,regular http traffic
207.241.236.176,10.8.8.130,tunneling http trafficc,4.0777053341848346e-05,2.0506308338539142e-93,regular http traffic
207.241.237.128,10.8.8.130,tunneling http trafficc,4.475211433492442e-05,2.0144276071821047e-93,regular http traffic
