src_ip,dest_ip,original_class,z_n,s_n,new_class
10.8.8.138,185.2.220.137,tunneling http trafficc,5.785514954321255e-05,5.601274501057295e-94,regular http traffic
185.2.220.137,10.8.8.138,tunneling http trafficc,4.067097946826107e-05,9.118144298652267e-94,regular http traffic
207.241.227.212,10.8.8.130,tunneling http trafficc,2.2455705272318873e-05,1.3898255330961022e-93,regular http traffic
207.241.227.82,10.8.8.130,tunneling http trafficc,2.2455705272318873e-05,1.4059696953366232e-93,regular http traffic
207.241.228.122,10.8.8.130,tunneling http trafficc,2.1513926836868974e-05,1.417325900227453e-93,regular http traffic
207.241.236.176,10.8.8.130,tunneling http trafficc,2.2236661728647005e-05,1.4376344470516942e-93,regular http traffic
207.241.237.128,10.8.8.130,tunneling http trafficc,2.2455705272318873e-05,1.3318615638000852e-93,regular http traffic
