src_ip,dest_ip,original_class,z_n,s_n,new_class
10.8.8.138,185.2.220.137,tunneling http trafficc,5.766466297844984e-05,9.179090439094127e-94,regular http traffic
185.2.220.137,10.8.8.138,tunneling http trafficc,1.4606310120189652e-05,1.0,tunneling http traffic
207.241.227.82,10.8.8.130,tunneling http trafficc,2.2091183777024115e-05,2.335648268050038e-93,regular http traffic
207.241.228.122,10.8.8.130,tunneling http trafficc,2.2675771384571506e-05,2.3150081264012605e-93,regular http traffic
