src_ip,dest_ip,original_class,z_n,s_n,new_class
10.8.8.138,185.2.220.137,tunneling http trafficc,5.750252012835209e-05,4.3392345643448024e-94,regular http traffic
185.2.220.137,10.8.8.138,tunneling http trafficc,4.723455218428226e-05,7.012591551444719e-94,regular http traffic
207.241.227.212,10.8.8.130,tunneling http trafficc,2.267577175462333e-05,1.0657178632901575e-93,regular http traffic
207.241.227.82,10.8.8.130,tunneling http trafficc,2.1513926836868974e-05,1.0752135166484027e-93,regular http traffic
207.241.228.122,10.8.8.130,tunneling http trafficc,2.209242448896461e-05,1.0958406784837328e-93,regular http traffic
207.241.236.176,10.8.8.130,tunneling http trafficc,2.252910186240277e-05,1.1121755355726553e-93,regular http traffic
207.241.237.128,10.8.8.130,tunneling http trafficc,2.2091183777024115e-05,1.0060844516385581e-93,regular http traffic
