src_ip,dest_ip,original_class,z_n,s_n,new_class
207.241.227.82,10.8.8.130,tunneling http trafficc,2.260230309892013e-05,2.8351800316269324e-93,regular http traffic
207.241.228.122,10.8.8.130,tunneling http trafficc,2.2455706486592394e-05,2.8195754997103518e-93,regular http traffic
