src_ip,dest_ip,original_class,z_n,s_n,new_class
10.8.8.138,185.2.220.137,tunneling http trafficc,5.791689963475831e-05,5.583990954946959e-94,regular http traffic
185.2.220.137,10.8.8.138,tunneling http trafficc,3.321958902796301e-05,9.093557742289618e-94,regular http traffic
207.241.227.212,10.8.8.130,tunneling http trafficc,2.2455705272318873e-05,1.3853724218169504e-93,regular http traffic
207.241.227.82,10.8.8.130,tunneling http trafficc,2.260230254253976e-05,1.4015165840574714e-93,regular http traffic
207.241.228.122,10.8.8.130,tunneling http trafficc,2.2091183777024115e-05,1.412677848322956e-93,regular http traffic
207.241.236.176,10.8.8.130,tunneling http trafficc,2.2455705272318873e-05,1.4331374691530286e-93,regular http traffic
207.241.237.128,10.8.8.130,tunneling http trafficc,2.267576923001055e-05,1.3274084525209334e-93,regular http traffic
