src_ip,dest_ip,original_class,z_n,s_n,new_class
10.8.8.138,185.2.220.137,tunneling http trafficc,5.791689963475831e-05,9.109924677454153e-94,regular http traffic
185.2.220.137,10.8.8.138,tunneling http trafficc,5.087539116457701e-05,1.0,tunneling http traffic
207.241.227.82,10.8.8.130,tunneling http trafficc,2.2675769433355316e-05,2.3177901594606706e-93,regular http traffic
207.241.228.122,10.8.8.130,tunneling http trafficc,2.2163870186651155e-05,2.296877901395961e-93,regular http traffic
