src_ip,dest_ip,original_class,z_n,s_n,new_class
10.8.8.138,185.2.220.137,tunneling http trafficc,5.779788440351439e-05,8.643210042374209e-94,regular http traffic
185.2.220.137,10.8.8.138,tunneling http trafficc,4.272103940463855e-05,1.0,tunneling http traffic
207.241.227.82,10.8.8.130,tunneling http trafficc,2.172961384202758e-05,2.1957631847852693e-93,regular http traffic
207.241.228.122,10.8.8.130,tunneling http trafficc,2.1513926836868974e-05,2.1722510975846475e-93,regular http traffic
207.241.236.176,10.8.8.130,tunneling http trafficc,4.872165768194964e-05,2.064317689310704e-93,regular http traffic
207.241.237.128,10.8.8.130,tunneling http trafficc,3.1399689691219793e-05,2.024418887406013e-93,regular http traffic
