src_ip,dest_ip,original_class,z_n,s_n,new_class
10.8.8.138,185.2.220.137,tunneling http trafficc,5.791689963475831e-05,3.836903763702677e-94,regular http traffic
185.2.220.137,10.8.8.138,tunneling http trafficc,5.7874224795406026e-05,6.284218950970604e-94,regular http traffic
207.241.227.212,10.8.8.130,tunneling http trafficc,2.216386206458211e-05,9.34983212092966e-94,regular http traffic
207.241.227.82,10.8.8.130,tunneling http trafficc,2.151392756263616e-05,9.430660854293666e-94,regular http traffic
207.241.228.122,10.8.8.130,tunneling http trafficc,2.2455705272318873e-05,9.639230930227454e-94,regular http traffic
207.241.236.176,10.8.8.130,tunneling http trafficc,2.2455705272318873e-05,9.9950940276556e-94,regular http traffic
207.241.237.128,10.8.8.130,tunneling http trafficc,2.2382588410461784e-05,8.779719040538269e-94,regular http traffic
