src_ip,dest_ip,original_class,z_n,s_n,new_class
10.8.8.138,185.2.220.137,tunneling http trafficc,5.785514954321255e-05,6.672339845856768e-94,regular http traffic
185.2.220.137,10.8.8.138,tunneling http trafficc,5.715841442697054e-05,1.0,tunneling http traffic
207.241.227.212,10.8.8.130,tunneling http trafficc,2.274935182815151e-05,1.6707673120066295e-93,regular http traffic
207.241.227.82,10.8.8.130,tunneling http trafficc,2.1442311467718325e-05,1.6811674624484072e-93,regular http traffic
207.241.228.122,10.8.8.130,tunneling http trafficc,2.2455706486592394e-05,1.6871967298944155e-93,regular http traffic
207.241.236.176,10.8.8.130,tunneling http trafficc,2.2455705272318873e-05,1.6502952498412384e-93,regular http traffic
207.241.237.128,10.8.8.130,tunneling http trafficc,2.217103419688902e-05,1.6123335167406282e-93,regular http traffic
