src_ip,dest_ip,original_class,z_n,s_n,new_class
10.8.8.138,185.2.220.137,tunneling http trafficc,5.791689963475831e-05,3.50796492942302e-94,regular http traffic
185.2.220.137,10.8.8.138,tunneling http trafficc,5.6250738954777805e-05,5.75417414903326e-94,regular http traffic
207.241.227.212,10.8.8.130,tunneling http trafficc,2.223690619233103e-05,8.489379271597818e-94,regular http traffic
207.241.227.82,10.8.8.130,tunneling http trafficc,2.2091183777024115e-05,8.570618408034888e-94,regular http traffic
207.241.228.122,10.8.8.130,tunneling http trafficc,2.260230309892013e-05,8.788790619201405e-94,regular http traffic
207.241.236.176,10.8.8.130,tunneling http trafficc,2.2455705272318873e-05,9.138018225567773e-94,regular http traffic
207.241.237.128,10.8.8.130,tunneling http trafficc,2.260230254253976e-05,7.922542601191083e-94,regular http traffic
