src_ip,dest_ip,original_class,z_n,s_n,new_class
10.8.8.138,185.2.220.137,tunneling http trafficc,5.791689963475831e-05,1.007829204955146e-93,regular http traffic
185.2.220.137,10.8.8.138,tunneling http trafficc,5.372773084208626e-05,1.0,tunneling http traffic
207.241.227.82,10.8.8.130,tunneling http trafficc,2.2019024145195816e-05,2.5692107718156768e-93,regular http traffic
207.241.228.122,10.8.8.130,tunneling http trafficc,2.151392756263616e-05,2.5518486366968405e-93,regular http traffic
