src_ip,dest_ip,original_class,z_n,s_n,new_class
10.8.8.138,185.2.220.137,tunneling http trafficc,5.785514954321255e-05,7.259869842533605e-94,regular http traffic
185.2.220.137,10.8.8.138,tunneling http trafficc,5.448340794114689e-05,1.0,tunneling http traffic
207.241.227.212,10.8.8.130,tunneling http trafficc,2.2455706486592394e-05,1.8228245773807717e-93,regular http traffic
207.241.227.82,10.8.8.130,tunneling http trafficc,2.260241379131699e-05,1.8357023509904071e-93,regular http traffic
207.241.228.122,10.8.8.130,tunneling http trafficc,2.1513926836868974e-05,1.8379118299068493e-93,regular http traffic
207.241.236.176,10.8.8.130,tunneling http trafficc,2.1513926836868974e-05,1.803399993899873e-93,regular http traffic
207.241.237.128,10.8.8.130,tunneling http trafficc,2.151392665131939e-05,1.764270460366999e-93,regular http traffic
