src_ip,dest_ip,original_class,z_n,s_n,new_class
10.8.8.138,185.2.220.137,tunneling http trafficc,5.791689963475831e-05,9.455665558135647e-94,regular http traffic
185.2.220.137,10.8.8.138,tunneling http trafficc,1.8559583799369557e-05,1.0,tunneling http traffic
207.241.227.82,10.8.8.130,tunneling http trafficc,2.172953712811901e-05,2.4059466232017017e-93,regular http traffic
207.241.228.122,10.8.8.130,tunneling http trafficc,2.2455705272318873e-05,2.388145489852106e-93,regular http traffic
