src_ip,dest_ip,original_class,z_n,s_n,new_class
207.241.227.82,10.8.8.130,tunneling http trafficc,2.238260194411134e-05,2.8895561890978217e-93,regular http traffic
207.241.228.122,10.8.8.130,tunneling http trafficc,2.181255402718621e-05,2.8742480967946364e-93,regular http traffic
