src_ip,dest_ip,original_class,z_n,s_n,new_class
10.8.8.138,185.2.220.137,tunneling http trafficc,5.791689963475831e-05,4.391029917138528e-94,regular http traffic
185.2.220.137,10.8.8.138,tunneling http trafficc,4.067097946826107e-05,7.114986468118191e-94,regular http traffic
207.241.227.212,10.8.8.130,tunneling http trafficc,2.216386206458211e-05,1.079267947203429e-93,regular http traffic
207.241.227.82,10.8.8.130,tunneling http trafficc,2.245571207207767e-05,1.0885728491373922e-93,regular http traffic
207.241.228.122,10.8.8.130,tunneling http trafficc,2.260230254253976e-05,1.1094384052544403e-93,regular http traffic
207.241.236.176,10.8.8.130,tunneling http trafficc,2.2455705272318873e-05,1.1257009266472426e-93,regular http traffic
207.241.237.128,10.8.8.130,tunneling http trafficc,2.260230254253976e-05,1.0195917745505187e-93,regular http traffic
