src_ip,dest_ip,original_class,z_n,s_n,new_class
10.8.8.138,185.2.220.137,tunneling http trafficc,5.791689963475831e-05,6.879705542155937e-94,regular http traffic
185.2.220.137,10.8.8.138,tunneling http trafficc,5.570968541157217e-05,1.0,tunneling http traffic
207.241.227.212,10.8.8.130,tunneling http trafficc,2.158568134386399e-05,1.7239095227436928e-93,regular http traffic
207.241.227.82,10.8.8.130,tunneling http trafficc,2.2615118752712355e-05,1.7355588117078954e-93,regular http traffic
207.241.228.122,10.8.8.130,tunneling http trafficc,2.260230254253976e-05,1.7407513659303441e-93,regular http traffic
207.241.236.176,10.8.8.130,tunneling http trafficc,2.1513926836868974e-05,1.704885641596509e-93,regular http traffic
207.241.237.128,10.8.8.130,tunneling http trafficc,2.1664272073957308e-05,1.6666964134797712e-93,regular http traffic
