src_ip,dest_ip,original_class,z_n,s_n,new_class
10.8.8.138,185.2.220.137,tunneling http trafficc,5.785514954321255e-05,6.223099848794727e-94,regular http traffic
185.2.220.137,10.8.8.138,tunneling http trafficc,4.5989035358382735e-05,1.0,tunneling http traffic
207.241.227.212,10.8.8.130,tunneling http trafficc,2.1801629541049194e-05,1.552930092948286e-93,regular http traffic
207.241.227.82,10.8.8.130,tunneling http trafficc,2.1513926836868974e-05,1.563912565587416e-93,regular http traffic
207.241.228.122,10.8.8.130,tunneling http trafficc,2.1801933009816498e-05,1.5781150759697789e-93,regular http traffic
207.241.236.176,10.8.8.130,tunneling http trafficc,4.001990085029897e-05,1.5453092446475328e-93,regular http traffic
207.241.237.128,10.8.8.130,tunneling http trafficc,2.1513926836868974e-05,1.4950730978368119e-93,regular http traffic
