src_ip,dest_ip,original_class,z_n,s_n,new_class
10.8.8.138,185.2.220.137,tunneling http trafficc,5.785514954321255e-05,6.758739147896018e-94,regular http traffic
185.2.220.137,10.8.8.138,tunneling http trafficc,5.804073798758753e-05,1.0,tunneling http traffic
207.241.227.212,10.8.8.130,tunneling http trafficc,2.267640399153068e-05,1.6928170811203935e-93,regular http traffic
207.241.227.82,10.8.8.130,tunneling http trafficc,2.238260194411134e-05,1.7037314055878528e-93,regular http traffic
207.241.228.122,10.8.8.130,tunneling http trafficc,2.2602439682632877e-05,1.7094490841418518e-93,regular http traffic
207.241.236.176,10.8.8.130,tunneling http trafficc,2.260230309892013e-05,1.6728002409933929e-93,regular http traffic
207.241.237.128,10.8.8.130,tunneling http trafficc,2.2091183777024115e-05,1.6350646863063578e-93,regular http traffic
