src_ip,dest_ip,original_class,z_n,s_n,new_class
10.8.8.138,185.2.220.137,tunneling http trafficc,5.785514954321255e-05,6.810589786227024e-94,regular http traffic
185.2.220.137,10.8.8.138,tunneling http trafficc,5.808413059675784e-05,1.0,tunneling http traffic
207.241.227.212,10.8.8.130,tunneling http trafficc,2.274935182815151e-05,1.7060900331894022e-93,regular http traffic
207.241.227.82,10.8.8.130,tunneling http trafficc,2.1946202418876395e-05,1.7174924572664083e-93,regular http traffic
207.241.228.122,10.8.8.130,tunneling http trafficc,2.274935341013924e-05,1.7228095718141734e-93,regular http traffic
207.241.236.176,10.8.8.130,tunneling http trafficc,2.1513926836868974e-05,1.6867443967068836e-93,regular http traffic
207.241.237.128,10.8.8.130,tunneling http trafficc,2.21697528001974e-05,1.6484817462371068e-93,regular http traffic
