src_ip,dest_ip,original_class,z_n,s_n,new_class
10.8.8.138,185.2.220.137,tunneling http trafficc,5.791689963475831e-05,5.394030838322509e-94,regular http traffic
185.2.220.137,10.8.8.138,tunneling http trafficc,5.7509895755336944e-05,8.695525305307086e-94,regular http traffic
207.241.227.212,10.8.8.130,tunneling http trafficc,2.17295447303548e-05,1.336131501943852e-93,regular http traffic
207.241.227.82,10.8.8.130,tunneling http trafficc,2.2675769433355316e-05,1.351900769340495e-93,regular http traffic
207.241.228.122,10.8.8.130,tunneling http trafficc,2.2675769433355316e-05,1.3631430962945485e-93,regular http traffic
207.241.236.176,10.8.8.130,tunneling http trafficc,2.2455705272318873e-05,1.3831940085903597e-93,regular http traffic
207.241.237.128,10.8.8.130,tunneling http trafficc,2.1513926836868974e-05,1.2800285339643232e-93,regular http traffic
