src_ip,dest_ip,original_class,z_n,s_n,new_class
10.8.8.138,185.2.220.137,tunneling http trafficc,5.791689963475831e-05,4.4431099885316855e-94,regular http traffic
185.2.220.137,10.8.8.138,tunneling http trafficc,5.714493294108247e-05,7.181466816469348e-94,regular http traffic
207.241.227.212,10.8.8.130,tunneling http trafficc,2.2091184879405387e-05,1.0928180377622115e-93,regular http traffic
207.241.227.82,10.8.8.130,tunneling http trafficc,2.2455705272318873e-05,1.1021271236001928e-93,regular http traffic
207.241.228.122,10.8.8.130,tunneling http trafficc,2.2091183777024115e-05,1.1231695434762051e-93,regular http traffic
207.241.236.176,10.8.8.130,tunneling http trafficc,2.2455705272318873e-05,1.1392552011100431e-93,regular http traffic
207.241.237.128,10.8.8.130,tunneling http trafficc,2.2091183777024115e-05,1.0331565581335155e-93,regular http traffic
