src_ip,dest_ip,original_class,z_n,s_n,new_class
10.8.8.138,185.2.220.137,tunneling http trafficc,5.785514954321255e-05,6.499578098803124e-94,regular http traffic
185.2.220.137,10.8.8.138,tunneling http trafficc,5.779788440351439e-05,1.0,tunneling http traffic
207.241.227.212,10.8.8.130,tunneling http trafficc,2.2236676874909724e-05,1.6254829833613129e-93,regular http traffic
207.241.227.82,10.8.8.130,tunneling http trafficc,2.1513928434897433e-05,1.6358326722160198e-93,regular http traffic
207.241.228.122,10.8.8.130,tunneling http trafficc,4.794510008482492e-05,1.6415326119858137e-93,regular http traffic
207.241.236.176,10.8.8.130,tunneling http trafficc,2.1513926836868974e-05,1.6048787725819193e-93,regular http traffic
207.241.237.128,10.8.8.130,tunneling http trafficc,2.17295447303548e-05,1.5672126959832778e-93,regular http traffic
