src_ip,dest_ip,original_class,z_n,s_n,new_class
10.8.8.138,185.2.220.137,tunneling http trafficc,5.791689963475831e-05,6.084868336936899e-94,regular http traffic
185.2.220.137,10.8.8.138,tunneling http trafficc,4.515789342967414e-05,1.0,tunneling http traffic
207.241.227.212,10.8.8.130,tunneling http trafficc,2.2091217310906668e-05,1.5166953189848905e-93,regular http traffic
207.241.227.82,10.8.8.130,tunneling http trafficc,2.17295447303548e-05,1.5277667952565773e-93,regular http traffic
207.241.228.122,10.8.8.130,tunneling http trafficc,2.252910186240277e-05,1.5423221191118905e-93,regular http traffic
207.241.236.176,10.8.8.130,tunneling http trafficc,4.074000257907185e-05,1.5209072401930624e-93,regular http traffic
207.241.237.128,10.8.8.130,tunneling http trafficc,2.1513928434897433e-05,1.4587056291016756e-93,regular http traffic
