src_ip,dest_ip,original_class,z_n,s_n,new_class
10.8.8.138,185.2.220.137,tunneling http trafficc,5.7979058004044224e-05,1.0268459096858594e-93,regular http traffic
185.2.220.137,10.8.8.138,tunneling http trafficc,3.754182350520077e-05,1.0,tunneling http traffic
207.241.227.82,10.8.8.130,tunneling http trafficc,2.2382577702456033e-05,2.6189883609199873e-93,regular http traffic
207.241.228.122,10.8.8.130,tunneling http trafficc,2.2236706217464074e-05,2.601403753264204e-93,regular http traffic
