src_ip,dest_ip,original_class,z_n,s_n,new_class
10.8.8.138,185.2.220.137,tunneling http trafficc,5.791689963475831e-05,1.0787218865583903e-93,regular http traffic
207.241.227.82,10.8.8.130,tunneling http trafficc,2.274935341013924e-05,2.754362585809233e-93,regular http traffic
207.241.228.122,10.8.8.130,tunneling http trafficc,2.2455705272318873e-05,2.7374150958039484e-93,regular http traffic
