src_ip,dest_ip,original_class,z_n,s_n,new_class
10.8.8.138,185.2.220.137,tunneling http trafficc,5.762424710078242e-05,8.055493867716226e-94,regular http traffic
185.2.220.137,10.8.8.138,tunneling http trafficc,4.47153539071809e-05,1.0,tunneling http traffic
207.241.227.212,10.8.8.130,tunneling http trafficc,4.043561122062595e-05,1.9513964478326055e-93,regular http traffic
207.241.227.82,10.8.8.130,tunneling http trafficc,2.2455705272318873e-05,2.042151932921463e-93,regular http traffic
207.241.228.122,10.8.8.130,tunneling http trafficc,2.2455705272318873e-05,2.041408765150919e-93,regular http traffic
207.241.236.176,10.8.8.130,tunneling http trafficc,2.4347609484537708e-05,1.9696846972038506e-93,regular http traffic
207.241.237.128,10.8.8.130,tunneling http trafficc,5.243250805316209e-05,1.94268505258928e-93,regular http traffic
