src_ip,dest_ip,original_class,z_n,s_n,new_class
10.8.8.138,185.2.220.137,tunneling http trafficc,5.788744335082993e-05,7.760703420751028e-94,regular http traffic
185.2.220.137,10.8.8.138,tunneling http trafficc,4.805362226389575e-05,1.0,tunneling http traffic
207.241.227.212,10.8.8.130,tunneling http trafficc,4.345570702471365e-05,1.909712860145192e-93,regular http traffic
207.241.227.82,10.8.8.130,tunneling http trafficc,2.2382588410461784e-05,1.9657560249236825e-93,regular http traffic
207.241.228.122,10.8.8.130,tunneling http trafficc,4.768401003323635e-05,1.964726725163156e-93,regular http traffic
207.241.236.176,10.8.8.130,tunneling http trafficc,3.96634228807964e-05,1.9203566418403076e-93,regular http traffic
207.241.237.128,10.8.8.130,tunneling http trafficc,2.1513926836868974e-05,1.8959042623306622e-93,regular http traffic
