src_ip,dest_ip,original_class,z_n,s_n,new_class
10.8.8.138,185.2.220.137,tunneling http trafficc,5.791689963475831e-05,5.06556913665702e-94,regular http traffic
185.2.220.137,10.8.8.138,tunneling http trafficc,1.8056392842702227e-05,8.158526802947512e-94,regular http traffic
207.241.227.212,10.8.8.130,tunneling http trafficc,2.2455714217816715e-05,1.2548666399454668e-93,regular http traffic
207.241.227.82,10.8.8.130,tunneling http trafficc,2.274935182815151e-05,1.2657960404675796e-93,regular http traffic
207.241.228.122,10.8.8.130,tunneling http trafficc,2.2091183777024115e-05,1.2796727967204504e-93,regular http traffic
207.241.236.176,10.8.8.130,tunneling http trafficc,2.1513926836868974e-05,1.2984106975167511e-93,regular http traffic
207.241.237.128,10.8.8.130,tunneling http trafficc,3.949389669266054e-05,1.1930787099725736e-93,regular http traffic
