src_ip,dest_ip,original_class,z_n,s_n,new_class
10.8.8.138,185.2.220.137,tunneling http trafficc,5.791689963475831e-05,1.061421921936156e-93,regular http traffic
185.2.220.137,10.8.8.138,tunneling http trafficc,4.150640188316348e-05,1.0,tunneling http traffic
207.241.227.82,10.8.8.130,tunneling http trafficc,2.274935341013924e-05,2.709486642458033e-93,regular http traffic
207.241.228.122,10.8.8.130,tunneling http trafficc,2.1513926836868974e-05,2.692689042387083e-93,regular http traffic
