src_ip,dest_ip,original_class,z_n,s_n,new_class
10.8.8.138,185.2.220.137,tunneling http trafficc,5.791689963475831e-05,3.940713266595747e-94,regular http traffic
185.2.220.137,10.8.8.138,tunneling http trafficc,4.460515534852032e-05,6.43576345041308e-94,regular http traffic
207.241.227.212,10.8.8.130,tunneling http trafficc,2.2675771384571506e-05,9.619827221502339e-94,regular http traffic
207.241.227.82,10.8.8.130,tunneling http trafficc,2.151392665131939e-05,9.70652325563069e-94,regular http traffic
207.241.228.122,10.8.8.130,tunneling http trafficc,2.1513926836868974e-05,9.916164638243818e-94,regular http traffic
207.241.236.176,10.8.8.130,tunneling http trafficc,4.5245635936023064e-05,1.023083789161683e-93,regular http traffic
207.241.237.128,10.8.8.130,tunneling http trafficc,2.1370783163103386e-05,9.026450179194785e-94,regular http traffic
