src_ip,dest_ip,original_class,z_n,s_n,new_class
10.8.8.138,185.2.220.137,tunneling http trafficc,5.791689963475831e-05,8.090024102912042e-94,regular http traffic
185.2.220.137,10.8.8.138,tunneling http trafficc,5.788744335082993e-05,1.0,tunneling http traffic
207.241.227.212,10.8.8.130,tunneling http trafficc,4.054193983380702e-05,1.9569618569853267e-93,regular http traffic
207.241.227.82,10.8.8.130,tunneling http trafficc,2.2455705272318873e-05,2.0511316368853235e-93,regular http traffic
207.241.228.122,10.8.8.130,tunneling http trafficc,2.223690619233103e-05,2.0504322862952107e-93,regular http traffic
207.241.236.176,10.8.8.130,tunneling http trafficc,2.4490014986326207e-05,1.976228167574231e-93,regular http traffic
207.241.237.128,10.8.8.130,tunneling http trafficc,3.985878213132783e-05,1.948025780874215e-93,regular http traffic
