src_ip,dest_ip,original_class,z_n,s_n,new_class
10.8.8.138,185.2.220.137,tunneling http trafficc,5.738416033856095e-05,3.5426369479533924e-94,regular http traffic
185.2.220.137,10.8.8.138,tunneling http trafficc,5.477339861431476e-05,5.806362466612126e-94,regular http traffic
207.241.227.212,10.8.8.130,tunneling http trafficc,2.216386206458211e-05,8.578595690314695e-94,regular http traffic
207.241.227.82,10.8.8.130,tunneling http trafficc,2.2091183777024115e-05,8.660126614880453e-94,regular http traffic
207.241.228.122,10.8.8.130,tunneling http trafficc,2.1513926836868974e-05,8.881751657291343e-94,regular http traffic
207.241.236.176,10.8.8.130,tunneling http trafficc,2.2675769433355316e-05,9.226648275207698e-94,regular http traffic
207.241.237.128,10.8.8.130,tunneling http trafficc,2.2091183777024115e-05,8.012025734934827e-94,regular http traffic
