src_ip,dest_ip,original_class,z_n,s_n,new_class
10.8.8.138,185.2.220.137,tunneling http trafficc,5.791689963475831e-05,4.961841717174084e-94,regular http traffic
185.2.220.137,10.8.8.138,tunneling http trafficc,5.067266634547182e-05,7.948475129942442e-94,regular http traffic
207.241.227.212,10.8.8.130,tunneling http trafficc,2.2455705272318873e-05,1.2280889779719376e-93,regular http traffic
207.241.227.82,10.8.8.130,tunneling http trafficc,2.1442494349790564e-05,1.2387738565746972e-93,regular http traffic
207.241.228.122,10.8.8.130,tunneling http trafficc,2.1442311467718325e-05,1.2523030786381532e-93,regular http traffic
207.241.236.176,10.8.8.130,tunneling http trafficc,2.1513926836868974e-05,1.2739612805576737e-93,regular http traffic
207.241.237.128,10.8.8.130,tunneling http trafficc,2.2091183777024115e-05,1.1681328738801675e-93,regular http traffic
