src_ip,dest_ip,original_class,z_n,s_n,new_class
10.8.8.138,185.2.220.137,tunneling http trafficc,5.785514954321255e-05,6.534145191023795e-94,regular http traffic
185.2.220.137,10.8.8.138,tunneling http trafficc,3.178022702644525e-05,1.0,tunneling http traffic
207.241.227.212,10.8.8.130,tunneling http trafficc,2.2236661728647005e-05,1.63461256191033e-93,regular http traffic
207.241.227.82,10.8.8.130,tunneling http trafficc,2.2382588410461784e-05,1.6447679865482888e-93,regular http traffic
207.241.228.122,10.8.8.130,tunneling http trafficc,2.1873881412110852e-05,1.6507652313513703e-93,regular http traffic
207.241.236.176,10.8.8.130,tunneling http trafficc,2.1513926836868974e-05,1.613979935765568e-93,regular http traffic
207.241.237.128,10.8.8.130,tunneling http trafficc,2.1873854687136357e-05,1.5762373704390175e-93,regular http traffic
