src_ip,dest_ip,original_class,z_n,s_n,new_class
10.8.8.138,185.2.220.137,tunneling http trafficc,5.785514954321255e-05,7.553597983847169e-94,regular http traffic
185.2.220.137,10.8.8.138,tunneling http trafficc,5.324673549125585e-05,1.0,tunneling http traffic
207.241.227.212,10.8.8.130,tunneling http trafficc,3.266395960908868e-05,1.8800411657634853e-93,regular http traffic
207.241.227.82,10.8.8.130,tunneling http trafficc,2.260230254253976e-05,1.912223395749444e-93,regular http traffic
207.241.228.122,10.8.8.130,tunneling http trafficc,2.2031853890642855e-05,1.9128698632530322e-93,regular http traffic
207.241.236.176,10.8.8.130,tunneling http trafficc,2.267576923001055e-05,1.8813557380005192e-93,regular http traffic
207.241.237.128,10.8.8.130,tunneling http trafficc,2.1591753414705742e-05,1.8411831167553648e-93,regular http traffic
