src_ip,dest_ip,original_class,z_n,s_n,new_class
10.8.8.138,185.2.220.137,tunneling http trafficc,5.791689963475831e-05,6.447745888984546e-94,regular http traffic
185.2.220.137,10.8.8.138,tunneling http trafficc,4.864681596451901e-05,1.0,tunneling http traffic
207.241.227.212,10.8.8.130,tunneling http trafficc,2.2091183777024115e-05,1.611645776154133e-93,regular http traffic
207.241.227.82,10.8.8.130,tunneling http trafficc,2.2615118752712355e-05,1.6222345334572165e-93,regular http traffic
207.241.228.122,10.8.8.130,tunneling http trafficc,2.2455705272318873e-05,1.6303312840648776e-93,regular http traffic
207.241.236.176,10.8.8.130,tunneling http trafficc,2.2455705272318873e-05,1.5911295574937736e-93,regular http traffic
207.241.237.128,10.8.8.130,tunneling http trafficc,2.2091183777024115e-05,1.5535263594141516e-93,regular http traffic
