src_ip,dest_ip,original_class,z_n,s_n,new_class
10.8.8.138,185.2.220.137,tunneling http trafficc,5.766466297844984e-05,1.0562423866567837e-93,regular http traffic
185.2.220.137,10.8.8.138,tunneling http trafficc,3.9204667973238496e-05,1.0,tunneling http traffic
207.241.227.82,10.8.8.130,tunneling http trafficc,2.165831823282095e-05,2.696051206256572e-93,regular http traffic
207.241.228.122,10.8.8.130,tunneling http trafficc,2.2455705272318873e-05,2.6789830448932486e-93,regular http traffic
