src_ip,dest_ip,original_class,z_n,s_n,new_class
10.8.8.138,185.2.220.137,tunneling http trafficc,5.779788440351439e-05,8.72964670952208e-94,regular http traffic
185.2.220.137,10.8.8.138,tunneling http trafficc,3.485263174119341e-05,1.0,tunneling http traffic
207.241.227.82,10.8.8.130,tunneling http trafficc,2.2382595278987968e-05,2.218148640744028e-93,regular http traffic
207.241.228.122,10.8.8.130,tunneling http trafficc,2.1513926836868974e-05,2.1951609901934844e-93,regular http traffic
207.241.236.176,10.8.8.130,tunneling http trafficc,3.991107188908558e-05,2.0768184671896266e-93,regular http traffic
207.241.237.128,10.8.8.130,tunneling http trafficc,1.3730903560883617e-05,2.0455034012868188e-93,regular http traffic
