src_ip,dest_ip,original_class,z_n,s_n,new_class
10.8.8.138,185.2.220.137,tunneling http trafficc,5.785514954321255e-05,7.294436934754276e-94,regular http traffic
185.2.220.137,10.8.8.138,tunneling http trafficc,5.6344102099296575e-05,1.0,tunneling http traffic
207.241.227.212,10.8.8.130,tunneling http trafficc,2.2091183777024115e-05,1.8318334539615377e-93,regular http traffic
207.241.227.82,10.8.8.130,tunneling http trafficc,2.1729527251285402e-05,1.844771927613011e-93,regular http traffic
207.241.228.122,10.8.8.130,tunneling http trafficc,2.1513926836868974e-05,1.8469816025010124e-93,regular http traffic
207.241.236.176,10.8.8.130,tunneling http trafficc,2.1513926836868974e-05,1.8126960977088669e-93,regular http traffic
207.241.237.128,10.8.8.130,tunneling http trafficc,2.2091183777024115e-05,1.7734451049562042e-93,regular http traffic
