src_ip,dest_ip,original_class,z_n,s_n,new_class
10.8.8.138,185.2.220.137,tunneling http trafficc,5.779788440351439e-05,9.334623130374046e-94,regular http traffic
185.2.220.137,10.8.8.138,tunneling http trafficc,5.7160120250611967e-05,1.0,tunneling http traffic
207.241.227.82,10.8.8.130,tunneling http trafficc,2.2675771384571506e-05,2.3744137262302046e-93,regular http traffic
207.241.228.122,10.8.8.130,tunneling http trafficc,2.267576923001055e-05,2.356388889022007e-93,regular http traffic
