src_ip,dest_ip,original_class,z_n,s_n,new_class
10.8.8.138,185.2.220.137,tunneling http trafficc,5.772372439882085e-05,1.0804541765079558e-93,regular http traffic
207.241.227.82,10.8.8.130,tunneling http trafficc,2.245571207207767e-05,2.758815695739919e-93,regular http traffic
207.241.228.122,10.8.8.130,tunneling http trafficc,2.1513926836868974e-05,2.7420631477084453e-93,regular http traffic
