src_ip,dest_ip,original_class,z_n,s_n,new_class
10.8.8.138,185.2.220.137,tunneling http trafficc,5.779788440351439e-05,9.59401977229708e-94,regular http traffic
185.2.220.137,10.8.8.138,tunneling http trafficc,2.1769416744736157e-05,1.0,tunneling http traffic
207.241.227.82,10.8.8.130,tunneling http trafficc,2.260241379131699e-05,2.4422330601553606e-93,regular http traffic
207.241.228.122,10.8.8.130,tunneling http trafficc,2.260230309892013e-05,2.4245739985452412e-93,regular http traffic
