src_ip,dest_ip,original_class,z_n,s_n,new_class
10.8.8.138,185.2.220.137,tunneling http trafficc,5.791689963475831e-05,3.767624496005424e-94,regular http traffic
185.2.220.137,10.8.8.138,tunneling http trafficc,2.3919263586538066e-05,6.151444687126677e-94,regular http traffic
207.241.227.212,10.8.8.130,tunneling http trafficc,2.2455705272318873e-05,9.169513696846878e-94,regular http traffic
207.241.227.82,10.8.8.130,tunneling http trafficc,2.1801629541049194e-05,9.247464838340189e-94,regular http traffic
207.241.228.122,10.8.8.130,tunneling http trafficc,2.1513926836868974e-05,9.455258260301029e-94,regular http traffic
207.241.236.176,10.8.8.130,tunneling http trafficc,2.1513926836868974e-05,9.815020170236077e-94,regular http traffic
207.241.237.128,10.8.8.130,tunneling http trafficc,2.2091183777024115e-05,8.600411668139042e-94,regular http traffic
