src_ip,dest_ip,original_class,z_n,s_n,new_class
10.8.8.138,185.2.220.137,tunneling http trafficc,5.791689963475831e-05,4.0966687621757875e-94,regular http traffic
185.2.220.137,10.8.8.138,tunneling http trafficc,4.439648501781674e-05,6.683071011941041e-94,regular http traffic
207.241.227.212,10.8.8.130,tunneling http trafficc,2.2309557217522685e-05,1.002470824648125e-93,regular http traffic
207.241.227.82,10.8.8.130,tunneling http trafficc,2.2091183777024115e-05,1.0113866590705192e-93,regular http traffic
207.241.228.122,10.8.8.130,tunneling http trafficc,2.2317291502952768e-05,1.031869100662253e-93,regular http traffic
207.241.236.176,10.8.8.130,tunneling http trafficc,4.916879023028629e-05,1.055092250572756e-93,regular http traffic
207.241.237.128,10.8.8.130,tunneling http trafficc,2.260230254253976e-05,9.430823331310284e-94,regular http traffic
