src_ip,dest_ip,original_class,z_n,s_n,new_class
10.8.8.138,185.2.220.137,tunneling http trafficc,5.791689963475831e-05,7.138885019761258e-94,regular http traffic
185.2.220.137,10.8.8.138,tunneling http trafficc,4.842585970347354e-05,1.0,tunneling http traffic
207.241.227.212,10.8.8.130,tunneling http trafficc,2.1947214618685913e-05,1.7913683917127237e-93,regular http traffic
207.241.227.82,10.8.8.130,tunneling http trafficc,2.2091183777024115e-05,1.8038121744830438e-93,regular http traffic
207.241.228.122,10.8.8.130,tunneling http trafficc,2.2615118752712355e-05,1.8060961205353492e-93,regular http traffic
207.241.236.176,10.8.8.130,tunneling http trafficc,2.1513926836868974e-05,1.7737351085368485e-93,regular http traffic
207.241.237.128,10.8.8.130,tunneling http trafficc,2.2455705272318873e-05,1.7342824107374382e-93,regular http traffic
