src_ip,dest_ip,original_class,z_n,s_n,new_class
10.8.8.138,185.2.220.137,tunneling http trafficc,5.791689963475831e-05,1.0251212489973876e-93,regular http traffic
185.2.220.137,10.8.8.138,tunneling http trafficc,4.5989035358382735e-05,1.0,tunneling http traffic
207.241.227.82,10.8.8.130,tunneling http trafficc,2.1453900730668335e-05,2.614520700265725e-93,regular http traffic
207.241.228.122,10.8.8.130,tunneling http trafficc,2.1513926836868974e-05,2.5969067843628097e-93,regular http traffic
