src_ip,dest_ip,original_class,z_n,s_n,new_class
10.8.8.138,185.2.220.137,tunneling http trafficc,5.791689963475831e-05,4.875375091188404e-94,regular http traffic
185.2.220.137,10.8.8.138,tunneling http trafficc,5.482611403503453e-05,7.80803817617052e-94,regular http traffic
207.241.227.212,10.8.8.130,tunneling http trafficc,2.151392665131939e-05,1.205823424366535e-93,regular http traffic
207.241.227.82,10.8.8.130,tunneling http trafficc,2.2455705272318873e-05,1.2160442981826953e-93,regular http traffic
207.241.228.122,10.8.8.130,tunneling http trafficc,2.2091183777024115e-05,1.2296627624783844e-93,regular http traffic
207.241.236.176,10.8.8.130,tunneling http trafficc,2.2455705272318873e-05,1.2512472071261741e-93,regular http traffic
207.241.237.128,10.8.8.130,tunneling http trafficc,2.2091183777024115e-05,1.1456166097876784e-93,regular http traffic
