src_ip,dest_ip,original_class,z_n,s_n,new_class
10.8.8.138,185.2.220.137,tunneling http trafficc,5.791689963475831e-05,8.608644253437977e-94,regular http traffic
185.2.220.137,10.8.8.138,tunneling http trafficc,4.446174949511022e-05,1.0,tunneling http traffic
207.241.227.82,10.8.8.130,tunneling http trafficc,2.1513926836868974e-05,2.1867370421924793e-93,regular http traffic
207.241.228.122,10.8.8.130,tunneling http trafficc,2.1513926836868974e-05,2.1629549937756537e-93,regular http traffic
207.241.236.176,10.8.8.130,tunneling http trafficc,4.0332141673060625e-05,2.055589878184903e-93,regular http traffic
207.241.237.128,10.8.8.130,tunneling http trafficc,4.573574835805225e-05,2.018345372528821e-93,regular http traffic
