src_ip,dest_ip,original_class,z_n,s_n,new_class
10.8.8.138,185.2.220.137,tunneling http trafficc,5.785514954321255e-05,7.24258629642327e-94,regular http traffic
185.2.220.137,10.8.8.138,tunneling http trafficc,4.227889520628054e-05,1.0,tunneling http traffic
207.241.227.212,10.8.8.130,tunneling http trafficc,2.181255402718621e-05,1.8183714663424234e-93,regular http traffic
207.241.227.82,10.8.8.130,tunneling http trafficc,2.2091183777024115e-05,1.8312781447670418e-93,regular http traffic
207.241.228.122,10.8.8.130,tunneling http trafficc,2.172961384202758e-05,1.8332637780023524e-93,regular http traffic
207.241.236.176,10.8.8.130,tunneling http trafficc,2.1513926836868974e-05,1.7987519419953762e-93,regular http traffic
207.241.237.128,10.8.8.130,tunneling http trafficc,2.2164603053236583e-05,1.7596224084224134e-93,regular http traffic
