src_ip,dest_ip,original_class,z_n,s_n,new_class
10.8.8.138,185.2.220.137,tunneling http trafficc,5.785514954321255e-05,7.536314437736834e-94,regular http traffic
185.2.220.137,10.8.8.138,tunneling http trafficc,5.5009559778775214e-05,1.0,tunneling http traffic
207.241.227.212,10.8.8.130,tunneling http trafficc,4.324568130629185e-05,1.8769797875717178e-93,regular http traffic
207.241.227.82,10.8.8.130,tunneling http trafficc,2.1946177219197968e-05,1.9077991677495957e-93,regular http traffic
207.241.228.122,10.8.8.130,tunneling http trafficc,2.2455705272318873e-05,1.9083310805745086e-93,regular http traffic
207.241.236.176,10.8.8.130,tunneling http trafficc,2.2455705272318873e-05,1.876945844276132e-93,regular http traffic
207.241.237.128,10.8.8.130,tunneling http trafficc,2.260230254253976e-05,1.8365518189212318e-93,regular http traffic
