src_ip,dest_ip,original_class,z_n,s_n,new_class
10.8.8.138,185.2.220.137,tunneling http trafficc,5.791689963475831e-05,9.991792226440289e-94,regular http traffic
185.2.220.137,10.8.8.138,tunneling http trafficc,5.733476052548927e-05,1.0,tunneling http traffic
207.241.227.82,10.8.8.130,tunneling http trafficc,2.260230254253976e-05,2.5464690030689947e-93,regular http traffic
207.241.228.122,10.8.8.130,tunneling http trafficc,2.260230309892013e-05,2.5290316940491766e-93,regular http traffic
