src_ip,dest_ip,original_class,z_n,s_n,new_class
10.8.8.138,185.2.220.137,tunneling http trafficc,5.791689963475831e-05,4.2005441863626706e-94,regular http traffic
185.2.220.137,10.8.8.138,tunneling http trafficc,5.21194887725525e-05,6.819399370141354e-94,regular http traffic
207.241.227.212,10.8.8.130,tunneling http trafficc,2.2309557217522685e-05,1.0295581655011313e-93,regular http traffic
207.241.227.82,10.8.8.130,tunneling http trafficc,2.1370791098150686e-05,1.0389267397139263e-93,regular http traffic
207.241.228.122,10.8.8.130,tunneling http trafficc,2.2091183777024115e-05,1.0591102435702146e-93,regular http traffic
207.241.236.176,10.8.8.130,tunneling http trafficc,2.2455705272318873e-05,1.0760069752555615e-93,regular http traffic
207.241.237.128,10.8.8.130,tunneling http trafficc,2.2455714217816715e-05,9.700848816904569e-94,regular http traffic
