src_ip,dest_ip,original_class,z_n,s_n,new_class
10.8.8.138,185.2.220.137,tunneling http trafficc,5.785514954321255e-05,8.038141061804436e-94,regular http traffic
185.2.220.137,10.8.8.138,tunneling http trafficc,3.27712311950611e-05,1.0,tunneling http traffic
207.241.227.212,10.8.8.130,tunneling http trafficc,3.9615775352755896e-05,1.9489234802325046e-93,regular http traffic
207.241.227.82,10.8.8.130,tunneling http trafficc,2.260230254253976e-05,2.037698821642311e-93,regular http traffic
207.241.228.122,10.8.8.130,tunneling http trafficc,2.267577175462333e-05,2.036955653871767e-93,regular http traffic
207.241.236.176,10.8.8.130,tunneling http trafficc,3.145081323206426e-05,1.9655776178085383e-93,regular http traffic
207.241.237.128,10.8.8.130,tunneling http trafficc,5.61201541819207e-05,1.940777938845116e-93,regular http traffic
