src_ip,dest_ip,original_class,z_n,s_n,new_class
207.241.227.82,10.8.8.130,tunneling http trafficc,2.1873858031066552e-05,2.9301116200527733e-93,regular http traffic
207.241.228.122,10.8.8.130,tunneling http trafficc,2.165831823282095e-05,2.9153144103823312e-93,regular http traffic
