src_ip,dest_ip,original_class,z_n,s_n,new_class
10.8.8.138,185.2.220.137,tunneling http trafficc,5.785514954321255e-05,6.482294552692789e-94,regular http traffic
185.2.220.137,10.8.8.138,tunneling http trafficc,3.400272542979906e-05,1.0,tunneling http traffic
207.241.227.212,10.8.8.130,tunneling http trafficc,2.1453900730668335e-05,1.6209860085257814e-93,regular http traffic
207.241.227.82,10.8.8.130,tunneling http trafficc,2.2455706486592394e-05,1.631184620656782e-93,regular http traffic
207.241.228.122,10.8.8.130,tunneling http trafficc,2.2382595278987968e-05,1.639446993115208e-93,regular http traffic
207.241.236.176,10.8.8.130,tunneling http trafficc,2.1513926836868974e-05,1.6002307206774224e-93,regular http traffic
207.241.237.128,10.8.8.130,tunneling http trafficc,2.2455714217816715e-05,1.5626107667534473e-93,regular http traffic
