src_ip,dest_ip,original_class,z_n,s_n,new_class
10.8.8.138,185.2.220.137,tunneling http trafficc,5.7405418454480644e-05,3.7330942608096067e-94,regular http traffic
185.2.220.137,10.8.8.138,tunneling http trafficc,5.237098752989508e-05,6.089937881101757e-94,regular http traffic
207.241.227.212,10.8.8.130,tunneling http trafficc,2.260230309892013e-05,9.078502065010391e-94,regular http traffic
207.241.227.82,10.8.8.130,tunneling http trafficc,2.2383503947499547e-05,9.157355428421736e-94,regular http traffic
207.241.228.122,10.8.8.130,tunneling http trafficc,2.1513926836868974e-05,9.362297222211091e-94,regular http traffic
207.241.236.176,10.8.8.130,tunneling http trafficc,2.2309557217522685e-05,9.724297521899111e-94,regular http traffic
207.241.237.128,10.8.8.130,tunneling http trafficc,2.181255402718621e-05,8.508665221846105e-94,regular http traffic
