src_ip,dest_ip,original_class,z_n,s_n,new_class
10.8.8.138,185.2.220.137,tunneling http trafficc,5.791689963475831e-05,4.04458869078263e-94,regular http traffic
185.2.220.137,10.8.8.138,tunneling http trafficc,3.8250436494743414e-05,6.601381255872459e-94,regular http traffic
207.241.227.212,10.8.8.130,tunneling http trafficc,2.2091184879405387e-05,9.889945078060282e-94,regular http traffic
207.241.227.82,10.8.8.130,tunneling http trafficc,2.216386206458211e-05,9.977743592106952e-94,regular http traffic
207.241.228.122,10.8.8.130,tunneling http trafficc,2.2309557217522685e-05,1.0183356024059565e-93,regular http traffic
207.241.236.176,10.8.8.130,tunneling http trafficc,2.9298396402386525e-05,1.0466274361139358e-93,regular http traffic
207.241.237.128,10.8.8.130,tunneling http trafficc,2.1729527251285402e-05,9.298096491314835e-94,regular http traffic
