src_ip,dest_ip,original_class,z_n,s_n,new_class
10.8.8.138,185.2.220.137,tunneling http trafficc,5.791689963475831e-05,5.428561073518325e-94,regular http traffic
185.2.220.137,10.8.8.138,tunneling http trafficc,5.7630076263927786e-05,8.74878753029003e-94,regular http traffic
207.241.227.212,10.8.8.130,tunneling http trafficc,2.2455706486592394e-05,1.3451713015241568e-93,regular http traffic
207.241.227.82,10.8.8.130,tunneling http trafficc,2.238260194411134e-05,1.3607783188803008e-93,regular http traffic
207.241.228.122,10.8.8.130,tunneling http trafficc,2.1370783163103386e-05,1.3724220280856633e-93,regular http traffic
207.241.236.176,10.8.8.130,tunneling http trafficc,2.1513926836868974e-05,1.392237690129503e-93,regular http traffic
207.241.237.128,10.8.8.130,tunneling http trafficc,2.274941584972889e-05,1.2869769877851207e-93,regular http traffic
