src_ip,dest_ip,original_class,z_n,s_n,new_class
10.8.8.138,185.2.220.137,tunneling http trafficc,5.763025135427201e-05,8.141915133876223e-94,regular http traffic
185.2.220.137,10.8.8.138,tunneling http trafficc,5.7797990766990404e-05,1.0,tunneling http traffic
207.241.227.212,10.8.8.130,tunneling http trafficc,4.0243240608246286e-05,1.964459963475119e-93,regular http traffic
207.241.227.82,10.8.8.130,tunneling http trafficc,2.2675769433355316e-05,2.06450726757442e-93,regular http traffic
207.241.228.122,10.8.8.130,tunneling http trafficc,2.2615118752712355e-05,2.061839050314674e-93,regular http traffic
207.241.236.176,10.8.8.130,tunneling http trafficc,3.3157764691747025e-05,1.984307625628036e-93,regular http traffic
207.241.237.128,10.8.8.130,tunneling http trafficc,3.990739533950253e-05,1.95468215842651e-93,regular http traffic
