src_ip,dest_ip,original_class,z_n,s_n,new_class
10.8.8.138,185.2.220.137,tunneling http trafficc,5.763025135427201e-05,7.916739937828412e-94,regular http traffic
185.2.220.137,10.8.8.138,tunneling http trafficc,2.4799295751551068e-05,1.0,tunneling http traffic
207.241.227.212,10.8.8.130,tunneling http trafficc,4.0243240608246286e-05,1.933391347820907e-93,regular http traffic
207.241.227.82,10.8.8.130,tunneling http trafficc,2.2382595278987968e-05,2.006059689815949e-93,regular http traffic
207.241.228.122,10.8.8.130,tunneling http trafficc,2.1801933009816498e-05,2.0055174874438614e-93,regular http traffic
207.241.236.176,10.8.8.130,tunneling http trafficc,4.0243240608246286e-05,1.9448988793761746e-93,regular http traffic
207.241.237.128,10.8.8.130,tunneling http trafficc,4.4014391564621766e-05,1.9254062938965463e-93,regular http traffic
