src_ip,dest_ip,original_class,z_n,s_n,new_class
10.8.8.138,185.2.220.137,tunneling http trafficc,5.785514954321255e-05,6.413197225276302e-94,regular http traffic
185.2.220.137,10.8.8.138,tunneling http trafficc,3.640101025064702e-05,1.0,tunneling http traffic
207.241.227.212,10.8.8.130,tunneling http trafficc,2.260230254253976e-05,1.6027236687249602e-93,regular http traffic
207.241.227.82,10.8.8.130,tunneling http trafficc,2.1442311467718325e-05,1.6134029190827097e-93,regular http traffic
207.241.228.122,10.8.8.130,tunneling http trafficc,2.2031853890642855e-05,1.6212301208812288e-93,regular http traffic
207.241.236.176,10.8.8.130,tunneling http trafficc,2.1513926836868974e-05,1.582028394310125e-93,regular http traffic
207.241.237.128,10.8.8.130,tunneling http trafficc,2.2675769433355316e-05,1.5445898730446027e-93,regular http traffic
