src_ip,dest_ip,original_class,z_n,s_n,new_class
10.8.8.138,185.2.220.137,tunneling http trafficc,5.791689963475831e-05,1.0666188807276916e-93,regular http traffic
185.2.220.137,10.8.8.138,tunneling http trafficc,3.644241453649164e-05,1.0,tunneling http traffic
207.241.227.82,10.8.8.130,tunneling http trafficc,2.2675773871510522e-05,2.7228034070503786e-93,regular http traffic
207.241.228.122,10.8.8.130,tunneling http trafficc,2.2455705272318873e-05,2.7060483762245393e-93,regular http traffic
