src_ip,dest_ip,original_class,z_n,s_n,new_class
10.8.8.138,185.2.220.137,tunneling http trafficc,5.791689963475831e-05,8.937083442831663e-94,regular http traffic
185.2.220.137,10.8.8.138,tunneling http trafficc,1.846479259302668e-05,1.0,tunneling http traffic
207.241.227.82,10.8.8.130,tunneling http trafficc,2.172953712811901e-05,2.272822364995745e-93,regular http traffic
207.241.228.122,10.8.8.130,tunneling http trafficc,2.1513926836868974e-05,2.250771845039008e-93,regular http traffic
207.241.236.176,10.8.8.130,tunneling http trafficc,4.0794208035050716e-05,2.1058162368260183e-93,regular http traffic
207.241.237.128,10.8.8.130,tunneling http trafficc,2.6690210046594034e-05,2.0748907759965285e-93,regular http traffic
