src_ip,dest_ip,original_class,z_n,s_n,new_class
10.8.8.138,185.2.220.137,tunneling http trafficc,5.785514954321255e-05,7.27715338864394e-94,regular http traffic
185.2.220.137,10.8.8.138,tunneling http trafficc,5.7412064722440676e-05,1.0,tunneling http traffic
207.241.227.212,10.8.8.130,tunneling http trafficc,2.2309557217522685e-05,1.8273068612768294e-93,regular http traffic
207.241.227.82,10.8.8.130,tunneling http trafficc,2.2382662685616648e-05,1.8401699946813427e-93,regular http traffic
207.241.228.122,10.8.8.130,tunneling http trafficc,2.2615118752712355e-05,1.8423335505965155e-93,regular http traffic
207.241.236.176,10.8.8.130,tunneling http trafficc,2.1513926836868974e-05,1.80804804580437e-93,regular http traffic
207.241.237.128,10.8.8.130,tunneling http trafficc,2.1513926836868974e-05,1.7689185122714959e-93,regular http traffic
