src_ip,dest_ip,original_class,z_n,s_n,new_class
10.8.8.138,185.2.220.137,tunneling http trafficc,5.779788440351439e-05,1.0545083223552014e-93,regular http traffic
185.2.220.137,10.8.8.138,tunneling http trafficc,5.802091480565688e-05,1.0,tunneling http traffic
207.241.227.82,10.8.8.130,tunneling http trafficc,2.2091183777024115e-05,2.6914341425910913e-93,regular http traffic
207.241.228.122,10.8.8.130,tunneling http trafficc,2.1513926836868974e-05,2.6745299336140965e-93,regular http traffic
