src_ip,dest_ip,original_class,z_n,s_n,new_class
10.8.8.138,185.2.220.137,tunneling http trafficc,5.762424710078242e-05,5.290334015908752e-94,regular http traffic
185.2.220.137,10.8.8.138,tunneling http trafficc,3.138598759414591e-05,8.543958184675102e-94,regular http traffic
207.241.227.212,10.8.8.130,tunneling http trafficc,2.1513926836868974e-05,1.3089184697099307e-93,regular http traffic
207.241.227.82,10.8.8.130,tunneling http trafficc,2.2309557217522685e-05,1.3247650834318242e-93,regular http traffic
207.241.228.122,10.8.8.130,tunneling http trafficc,2.137083041450461e-05,1.336109659643014e-93,regular http traffic
207.241.236.176,10.8.8.130,tunneling http trafficc,2.2455705272318873e-05,1.356532545701757e-93,regular http traffic
207.241.237.128,10.8.8.130,tunneling http trafficc,2.2455705272318873e-05,1.252383638373314e-93,regular http traffic
