src_ip,dest_ip,original_class,z_n,s_n,new_class
10.8.8.138,185.2.220.137,tunneling http trafficc,5.791689963475831e-05,3.4906998118251116e-94,regular http traffic
185.2.220.137,10.8.8.138,tunneling http trafficc,4.960036211250322e-05,5.736397604798616e-94,regular http traffic
207.241.227.212,10.8.8.130,tunneling http trafficc,2.1513926836868974e-05,8.444409987001984e-94,regular http traffic
207.241.227.82,10.8.8.130,tunneling http trafficc,2.2091183777024115e-05,8.525352481187806e-94,regular http traffic
207.241.228.122,10.8.8.130,tunneling http trafficc,2.2675773871510522e-05,8.744548340292019e-94,regular http traffic
207.241.236.176,10.8.8.130,tunneling http trafficc,2.2455705272318873e-05,9.093487112776255e-94,regular http traffic
207.241.237.128,10.8.8.130,tunneling http trafficc,2.260230254253976e-05,7.878300321192601e-94,regular http traffic
