src_ip,dest_ip,original_class,z_n,s_n,new_class
10.8.8.138,185.2.220.137,tunneling http trafficc,5.791689963475831e-05,6.465011006582454e-94,regular http traffic
185.2.220.137,10.8.8.138,tunneling http trafficc,2.5784680418587453e-05,1.0,tunneling http traffic
207.241.227.212,10.8.8.130,tunneling http trafficc,2.137083041450461e-05,1.616324951505648e-93,regular http traffic
207.241.227.82,10.8.8.130,tunneling http trafficc,2.2236670319796095e-05,1.6267315096184337e-93,regular http traffic
207.241.228.122,10.8.8.130,tunneling http trafficc,2.1513926836868974e-05,1.6349793359693745e-93,regular http traffic
207.241.236.176,10.8.8.130,tunneling http trafficc,2.2455705272318873e-05,1.5955826687729255e-93,regular http traffic
207.241.237.128,10.8.8.130,tunneling http trafficc,2.1591753414705742e-05,1.5581576572482846e-93,regular http traffic
