src_ip,dest_ip,original_class,z_n,s_n,new_class
10.8.8.138,185.2.220.137,tunneling http trafficc,5.791689963475831e-05,8.867927943118326e-94,regular http traffic
185.2.220.137,10.8.8.138,tunneling http trafficc,2.3556432079692557e-05,1.0,tunneling http traffic
207.241.227.82,10.8.8.130,tunneling http trafficc,2.2163875512504686e-05,2.254565319782503e-93,regular http traffic
207.241.228.122,10.8.8.130,tunneling http trafficc,2.1513926836868974e-05,2.2321796374210205e-93,regular http traffic
207.241.236.176,10.8.8.130,tunneling http trafficc,3.98229937336698e-05,2.0958673383635435e-93,regular http traffic
207.241.237.128,10.8.8.130,tunneling http trafficc,5.285775207656703e-05,2.064227422411556e-93,regular http traffic
