src_ip,dest_ip,original_class,z_n,s_n,new_class
207.241.227.82,10.8.8.130,tunneling http trafficc,2.245571207207767e-05,2.9073110637109794e-93,regular http traffic
207.241.228.122,10.8.8.130,tunneling http trafficc,2.2455705272318873e-05,2.892421539773721e-93,regular http traffic
