src_ip,dest_ip,original_class,z_n,s_n,new_class
10.8.8.138,185.2.220.137,tunneling http trafficc,5.766466297844984e-05,8.003592398096193e-94,regular http traffic
185.2.220.137,10.8.8.138,tunneling http trafficc,3.8811689848738726e-05,1.0,tunneling http traffic
207.241.227.212,10.8.8.130,tunneling http trafficc,5.2806770136157045e-05,1.9446377229679865e-93,regular http traffic
207.241.227.82,10.8.8.130,tunneling http trafficc,2.274941584972889e-05,2.028748001183643e-93,regular http traffic
207.241.228.122,10.8.8.130,tunneling http trafficc,2.2602439682632877e-05,2.027974198292944e-93,regular http traffic
207.241.236.176,10.8.8.130,tunneling http trafficc,3.9179182750507685e-05,1.9593686585205677e-93,regular http traffic
207.241.237.128,10.8.8.130,tunneling http trafficc,5.6737782284483965e-05,1.937017788211213e-93,regular http traffic
