src_ip,dest_ip,original_class,z_n,s_n,new_class
207.241.227.82,10.8.8.130,tunneling http trafficc,2.158588441046593e-05,2.8850885332824034e-93,regular http traffic
207.241.228.122,10.8.8.130,tunneling http trafficc,2.201888563043079e-05,2.8696636809293526e-93,regular http traffic
