src_ip,dest_ip,original_class,z_n,s_n,new_class
10.8.8.138,185.2.220.137,tunneling http trafficc,5.785514954321255e-05,5.272981209996962e-94,regular http traffic
185.2.220.137,10.8.8.138,tunneling http trafficc,2.2673730157811557e-05,8.512097832630646e-94,regular http traffic
207.241.227.212,10.8.8.130,tunneling http trafficc,2.2455729246758426e-05,1.3042704178054338e-93,regular http traffic
207.241.227.82,10.8.8.130,tunneling http trafficc,2.2455705272318873e-05,1.3202827995357664e-93,regular http traffic
207.241.228.122,10.8.8.130,tunneling http trafficc,2.1513926836868974e-05,1.331430484291499e-93,regular http traffic
207.241.236.176,10.8.8.130,tunneling http trafficc,2.2455705272318873e-05,1.3520794344226052e-93,regular http traffic
207.241.237.128,10.8.8.130,tunneling http trafficc,2.2309557217522685e-05,1.247930527094162e-93,regular http traffic
