src_ip,dest_ip,original_class,z_n,s_n,new_class
10.8.8.138,185.2.220.137,tunneling http trafficc,5.791689963475831e-05,4.5640719285433535e-94,regular http traffic
185.2.220.137,10.8.8.138,tunneling http trafficc,4.0540359891422986e-05,7.368369889277172e-94,regular http traffic
207.241.227.212,10.8.8.130,tunneling http trafficc,2.216386206458211e-05,1.1245514270301758e-93,regular http traffic
207.241.227.82,10.8.8.130,tunneling http trafficc,2.2455705272318873e-05,1.1337324888336353e-93,regular http traffic
207.241.228.122,10.8.8.130,tunneling http trafficc,2.1442340277201133e-05,1.1551310640596957e-93,regular http traffic
207.241.236.176,10.8.8.130,tunneling http trafficc,2.2455705272318873e-05,1.1707590896271776e-93,regular http traffic
207.241.237.128,10.8.8.130,tunneling http trafficc,2.2091183777024115e-05,1.0644367517442251e-93,regular http traffic
