src_ip,dest_ip,original_class,z_n,s_n,new_class
10.8.8.138,185.2.220.137,tunneling http trafficc,5.811841154905097e-05,5.998644052833557e-94,regular http traffic
185.2.220.137,10.8.8.138,tunneling http trafficc,4.9732568897418354e-05,1.0,tunneling http traffic
207.241.227.212,10.8.8.130,tunneling http trafficc,2.267576923001055e-05,1.4938313206410901e-93,regular http traffic
207.241.227.82,10.8.8.130,tunneling http trafficc,2.267576923001055e-05,1.5052804200000139e-93,regular http traffic
207.241.228.122,10.8.8.130,tunneling http trafficc,2.267576923001055e-05,1.521870132656777e-93,regular http traffic
207.241.236.176,10.8.8.130,tunneling http trafficc,3.939047465717483e-05,1.5057432434252567e-93,regular http traffic
207.241.237.128,10.8.8.130,tunneling http trafficc,2.2163870186651155e-05,1.435977091033923e-93,regular http traffic
