src_ip,dest_ip,original_class,z_n,s_n,new_class
10.8.8.138,185.2.220.137,tunneling http trafficc,5.738416033856095e-05,3.97540379583931e-94,regular http traffic
185.2.220.137,10.8.8.138,tunneling http trafficc,5.41040179366908e-05,6.493220697608319e-94,regular http traffic
207.241.227.212,10.8.8.130,tunneling http trafficc,2.216386206458211e-05,9.70976755096273e-94,regular http traffic
207.241.227.82,10.8.8.130,tunneling http trafficc,2.1370783163103386e-05,9.79813795156651e-94,regular http traffic
207.241.228.122,10.8.8.130,tunneling http trafficc,2.2675769433355316e-05,1.000450585400161e-93,regular http traffic
207.241.236.176,10.8.8.130,tunneling http trafficc,1.8304024718355468e-05,1.0330857511756919e-93,regular http traffic
207.241.237.128,10.8.8.130,tunneling http trafficc,2.2091183777024115e-05,9.115958384951253e-94,regular http traffic
