src_ip,dest_ip,original_class,z_n,s_n,new_class
10.8.8.138,185.2.220.137,tunneling http trafficc,5.791689963475831e-05,8.591379135840069e-94,regular http traffic
185.2.220.137,10.8.8.138,tunneling http trafficc,5.5820611070265505e-05,1.0,tunneling http traffic
207.241.227.82,10.8.8.130,tunneling http trafficc,2.2091183777024115e-05,2.1820889902879824e-93,regular http traffic
207.241.228.122,10.8.8.130,tunneling http trafficc,2.260230309892013e-05,2.1583069418711567e-93,regular http traffic
207.241.236.176,10.8.8.130,tunneling http trafficc,4.032530857018168e-05,2.0531105660869635e-93,regular http traffic
207.241.237.128,10.8.8.130,tunneling http trafficc,5.775366365853088e-05,2.0161589990679054e-93,regular http traffic
