src_ip,dest_ip,original_class,z_n,s_n,new_class
10.8.8.138,185.2.220.137,tunneling http trafficc,5.78220976600014e-05,7.829986713765164e-94,regular http traffic
185.2.220.137,10.8.8.138,tunneling http trafficc,5.763025135427201e-05,1.0,tunneling http traffic
207.241.227.212,10.8.8.130,tunneling http trafficc,3.9753487285169494e-05,1.9203903314442242e-93,regular http traffic
207.241.227.82,10.8.8.130,tunneling http trafficc,2.22366565353994e-05,1.9836856656630368e-93,regular http traffic
207.241.228.122,10.8.8.130,tunneling http trafficc,2.2236661728647005e-05,1.982715374858537e-93,regular http traffic
207.241.236.176,10.8.8.130,tunneling http trafficc,5.230418335466189e-05,1.929219358795621e-93,regular http traffic
207.241.237.128,10.8.8.130,tunneling http trafficc,3.9575211809220404e-05,1.911910750289144e-93,regular http traffic
