src_ip,dest_ip,original_class,z_n,s_n,new_class
207.241.227.82,10.8.8.130,tunneling http trafficc,2.2382588410461784e-05,2.8940238476146724e-93,regular http traffic
207.241.228.122,10.8.8.130,tunneling http trafficc,2.260230309892013e-05,2.878672324685575e-93,regular http traffic
