src_ip,dest_ip,original_class,z_n,s_n,new_class
10.8.8.138,185.2.220.137,tunneling http trafficc,5.785514954321255e-05,7.156168565871593e-94,regular http traffic
185.2.220.137,10.8.8.138,tunneling http trafficc,2.7845710193429193e-05,1.0,tunneling http traffic
207.241.227.212,10.8.8.130,tunneling http trafficc,2.2091183777024115e-05,1.795894984397432e-93,regular http traffic
207.241.227.82,10.8.8.130,tunneling http trafficc,2.2455705272318873e-05,1.8082652857621956e-93,regular http traffic
207.241.228.122,10.8.8.130,tunneling http trafficc,2.267576923001055e-05,1.8105060142597365e-93,regular http traffic
207.241.236.176,10.8.8.130,tunneling http trafficc,2.1513926836868974e-05,1.7783831604413454e-93,regular http traffic
207.241.237.128,10.8.8.130,tunneling http trafficc,2.172961384202758e-05,1.73888432533038e-93,regular http traffic
