src_ip,dest_ip,original_class,z_n,s_n,new_class
10.8.8.138,185.2.220.137,tunneling http trafficc,5.785514954321255e-05,6.741455601785682e-94,regular http traffic
185.2.220.137,10.8.8.138,tunneling http trafficc,5.787466802309967e-05,1.0,tunneling http traffic
207.241.227.212,10.8.8.130,tunneling http trafficc,2.245571207207767e-05,1.6884073108412545e-93,regular http traffic
207.241.227.82,10.8.8.130,tunneling http trafficc,2.2091183777024115e-05,1.6992637497724343e-93,regular http traffic
207.241.228.122,10.8.8.130,tunneling http trafficc,2.260230254253976e-05,1.7050248829865726e-93,regular http traffic
207.241.236.176,10.8.8.130,tunneling http trafficc,2.2091184879405387e-05,1.6683760131024542e-93,regular http traffic
207.241.237.128,10.8.8.130,tunneling http trafficc,2.2455705272318873e-05,1.6305380936216495e-93,regular http traffic
