src_ip,dest_ip,original_class,z_n,s_n,new_class
10.8.8.138,185.2.220.137,tunneling http trafficc,5.811841154905097e-05,7.657184108772586e-94,regular http traffic
185.2.220.137,10.8.8.138,tunneling http trafficc,3.367537610280818e-05,1.0,tunneling http traffic
207.241.227.212,10.8.8.130,tunneling http trafficc,3.9615775352755896e-05,1.893935366144162e-93,regular http traffic
207.241.227.82,10.8.8.130,tunneling http trafficc,2.2675769433355316e-05,1.9389145538055935e-93,regular http traffic
207.241.228.122,10.8.8.130,tunneling http trafficc,2.1513969170068715e-05,1.940156226449468e-93,regular http traffic
207.241.236.176,10.8.8.130,tunneling http trafficc,4.054193983380702e-05,1.9062804964098572e-93,regular http traffic
207.241.237.128,10.8.8.130,tunneling http trafficc,2.2091183777024115e-05,1.8684838167057652e-93,regular http traffic
