src_ip,dest_ip,original_class,z_n,s_n,new_class
10.8.8.138,185.2.220.137,tunneling http trafficc,5.791689963475831e-05,7.639978857373991e-94,regular http traffic
185.2.220.137,10.8.8.138,tunneling http trafficc,4.8061330634256335e-05,1.0,tunneling http traffic
207.241.227.212,10.8.8.130,tunneling http trafficc,3.926857605309859e-05,1.8914112191968396e-93,regular http traffic
207.241.227.82,10.8.8.130,tunneling http trafficc,2.2091217310906668e-05,1.9345046601207527e-93,regular http traffic
207.241.228.122,10.8.8.130,tunneling http trafficc,2.1585696796837105e-05,1.935508183691175e-93,regular http traffic
207.241.236.176,10.8.8.130,tunneling http trafficc,2.230956801583335e-05,1.9038140148794734e-93,regular http traffic
207.241.237.128,10.8.8.130,tunneling http trafficc,2.2091183777024115e-05,1.863957224021057e-93,regular http traffic
