src_ip,dest_ip,original_class,z_n,s_n,new_class
10.8.8.138,185.2.220.137,tunneling http trafficc,5.781722593954075e-05,8.988908561455814e-94,regular http traffic
185.2.220.137,10.8.8.138,tunneling http trafficc,3.932037129187379e-05,1.0,tunneling http traffic
207.241.227.82,10.8.8.130,tunneling http trafficc,2.2091184879405387e-05,2.28634473831474e-93,regular http traffic
207.241.228.122,10.8.8.130,tunneling http trafficc,2.1513926836868974e-05,2.264716000752499e-93,regular http traffic
207.241.236.176,10.8.8.130,tunneling http trafficc,4.0538575369429405e-05,2.113252790448629e-93,regular http traffic
207.241.237.128,10.8.8.130,tunneling http trafficc,1.7208261152485256e-05,2.0900526355678297e-93,regular http traffic
