src_ip,dest_ip,original_class,z_n,s_n,new_class
10.8.8.138,185.2.220.137,tunneling http trafficc,5.791689963475831e-05,6.603260946952709e-94,regular http traffic
185.2.220.137,10.8.8.138,tunneling http trafficc,5.766648633041326e-05,1.0,tunneling http traffic
207.241.227.212,10.8.8.130,tunneling http trafficc,2.274935182815151e-05,1.6528317046903953e-93,regular http traffic
207.241.227.82,10.8.8.130,tunneling http trafficc,2.2455765213363585e-05,1.6629081576118069e-93,regular http traffic
207.241.228.122,10.8.8.130,tunneling http trafficc,2.1442311467718325e-05,1.6692826207295886e-93,regular http traffic
207.241.236.176,10.8.8.130,tunneling http trafficc,2.2455705272318873e-05,1.632092923473941e-93,regular http traffic
207.241.237.128,10.8.8.130,tunneling http trafficc,2.1664272073957308e-05,1.5942415942807857e-93,regular http traffic
