src_ip,dest_ip,original_class,z_n,s_n,new_class
10.8.8.138,185.2.220.137,tunneling http trafficc,5.785514954321255e-05,7.208019204202599e-94,regular http traffic
185.2.220.137,10.8.8.138,tunneling http trafficc,3.72081111011584e-05,1.0,tunneling http traffic
207.241.227.212,10.8.8.130,tunneling http trafficc,2.2675773871510522e-05,1.8093628224772911e-93,regular http traffic
207.241.227.82,10.8.8.130,tunneling http trafficc,2.1513926836868974e-05,1.8220879731096942e-93,regular http traffic
207.241.228.122,10.8.8.130,tunneling http trafficc,2.2455705272318873e-05,1.8242401427197445e-93,regular http traffic
207.241.236.176,10.8.8.130,tunneling http trafficc,2.1513926836868974e-05,1.7894558381863824e-93,regular http traffic
207.241.237.128,10.8.8.130,tunneling http trafficc,2.17295447303548e-05,1.752558534355646e-93,regular http traffic
