src_ip,dest_ip,original_class,z_n,s_n,new_class
10.8.8.138,185.2.220.137,tunneling http trafficc,5.791689963475831e-05,7.398101354391433e-94,regular http traffic
185.2.220.137,10.8.8.138,tunneling http trafficc,5.628470877018521e-05,1.0,tunneling http traffic
207.241.227.212,10.8.8.130,tunneling http trafficc,2.260230254253976e-05,1.858674936514082e-93,regular http traffic
207.241.227.82,10.8.8.130,tunneling http trafficc,2.260241379131699e-05,1.8718448385914694e-93,regular http traffic
207.241.228.122,10.8.8.130,tunneling http trafficc,2.238260194411134e-05,1.874477113856932e-93,regular http traffic
207.241.236.176,10.8.8.130,tunneling http trafficc,2.2455705272318873e-05,1.8403894685105032e-93,regular http traffic
207.241.237.128,10.8.8.130,tunneling http trafficc,2.260230254253976e-05,1.800508991606101e-93,regular http traffic
