src_ip,dest_ip,original_class,z_n,s_n,new_class
10.8.8.138,185.2.220.137,tunneling http trafficc,5.791689963475831e-05,7.467180253295493e-94,regular http traffic
185.2.220.137,10.8.8.138,tunneling http trafficc,4.543228986824322e-05,1.0,tunneling http traffic
207.241.227.212,10.8.8.130,tunneling http trafficc,5.62100224847212e-05,1.8675547501782849e-93,regular http traffic
207.241.227.82,10.8.8.130,tunneling http trafficc,2.216395703552598e-05,1.8898387414462503e-93,regular http traffic
207.241.228.122,10.8.8.130,tunneling http trafficc,2.1513926836868974e-05,1.8902364166777246e-93,regular http traffic
207.241.236.176,10.8.8.130,tunneling http trafficc,2.1513926836868974e-05,1.8587435179088345e-93,regular http traffic
207.241.237.128,10.8.8.130,tunneling http trafficc,2.2091183777024115e-05,1.8186021997378865e-93,regular http traffic
