src_ip,dest_ip,original_class,z_n,s_n,new_class
10.8.8.138,185.2.220.137,tunneling http trafficc,5.738416033856095e-05,4.2352347156062336e-94,regular http traffic
185.2.220.137,10.8.8.138,tunneling http trafficc,5.5472556649023107e-05,6.878579065129444e-94,regular http traffic
207.241.227.212,10.8.8.130,tunneling http trafficc,2.2309557217522685e-05,1.0385521984471703e-93,regular http traffic
207.241.227.82,10.8.8.130,tunneling http trafficc,2.2675771384571506e-05,1.0479210488845777e-93,regular http traffic
207.241.228.122,10.8.8.130,tunneling http trafficc,2.151392756263616e-05,1.0682848877767272e-93,regular http traffic
207.241.236.176,10.8.8.130,tunneling http trafficc,2.260230309892013e-05,1.0850792459047935e-93,regular http traffic
207.241.237.128,10.8.8.130,tunneling http trafficc,2.2615118752712355e-05,9.790331950648313e-94,regular http traffic
