src_ip,dest_ip,original_class,z_n,s_n,new_class
10.8.8.138,185.2.220.137,tunneling http trafficc,5.791689963475831e-05,6.637791182148525e-94,regular http traffic
185.2.220.137,10.8.8.138,tunneling http trafficc,1.6314150503801987e-05,1.0,tunneling http traffic
207.241.227.212,10.8.8.130,tunneling http trafficc,2.2163870186651155e-05,1.6617390817216316e-93,regular http traffic
207.241.227.82,10.8.8.130,tunneling http trafficc,2.1946174563661736e-05,1.6720362276226592e-93,regular http traffic
207.241.228.122,10.8.8.130,tunneling http trafficc,2.2031853890642855e-05,1.678347989221421e-93,regular http traffic
207.241.236.176,10.8.8.130,tunneling http trafficc,2.1513926836868974e-05,1.6411940866575897e-93,regular http traffic
207.241.237.128,10.8.8.130,tunneling http trafficc,2.2455706486592394e-05,1.6032966345489644e-93,regular http traffic
