src_ip,dest_ip,original_class,z_n,s_n,new_class
10.8.8.138,185.2.220.137,tunneling http trafficc,5.761552995223447e-05,1.0112912598667554e-93,regular http traffic
185.2.220.137,10.8.8.138,tunneling http trafficc,1.5321825197675946e-05,1.0,tunneling http traffic
207.241.227.82,10.8.8.130,tunneling http trafficc,2.180178117951685e-05,2.5783240456985175e-93,regular http traffic
207.241.228.122,10.8.8.130,tunneling http trafficc,2.2602377414688187e-05,2.5607402907110045e-93,regular http traffic
