src_ip,dest_ip,original_class,z_n,s_n,new_class
207.241.227.82,10.8.8.130,tunneling http trafficc,2.2383679832156846e-05,2.8216835238316486e-93,regular http traffic
207.241.228.122,10.8.8.130,tunneling http trafficc,2.22366565353994e-05,2.8058262848630097e-93,regular http traffic
