src_ip,dest_ip,original_class,z_n,s_n,new_class
10.8.8.138,185.2.220.137,tunneling http trafficc,5.791689963475831e-05,4.702440024149069e-94,regular http traffic
185.2.220.137,10.8.8.138,tunneling http trafficc,2.895363436955961e-05,7.55109958053649e-94,regular http traffic
207.241.227.212,10.8.8.130,tunneling http trafficc,2.2455705272318873e-05,1.1605890415930937e-93,regular http traffic
207.241.227.82,10.8.8.130,tunneling http trafficc,2.180174627307801e-05,1.17040432065279e-93,regular http traffic
207.241.228.122,10.8.8.130,tunneling http trafficc,2.2091183777024115e-05,1.1914074481454375e-93,regular http traffic
207.241.236.176,10.8.8.130,tunneling http trafficc,2.2455705272318873e-05,1.206355096472179e-93,regular http traffic
207.241.237.128,10.8.8.130,tunneling http trafficc,2.260230254253976e-05,1.1002256352364966e-93,regular http traffic
