src_ip,dest_ip,original_class,z_n,s_n,new_class
10.8.8.138,185.2.220.137,tunneling http trafficc,5.785514954321255e-05,4.581355474653689e-94,regular http traffic
185.2.220.137,10.8.8.138,tunneling http trafficc,5.6522740793170145e-05,7.386060883436819e-94,regular http traffic
207.241.227.212,10.8.8.130,tunneling http trafficc,2.216386206458211e-05,1.1290631760801571e-93,regular http traffic
207.241.227.82,10.8.8.130,tunneling http trafficc,2.2455705272318873e-05,1.1381856001127872e-93,regular http traffic
207.241.228.122,10.8.8.130,tunneling http trafficc,2.1946202418876395e-05,1.1596875610549912e-93,regular http traffic
207.241.236.176,10.8.8.130,tunneling http trafficc,2.2455705272318873e-05,1.1752122009063295e-93,regular http traffic
207.241.237.128,10.8.8.130,tunneling http trafficc,2.2091183777024115e-05,1.0689633444289334e-93,regular http traffic
