src_ip,dest_ip,original_class,z_n,s_n,new_class
10.8.8.138,185.2.220.137,tunneling http trafficc,5.785514954321255e-05,6.51686164491346e-94,regular http traffic
185.2.220.137,10.8.8.138,tunneling http trafficc,2.635134747432763e-05,1.0,tunneling http traffic
207.241.227.212,10.8.8.130,tunneling http trafficc,2.158568134386399e-05,1.6301155840116645e-93,regular http traffic
207.241.227.82,10.8.8.130,tunneling http trafficc,2.238260194411134e-05,1.6403003280314383e-93,regular http traffic
207.241.228.122,10.8.8.130,tunneling http trafficc,2.1453900730668335e-05,1.646193669005947e-93,regular http traffic
207.241.236.176,10.8.8.130,tunneling http trafficc,2.2455705272318873e-05,1.609331883861071e-93,regular http traffic
207.241.237.128,10.8.8.130,tunneling http trafficc,2.2455729246758426e-05,1.5716658025080419e-93,regular http traffic
