src_ip,dest_ip,original_class,z_n,s_n,new_class
10.8.8.138,185.2.220.137,tunneling http trafficc,5.791689963475831e-05,4.9963719523699e-94,regular http traffic
185.2.220.137,10.8.8.138,tunneling http trafficc,5.729856009012356e-05,7.98316226059712e-94,regular http traffic
207.241.227.212,10.8.8.130,tunneling http trafficc,2.2091187826248355e-05,1.2370541966028487e-93,regular http traffic
207.241.227.82,10.8.8.130,tunneling http trafficc,2.1513926836868974e-05,1.2478461363701328e-93,regular http traffic
207.241.228.122,10.8.8.130,tunneling http trafficc,2.2091183777024115e-05,1.2614140871881455e-93,regular http traffic
207.241.236.176,10.8.8.130,tunneling http trafficc,5.5738895876074524e-05,1.2802083711494537e-93,regular http traffic
207.241.237.128,10.8.8.130,tunneling http trafficc,2.2091183777024115e-05,1.1770693597982754e-93,regular http traffic
