src_ip,dest_ip,original_class,z_n,s_n,new_class
10.8.8.138,185.2.220.137,tunneling http trafficc,5.761552995223447e-05,1.0631574650879747e-93,regular http traffic
185.2.220.137,10.8.8.138,tunneling http trafficc,4.621246399315762e-05,1.0,tunneling http traffic
207.241.227.82,10.8.8.130,tunneling http trafficc,2.2675773871510522e-05,2.713896535279739e-93,regular http traffic
207.241.228.122,10.8.8.130,tunneling http trafficc,2.2455705272318873e-05,2.697142153666235e-93,regular http traffic
