src_ip,dest_ip,original_class,z_n,s_n,new_class
10.8.8.138,185.2.220.137,tunneling http trafficc,5.791689963475831e-05,6.620526064550617e-94,regular http traffic
185.2.220.137,10.8.8.138,tunneling http trafficc,5.769982822347365e-05,1.0,tunneling http traffic
207.241.227.212,10.8.8.130,tunneling http trafficc,2.274935182815151e-05,1.6572273343250416e-93,regular http traffic
207.241.227.82,10.8.8.130,tunneling http trafficc,2.1873858031066552e-05,1.667479724843896e-93,regular http traffic
207.241.228.122,10.8.8.130,tunneling http trafficc,2.2091217310906668e-05,1.6738092065428973e-93,regular http traffic
207.241.236.176,10.8.8.130,tunneling http trafficc,2.2455705272318873e-05,1.6365460347530928e-93,regular http traffic
207.241.237.128,10.8.8.130,tunneling http trafficc,2.17295447303548e-05,1.5988435235106162e-93,regular http traffic
