src_ip,dest_ip,original_class,z_n,s_n,new_class
10.8.8.138,185.2.220.137,tunneling http trafficc,5.785514954321255e-05,5.635841593277965e-94,regular http traffic
185.2.220.137,10.8.8.138,tunneling http trafficc,5.785514954321255e-05,9.157517879171339e-94,regular http traffic
207.241.227.212,10.8.8.130,tunneling http trafficc,2.2236670319796095e-05,1.398879011853372e-93,regular http traffic
207.241.227.82,10.8.8.130,tunneling http trafficc,2.2236676874909724e-05,1.414993262856863e-93,regular http traffic
207.241.228.122,10.8.8.130,tunneling http trafficc,2.2091183777024115e-05,1.4265135499322945e-93,regular http traffic
207.241.236.176,10.8.8.130,tunneling http trafficc,2.2615118752712355e-05,1.4467042196458572e-93,regular http traffic
207.241.237.128,10.8.8.130,tunneling http trafficc,2.2455705272318873e-05,1.3407969589752947e-93,regular http traffic
