src_ip,dest_ip,original_class,z_n,s_n,new_class
10.8.8.138,185.2.220.137,tunneling http trafficc,5.785514954321255e-05,6.724172055675347e-94,regular http traffic
185.2.220.137,10.8.8.138,tunneling http trafficc,2.1879172874203212e-05,1.0,tunneling http traffic
207.241.227.212,10.8.8.130,tunneling http trafficc,2.274935182815151e-05,1.6839542009105685e-93,regular http traffic
207.241.227.82,10.8.8.130,tunneling http trafficc,2.1513926836868974e-05,1.694737157087726e-93,regular http traffic
207.241.228.122,10.8.8.130,tunneling http trafficc,2.260230254253976e-05,1.7006006549867243e-93,regular http traffic
207.241.236.176,10.8.8.130,tunneling http trafficc,2.151440663876525e-05,1.6638494206436343e-93,regular http traffic
207.241.237.128,10.8.8.130,tunneling http trafficc,2.260230254253976e-05,1.6260849823424977e-93,regular http traffic
