src_ip,dest_ip,original_class,z_n,s_n,new_class
10.8.8.138,185.2.220.137,tunneling http trafficc,5.791689963475831e-05,5.238432546288719e-94,regular http traffic
185.2.220.137,10.8.8.138,tunneling http trafficc,4.489848901541879e-05,8.450105094160919e-94,regular http traffic
207.241.227.212,10.8.8.130,tunneling http trafficc,2.1585696796837105e-05,1.2951692593761728e-93,regular http traffic
207.241.227.82,10.8.8.130,tunneling http trafficc,2.2675769433355316e-05,1.3113765769774628e-93,regular http traffic
207.241.228.122,10.8.8.130,tunneling http trafficc,2.223870294934465e-05,1.3221957192860953e-93,regular http traffic
207.241.236.176,10.8.8.130,tunneling http trafficc,2.2455705272318873e-05,1.3429782712389565e-93,regular http traffic
207.241.237.128,10.8.8.130,tunneling http trafficc,2.1513926836868974e-05,1.2389951319189525e-93,regular http traffic
