src_ip,dest_ip,original_class,z_n,s_n,new_class
10.8.8.138,185.2.220.137,tunneling http trafficc,5.739842820625572e-05,7.709123502244919e-94,regular http traffic
185.2.220.137,10.8.8.138,tunneling http trafficc,5.212016531386037e-05,1.0,tunneling http traffic
207.241.227.212,10.8.8.130,tunneling http trafficc,3.340370445500238e-05,1.9024310397703858e-93,regular http traffic
207.241.227.82,10.8.8.130,tunneling http trafficc,2.2455705272318873e-05,1.9524399449890907e-93,regular http traffic
207.241.228.122,10.8.8.130,tunneling http trafficc,2.2091183777024115e-05,1.953781264793866e-93,regular http traffic
207.241.236.176,10.8.8.130,tunneling http trafficc,4.07764435965804e-05,1.9137339133238524e-93,regular http traffic
207.241.237.128,10.8.8.130,tunneling http trafficc,2.1370783163103386e-05,1.8823053898505184e-93,regular http traffic
