src_ip,dest_ip,original_class,z_n,s_n,new_class
10.8.8.138,185.2.220.137,tunneling http trafficc,5.750252012835209e-05,4.858109973590496e-94,regular http traffic
185.2.220.137,10.8.8.138,tunneling http trafficc,5.784995468369474e-05,7.789799692712674e-94,regular http traffic
207.241.227.212,10.8.8.130,tunneling http trafficc,2.2455705272318873e-05,1.2011753724219494e-93,regular http traffic
207.241.227.82,10.8.8.130,tunneling http trafficc,2.1513926836868974e-05,1.2115911869035434e-93,regular http traffic
207.241.228.122,10.8.8.130,tunneling http trafficc,2.260230254253976e-05,1.225136169793676e-93,regular http traffic
207.241.236.176,10.8.8.130,tunneling http trafficc,2.2455705272318873e-05,1.2467940958470223e-93,regular http traffic
207.241.237.128,10.8.8.130,tunneling http trafficc,2.2163875512504686e-05,1.1410900171029701e-93,regular http traffic
