src_ip,dest_ip,original_class,z_n,s_n,new_class
10.8.8.138,185.2.220.137,tunneling http trafficc,5.750252012835209e-05,3.9927933379889043e-94,regular http traffic
185.2.220.137,10.8.8.138,tunneling http trafficc,4.029394342384803e-05,6.518037323162638e-94,regular http traffic
207.241.227.212,10.8.8.130,tunneling http trafficc,2.2309557217522685e-05,9.754590389923306e-94,regular http traffic
207.241.227.82,10.8.8.130,tunneling http trafficc,2.2091183777024115e-05,9.843403878413592e-94,regular http traffic
207.241.228.122,10.8.8.130,tunneling http trafficc,2.216386206458211e-05,1.0049623344501423e-93,regular http traffic
207.241.236.176,10.8.8.130,tunneling http trafficc,4.901011284095791e-05,1.035126046396256e-93,regular http traffic
207.241.237.128,10.8.8.130,tunneling http trafficc,2.1453900730668335e-05,9.162568955152587e-94,regular http traffic
