src_ip,dest_ip,original_class,z_n,s_n,new_class
10.8.8.138,185.2.220.137,tunneling http trafficc,5.769880627828323e-05,8.83339770792251e-94,regular http traffic
185.2.220.137,10.8.8.138,tunneling http trafficc,5.725092414522948e-05,1.0,tunneling http traffic
207.241.227.82,10.8.8.130,tunneling http trafficc,2.2675769433355316e-05,2.2454055215655875e-93,regular http traffic
207.241.228.122,10.8.8.130,tunneling http trafficc,2.1513926836868974e-05,2.2228835336120267e-93,regular http traffic
207.241.236.176,10.8.8.130,tunneling http trafficc,3.999141000118322e-05,2.090901836371206e-93,regular http traffic
207.241.237.128,10.8.8.130,tunneling http trafficc,4.11173515722504e-05,2.0600697910722053e-93,regular http traffic
