src_ip,dest_ip,original_class,z_n,s_n,new_class
207.241.227.82,10.8.8.130,tunneling http trafficc,2.2675773871510522e-05,2.8984337404363787e-93,regular http traffic
207.241.228.122,10.8.8.130,tunneling http trafficc,2.1513926836868974e-05,2.883320376590072e-93,regular http traffic
