src_ip,dest_ip,original_class,z_n,s_n,new_class
10.8.8.138,185.2.220.137,tunneling http trafficc,5.785514954321255e-05,7.311720480864611e-94,regular http traffic
185.2.220.137,10.8.8.138,tunneling http trafficc,4.11032166186209e-05,1.0,tunneling http traffic
207.241.227.212,10.8.8.130,tunneling http trafficc,2.260241379131699e-05,1.836257660184903e-93,regular http traffic
207.241.227.82,10.8.8.130,tunneling http trafficc,2.2091183777024115e-05,1.8492985202977194e-93,regular http traffic
207.241.228.122,10.8.8.130,tunneling http trafficc,2.1513926836868974e-05,1.8516296544055093e-93,regular http traffic
207.241.236.176,10.8.8.130,tunneling http trafficc,2.1513926836868974e-05,1.8173441496133638e-93,regular http traffic
207.241.237.128,10.8.8.130,tunneling http trafficc,2.21697528001974e-05,1.7779556551606173e-93,regular http traffic
