src_ip,dest_ip,original_class,z_n,s_n,new_class
10.8.8.138,185.2.220.137,tunneling http trafficc,5.791689963475831e-05,1.0493252317017875e-93,regular http traffic
185.2.220.137,10.8.8.138,tunneling http trafficc,2.7185419843997914e-05,1.0,tunneling http traffic
207.241.227.82,10.8.8.130,tunneling http trafficc,2.2018628178460653e-05,2.67785369807935e-93,regular http traffic
207.241.228.122,10.8.8.130,tunneling http trafficc,2.2675769433355316e-05,2.660585777900606e-93,regular http traffic
