src_ip,dest_ip,original_class,z_n,s_n,new_class
10.8.8.138,185.2.220.137,tunneling http trafficc,5.762424710078242e-05,4.5987082805654785e-94,regular http traffic
185.2.220.137,10.8.8.138,tunneling http trafficc,5.101203713721978e-05,7.405663099777896e-94,regular http traffic
207.241.227.212,10.8.8.130,tunneling http trafficc,2.2031853890642855e-05,1.1336019587586808e-93,regular http traffic
207.241.227.82,10.8.8.130,tunneling http trafficc,2.1513926836868974e-05,1.142833652017284e-93,regular http traffic
207.241.228.122,10.8.8.130,tunneling http trafficc,2.151392665131939e-05,1.1643356129995768e-93,regular http traffic
207.241.236.176,10.8.8.130,tunneling http trafficc,2.2455705272318873e-05,1.1796653121854813e-93,regular http traffic
207.241.237.128,10.8.8.130,tunneling http trafficc,2.260230254253976e-05,1.0733875724287817e-93,regular http traffic
