src_ip,dest_ip,original_class,z_n,s_n,new_class
10.8.8.138,185.2.220.137,tunneling http trafficc,5.738416033856095e-05,4.0620141024282846e-94,regular http traffic
185.2.220.137,10.8.8.138,tunneling http trafficc,3.994064545193202e-05,6.62641740759309e-94,regular http traffic
207.241.227.212,10.8.8.130,tunneling http trafficc,2.2309557217522685e-05,9.93476791702086e-94,regular http traffic
207.241.227.82,10.8.8.130,tunneling http trafficc,2.158568134386399e-05,1.0024069598610468e-93,regular http traffic
207.241.228.122,10.8.8.130,tunneling http trafficc,2.2314950540817898e-05,1.0228168029500505e-93,regular http traffic
207.241.236.176,10.8.8.130,tunneling http trafficc,5.2053221573618514e-05,1.048548446795982e-93,regular http traffic
207.241.237.128,10.8.8.130,tunneling http trafficc,2.260230254253976e-05,9.342338771313318e-94,regular http traffic
