src_ip,dest_ip,original_class,z_n,s_n,new_class
10.8.8.138,185.2.220.137,tunneling http trafficc,5.768133904903793e-05,6.240435478222658e-94,regular http traffic
185.2.220.137,10.8.8.138,tunneling http trafficc,5.808036168515514e-05,1.0,tunneling http traffic
207.241.227.212,10.8.8.130,tunneling http trafficc,2.151392756263616e-05,1.5575781446959786e-93,regular http traffic
207.241.227.82,10.8.8.130,tunneling http trafficc,2.2455729246758426e-05,1.5683656721121802e-93,regular http traffic
207.241.228.122,10.8.8.130,tunneling http trafficc,2.260230254253976e-05,1.5825393039696272e-93,regular http traffic
207.241.236.176,10.8.8.130,tunneling http trafficc,3.9615775352755896e-05,1.547833391594855e-93,regular http traffic
207.241.237.128,10.8.8.130,tunneling http trafficc,2.180170792581729e-05,1.4996597944465207e-93,regular http traffic
