src_ip,dest_ip,original_class,z_n,s_n,new_class
10.8.8.138,185.2.220.137,tunneling http trafficc,5.791689963475831e-05,3.698345228308171e-94,regular http traffic
185.2.220.137,10.8.8.138,tunneling http trafficc,3.27712311950611e-05,6.050385334632535e-94,regular http traffic
207.241.227.212,10.8.8.130,tunneling http trafficc,2.1513926836868974e-05,8.98746794650011e-94,regular http traffic
207.241.227.82,10.8.8.130,tunneling http trafficc,2.2236670319796095e-05,9.068149575618082e-94,regular http traffic
207.241.228.122,10.8.8.130,tunneling http trafficc,2.1513926836868974e-05,9.269336187573743e-94,regular http traffic
207.241.236.176,10.8.8.130,tunneling http trafficc,2.1513926836868974e-05,9.632994163893565e-94,regular http traffic
207.241.237.128,10.8.8.130,tunneling http trafficc,2.2677610127383196e-05,8.417256035405635e-94,regular http traffic
