src_ip,dest_ip,original_class,z_n,s_n,new_class
10.8.8.138,185.2.220.137,tunneling http trafficc,5.762424710078242e-05,4.5122765757496277e-94,regular http traffic
185.2.220.137,10.8.8.138,tunneling http trafficc,2.914932347821904e-05,7.300648470942901e-94,regular http traffic
207.241.227.212,10.8.8.130,tunneling http trafficc,2.2091184879405387e-05,1.1108798773709753e-93,regular http traffic
207.241.227.82,10.8.8.130,tunneling http trafficc,2.1513926836868974e-05,1.1201782143708348e-93,regular http traffic
207.241.228.122,10.8.8.130,tunneling http trafficc,2.1453900730668335e-05,1.1412931682450972e-93,regular http traffic
207.241.236.176,10.8.8.130,tunneling http trafficc,2.1513926836868974e-05,1.1574286391779354e-93,regular http traffic
207.241.237.128,10.8.8.130,tunneling http trafficc,2.2615118752712355e-05,1.0508509628227265e-93,regular http traffic
