src_ip,dest_ip,original_class,z_n,s_n,new_class
10.8.8.138,185.2.220.137,tunneling http trafficc,5.791689963475831e-05,9.576719100958759e-94,regular http traffic
185.2.220.137,10.8.8.138,tunneling http trafficc,5.4516323291858424e-05,1.0,tunneling http traffic
207.241.227.82,10.8.8.130,tunneling http trafficc,2.2675771136276605e-05,2.4378088539319955e-93,regular http traffic
207.241.228.122,10.8.8.130,tunneling http trafficc,2.2163962842282972e-05,2.4201497706543026e-93,regular http traffic
