src_ip,dest_ip,original_class,z_n,s_n,new_class
10.8.8.138,185.2.220.137,tunneling http trafficc,5.785514954321255e-05,7.58816507606784e-94,regular http traffic
185.2.220.137,10.8.8.138,tunneling http trafficc,4.473343598968059e-05,1.0,tunneling http traffic
207.241.227.212,10.8.8.130,tunneling http trafficc,3.987199752747818e-05,1.88509555707545e-93,regular http traffic
207.241.227.82,10.8.8.130,tunneling http trafficc,2.260230254253976e-05,1.921100735028444e-93,regular http traffic
207.241.228.122,10.8.8.130,tunneling http trafficc,2.1513969170068715e-05,1.9220296523237442e-93,regular http traffic
207.241.236.176,10.8.8.130,tunneling http trafficc,2.2455705272318873e-05,1.890456901184168e-93,regular http traffic
207.241.237.128,10.8.8.130,tunneling http trafficc,2.267576923001055e-05,1.8502721961772763e-93,regular http traffic
