src_ip,dest_ip,original_class,z_n,s_n,new_class
10.8.8.138,185.2.220.137,tunneling http trafficc,5.78612256100552e-05,4.927187057426582e-94,regular http traffic
185.2.220.137,10.8.8.138,tunneling http trafficc,2.9679203763072565e-05,7.90899719729207e-94,regular http traffic
207.241.227.212,10.8.8.130,tunneling http trafficc,2.2455710397440486e-05,1.219182755413634e-93,regular http traffic
207.241.227.82,10.8.8.130,tunneling http trafficc,2.1513926836868974e-05,1.229657208762934e-93,regular http traffic
207.241.228.122,10.8.8.130,tunneling http trafficc,2.260230254253976e-05,1.2430378111627893e-93,regular http traffic
207.241.236.176,10.8.8.130,tunneling http trafficc,2.2455705272318873e-05,1.264860117374025e-93,regular http traffic
207.241.237.128,10.8.8.130,tunneling http trafficc,2.2091183777024115e-05,1.1591963878418034e-93,regular http traffic
