src_ip,dest_ip,original_class,z_n,s_n,new_class
207.241.227.82,10.8.8.130,tunneling http trafficc,2.260230309892013e-05,2.8531007674220645e-93,regular http traffic
207.241.228.122,10.8.8.130,tunneling http trafficc,2.2236682743837606e-05,2.837970510099632e-93,regular http traffic
