src_ip,dest_ip,original_class,z_n,s_n,new_class
10.8.8.138,185.2.220.137,tunneling http trafficc,5.791689963475831e-05,3.9234481489978384e-94,regular http traffic
185.2.220.137,10.8.8.138,tunneling http trafficc,5.632625204304831e-05,6.413345517171249e-94,regular http traffic
207.241.227.212,10.8.8.130,tunneling http trafficc,2.1873858031066552e-05,9.575728288448666e-94,regular http traffic
207.241.227.82,10.8.8.130,tunneling http trafficc,2.2309557217522685e-05,9.660042736184833e-94,regular http traffic
207.241.228.122,10.8.8.130,tunneling http trafficc,2.1513926836868974e-05,9.86968411919885e-94,regular http traffic
207.241.236.176,10.8.8.130,tunneling http trafficc,2.1513926836868974e-05,1.0208737312551525e-93,regular http traffic
207.241.237.128,10.8.8.130,tunneling http trafficc,2.260230254253976e-05,8.979658322219543e-94,regular http traffic
