src_ip,dest_ip,original_class,z_n,s_n,new_class
10.8.8.138,185.2.220.137,tunneling http trafficc,5.791689963475831e-05,8.625909371035886e-94,regular http traffic
185.2.220.137,10.8.8.138,tunneling http trafficc,5.121880465370956e-05,1.0,tunneling http traffic
207.241.227.82,10.8.8.130,tunneling http trafficc,2.260230254253976e-05,2.1911612701923276e-93,regular http traffic
207.241.228.122,10.8.8.130,tunneling http trafficc,2.1513926836868974e-05,2.1676030456801506e-93,regular http traffic
207.241.236.176,10.8.8.130,tunneling http trafficc,1.4980070952661537e-05,2.062265313989507e-93,regular http traffic
207.241.237.128,10.8.8.130,tunneling http trafficc,3.461441240974865e-05,2.0212342425571506e-93,regular http traffic
