src_ip,dest_ip,original_class,z_n,s_n,new_class
10.8.8.138,185.2.220.137,tunneling http trafficc,5.78612256100552e-05,4.840720431440902e-94,regular http traffic
185.2.220.137,10.8.8.138,tunneling http trafficc,4.848346984070575e-05,7.772514594469941e-94,regular http traffic
207.241.227.212,10.8.8.130,tunneling http trafficc,2.2455705272318873e-05,1.1967222611427976e-93,regular http traffic
207.241.227.82,10.8.8.130,tunneling http trafficc,2.1513926836868974e-05,1.2069431349990465e-93,regular http traffic
207.241.228.122,10.8.8.130,tunneling http trafficc,2.1442311467718325e-05,1.2207119417938278e-93,regular http traffic
207.241.236.176,10.8.8.130,tunneling http trafficc,2.2455705272318873e-05,1.2423409845678705e-93,regular http traffic
207.241.237.128,10.8.8.130,tunneling http trafficc,2.151392665131939e-05,1.1365782707905515e-93,regular http traffic
