src_ip,dest_ip,original_class,z_n,s_n,new_class
10.8.8.138,185.2.220.137,tunneling http trafficc,5.7979058004044224e-05,3.4213252066082306e-94,regular http traffic
185.2.220.137,10.8.8.138,tunneling http trafficc,5.171472487729455e-05,5.61588687797718e-94,regular http traffic
207.241.227.212,10.8.8.130,tunneling http trafficc,2.1513926836868974e-05,8.261213293876021e-94,regular http traffic
207.241.227.82,10.8.8.130,tunneling http trafficc,2.2091183777024115e-05,8.342762843671318e-94,regular http traffic
207.241.228.122,10.8.8.130,tunneling http trafficc,2.2455705272318873e-05,8.563102485159152e-94,regular http traffic
207.241.236.176,10.8.8.130,tunneling http trafficc,2.2455705272318873e-05,8.913410643075921e-94,regular http traffic
207.241.237.128,10.8.8.130,tunneling http trafficc,2.260241379131699e-05,7.69750685818327e-94,regular http traffic
