src_ip,dest_ip,original_class,z_n,s_n,new_class
10.8.8.138,185.2.220.137,tunneling http trafficc,5.762424710078242e-05,5.463195610472476e-94,regular http traffic
185.2.220.137,10.8.8.138,tunneling http trafficc,1.3997788299638715e-05,8.842236164667487e-94,regular http traffic
207.241.227.212,10.8.8.130,tunneling http trafficc,2.2455705272318873e-05,1.3540775240824604e-93,regular http traffic
207.241.227.82,10.8.8.130,tunneling http trafficc,2.1513926836868974e-05,1.3698362640181973e-93,regular http traffic
207.241.228.122,10.8.8.130,tunneling http trafficc,2.2675769433355316e-05,1.3813136373282146e-93,regular http traffic
207.241.236.176,10.8.8.130,tunneling http trafficc,2.2455705272318873e-05,1.4013388533131517e-93,regular http traffic
207.241.237.128,10.8.8.130,tunneling http trafficc,2.216386206458211e-05,1.296136788739599e-93,regular http traffic
