src_ip,dest_ip,original_class,z_n,s_n,new_class
10.8.8.138,185.2.220.137,tunneling http trafficc,5.791689963475831e-05,5.946890137726719e-94,regular http traffic
185.2.220.137,10.8.8.138,tunneling http trafficc,0.0,1.0,tunneling http traffic
207.241.227.212,10.8.8.130,tunneling http trafficc,2.1657543259365027e-05,1.4803229812570128e-93,regular http traffic
207.241.227.82,10.8.8.130,tunneling http trafficc,2.1513926836868974e-05,1.4918009569090527e-93,regular http traffic
207.241.228.122,10.8.8.130,tunneling http trafficc,2.2455714217816715e-05,1.5083279454671377e-93,regular http traffic
207.241.236.176,10.8.8.130,tunneling http trafficc,1.4698248209446583e-05,1.497017312800331e-93,regular http traffic
207.241.237.128,10.8.8.130,tunneling http trafficc,2.2091184879405387e-05,1.4224232825086112e-93,regular http traffic
