src_ip,dest_ip,original_class,z_n,s_n,new_class
207.241.227.82,10.8.8.130,tunneling http trafficc,2.2455765213363585e-05,2.975165023432081e-93,regular http traffic
207.241.228.122,10.8.8.130,tunneling http trafficc,4.7271778144172147e-05,2.9538058602806687e-93,regular http traffic
