src_ip,dest_ip,original_class,z_n,s_n,new_class
10.8.8.138,185.2.220.137,tunneling http trafficc,5.791689963475831e-05,8.781507325807081e-94,regular http traffic
185.2.220.137,10.8.8.138,tunneling http trafficc,5.281824461305436e-05,1.0,tunneling http traffic
207.241.227.82,10.8.8.130,tunneling http trafficc,2.1453900730668335e-05,2.2319078581539564e-93,regular http traffic
207.241.228.122,10.8.8.130,tunneling http trafficc,2.1513926836868974e-05,2.209105145906975e-93,regular http traffic
207.241.236.176,10.8.8.130,tunneling http trafficc,3.990739533950253e-05,2.083890817961114e-93,regular http traffic
207.241.237.128,10.8.8.130,tunneling http trafficc,4.239818318273323e-05,2.0521351197519367e-93,regular http traffic
