src_ip,dest_ip,original_class,z_n,s_n,new_class
10.8.8.138,185.2.220.137,tunneling http trafficc,5.791689963475831e-05,5.324864251104568e-94,regular http traffic
185.2.220.137,10.8.8.138,tunneling http trafficc,2.3433875167483334e-05,8.603928445251454e-94,regular http traffic
207.241.227.212,10.8.8.130,tunneling http trafficc,2.1513926836868974e-05,1.3181991222647792e-93,regular http traffic
207.241.227.82,10.8.8.130,tunneling http trafficc,2.1739857805099183e-05,1.3340128814299116e-93,regular http traffic
207.241.228.122,10.8.8.130,tunneling http trafficc,2.2091183777024115e-05,1.3451480013777037e-93,regular http traffic
207.241.236.176,10.8.8.130,tunneling http trafficc,2.274941584972889e-05,1.3653812742450597e-93,regular http traffic
207.241.237.128,10.8.8.130,tunneling http trafficc,2.1513926836868974e-05,1.2616792554258027e-93,regular http traffic
