src_ip,dest_ip,original_class,z_n,s_n,new_class
10.8.8.138,185.2.220.137,tunneling http trafficc,5.785514954321255e-05,7.035239028636528e-94,regular http traffic
185.2.220.137,10.8.8.138,tunneling http trafficc,3.680839028139089e-05,1.0,tunneling http traffic
207.241.227.212,10.8.8.130,tunneling http trafficc,2.2602479210708236e-05,1.7642055580850512e-93,regular http traffic
207.241.227.82,10.8.8.130,tunneling http trafficc,2.172961384202758e-05,1.7764245435699437e-93,regular http traffic
207.241.228.122,10.8.8.130,tunneling http trafficc,2.2095542062276048e-05,1.7787357057609074e-93,regular http traffic
207.241.236.176,10.8.8.130,tunneling http trafficc,2.1513926836868974e-05,1.7460417377352121e-93,regular http traffic
207.241.237.128,10.8.8.130,tunneling http trafficc,2.2091183777024115e-05,1.7071885329063941e-93,regular http traffic
