src_ip,dest_ip,original_class,z_n,s_n,new_class
10.8.8.138,185.2.220.137,tunneling http trafficc,5.7509895755336944e-05,9.507583105149211e-94,regular http traffic
185.2.220.137,10.8.8.138,tunneling http trafficc,5.641564150859991e-05,1.0,tunneling http traffic
207.241.227.82,10.8.8.130,tunneling http trafficc,2.2091183777024115e-05,2.4195622948893014e-93,regular http traffic
207.241.228.122,10.8.8.130,tunneling http trafficc,2.1513926836868974e-05,2.4019803763396234e-93,regular http traffic
