src_ip,dest_ip,original_class,z_n,s_n,new_class
10.8.8.138,185.2.220.137,tunneling http trafficc,5.772372439882085e-05,1.037222314813928e-93,regular http traffic
185.2.220.137,10.8.8.138,tunneling http trafficc,4.8754707248888646e-05,1.0,tunneling http traffic
207.241.227.82,10.8.8.130,tunneling http trafficc,2.2091183777024115e-05,2.6459347994900923e-93,regular http traffic
207.241.228.122,10.8.8.130,tunneling http trafficc,2.1513926836868974e-05,2.628692905293619e-93,regular http traffic
