src_ip,dest_ip,original_class,z_n,s_n,new_class
10.8.8.138,185.2.220.137,tunneling http trafficc,5.766466297844984e-05,9.265527106241998e-94,regular http traffic
185.2.220.137,10.8.8.138,tunneling http trafficc,2.736678425592897e-05,1.0,tunneling http traffic
207.241.227.82,10.8.8.130,tunneling http trafficc,4.03156202674745e-05,2.3562587949036764e-93,regular http traffic
207.241.228.122,10.8.8.130,tunneling http trafficc,2.2018628178460653e-05,2.3381418430236557e-93,regular http traffic
