src_ip,dest_ip,original_class,z_n,s_n,new_class
10.8.8.138,185.2.220.137,tunneling http trafficc,5.791689963475831e-05,4.2698893753537365e-94,regular http traffic
185.2.220.137,10.8.8.138,tunneling http trafficc,5.6175606427912494e-05,6.913728428019695e-94,regular http traffic
207.241.227.212,10.8.8.130,tunneling http trafficc,2.2309557217522685e-05,1.0476060495753173e-93,regular http traffic
207.241.227.82,10.8.8.130,tunneling http trafficc,2.238260194411134e-05,1.0570678800515113e-93,regular http traffic
207.241.228.122,10.8.8.130,tunneling http trafficc,2.151392756263616e-05,1.0775809912721125e-93,regular http traffic
207.241.236.176,10.8.8.130,tunneling http trafficc,2.2455705272318873e-05,1.093956585074884e-93,regular http traffic
207.241.237.128,10.8.8.130,tunneling http trafficc,2.1585696796837105e-05,9.883138443432668e-94,regular http traffic
