src_ip,dest_ip,original_class,z_n,s_n,new_class
10.8.8.138,185.2.220.137,tunneling http trafficc,5.791689963475831e-05,5.566725837349051e-94,regular http traffic
185.2.220.137,10.8.8.138,tunneling http trafficc,4.8447480039678186e-05,9.063456021899e-94,regular http traffic
207.241.227.212,10.8.8.130,tunneling http trafficc,2.260230309892013e-05,1.3809193105377986e-93,regular http traffic
207.241.227.82,10.8.8.130,tunneling http trafficc,2.1513926836868974e-05,1.3970923560576231e-93,regular http traffic
207.241.228.122,10.8.8.130,tunneling http trafficc,2.260230254253976e-05,1.4081512556382477e-93,regular http traffic
207.241.236.176,10.8.8.130,tunneling http trafficc,2.2455705272318873e-05,1.4286843578738768e-93,regular http traffic
207.241.237.128,10.8.8.130,tunneling http trafficc,2.2317291502952768e-05,1.3229985587965461e-93,regular http traffic
