src_ip,dest_ip,original_class,z_n,s_n,new_class
10.8.8.138,185.2.220.137,tunneling http trafficc,5.791689963475831e-05,1.0441341400428659e-93,regular http traffic
185.2.220.137,10.8.8.138,tunneling http trafficc,5.140423152303093e-05,1.0,tunneling http traffic
207.241.227.82,10.8.8.130,tunneling http trafficc,2.1946175443658668e-05,2.6642738668990862e-93,regular http traffic
207.241.228.122,10.8.8.130,tunneling http trafficc,2.158568134386399e-05,2.6468797804067712e-93,regular http traffic
