src_ip,dest_ip,original_class,z_n,s_n,new_class
10.8.8.138,185.2.220.137,tunneling http trafficc,5.791689963475831e-05,8.850662825520418e-94,regular http traffic
185.2.220.137,10.8.8.138,tunneling http trafficc,5.8058661104775564e-05,1.0,tunneling http traffic
207.241.227.82,10.8.8.130,tunneling http trafficc,2.1513926836868974e-05,2.2500535734700844e-93,regular http traffic
207.241.228.122,10.8.8.130,tunneling http trafficc,2.1513926836868974e-05,2.2275315855165236e-93,regular http traffic
207.241.236.176,10.8.8.130,tunneling http trafficc,4.074000257907185e-05,2.0933563262992727e-93,regular http traffic
207.241.237.128,10.8.8.130,tunneling http trafficc,4.413138127573612e-05,2.062335652324929e-93,regular http traffic
