src_ip,dest_ip,original_class,z_n,s_n,new_class
10.8.8.138,185.2.220.137,tunneling http trafficc,5.78612256100552e-05,5.445842804560686e-94,regular http traffic
185.2.220.137,10.8.8.138,tunneling http trafficc,4.543228986824322e-05,8.770797307270457e-94,regular http traffic
207.241.227.212,10.8.8.130,tunneling http trafficc,2.2455705272318873e-05,1.3496244128033086e-93,regular http traffic
207.241.227.82,10.8.8.130,tunneling http trafficc,2.267577175462333e-05,1.3651882121137004e-93,regular http traffic
207.241.228.122,10.8.8.130,tunneling http trafficc,2.231238628906866e-05,1.376903743643374e-93,regular http traffic
207.241.236.176,10.8.8.130,tunneling http trafficc,2.1513926836868974e-05,1.3968857420339998e-93,regular http traffic
207.241.237.128,10.8.8.130,tunneling http trafficc,2.1513926836868974e-05,1.2916250396896177e-93,regular http traffic
