src_ip,dest_ip,original_class,z_n,s_n,new_class
10.8.8.138,185.2.220.137,tunneling http trafficc,5.785514954321255e-05,7.173452111981929e-94,regular http traffic
185.2.220.137,10.8.8.138,tunneling http trafficc,3.209261115337692e-05,1.0,tunneling http traffic
207.241.227.212,10.8.8.130,tunneling http trafficc,2.1513926836868974e-05,1.800543036301929e-93,regular http traffic
207.241.227.82,10.8.8.130,tunneling http trafficc,2.2091183777024115e-05,1.812791878446904e-93,regular http traffic
207.241.228.122,10.8.8.130,tunneling http trafficc,2.137121335779687e-05,1.8151851057649543e-93,regular http traffic
207.241.236.176,10.8.8.130,tunneling http trafficc,2.1513926836868974e-05,1.7830312123458423e-93,regular http traffic
207.241.237.128,10.8.8.130,tunneling http trafficc,2.1513926836868974e-05,1.7435323772348769e-93,regular http traffic
