src_ip,dest_ip,original_class,z_n,s_n,new_class
10.8.8.138,185.2.220.137,tunneling http trafficc,5.791689963475831e-05,1.0009057344038197e-93,regular http traffic
185.2.220.137,10.8.8.138,tunneling http trafficc,4.1151956785235525e-05,1.0,tunneling http traffic
207.241.227.82,10.8.8.130,tunneling http trafficc,2.252910186240277e-05,2.5509076064230276e-93,regular http traffic
207.241.228.122,10.8.8.130,tunneling http trafficc,2.2091183777024115e-05,2.533558286733885e-93,regular http traffic
