src_ip,dest_ip,original_class,z_n,s_n,new_class
10.8.8.138,185.2.220.137,tunneling http trafficc,5.781722593954075e-05,1.0199351873688875e-93,regular http traffic
185.2.220.137,10.8.8.138,tunneling http trafficc,4.805362226389575e-05,1.0,tunneling http traffic
207.241.227.82,10.8.8.130,tunneling http trafficc,2.2091183777024115e-05,2.6008016980357277e-93,regular http traffic
207.241.228.122,10.8.8.130,tunneling http trafficc,2.2455705272318873e-05,2.5832007877321095e-93,regular http traffic
