src_ip,dest_ip,original_class,z_n,s_n,new_class
207.241.227.82,10.8.8.130,tunneling http trafficc,2.1586490688930697e-05,2.9480465484139702e-93,regular http traffic
207.241.228.122,10.8.8.130,tunneling http trafficc,2.2091217310906668e-05,2.9337237492600767e-93,regular http traffic
