src_ip,dest_ip,original_class,z_n,s_n,new_class
10.8.8.138,185.2.220.137,tunneling http trafficc,5.785514954321255e-05,6.845156878447694e-94,regular http traffic
185.2.220.137,10.8.8.138,tunneling http trafficc,2.470746671066517e-05,1.0,tunneling http traffic
207.241.227.212,10.8.8.130,tunneling http trafficc,2.274935182815151e-05,1.7148812924586949e-93,regular http traffic
207.241.227.82,10.8.8.130,tunneling http trafficc,2.2675771384571506e-05,1.7264890391137323e-93,regular http traffic
207.241.228.122,10.8.8.130,tunneling http trafficc,2.2091183777024115e-05,1.7318302363422256e-93,regular http traffic
207.241.236.176,10.8.8.130,tunneling http trafficc,2.2309557217522685e-05,1.6958133618010735e-93,regular http traffic
207.241.237.128,10.8.8.130,tunneling http trafficc,2.1513926836868974e-05,1.6575540260325423e-93,regular http traffic
