src_ip,dest_ip,original_class,z_n,s_n,new_class
10.8.8.138,185.2.220.137,tunneling http trafficc,5.791689963475831e-05,4.90990532638422e-94,regular http traffic
185.2.220.137,10.8.8.138,tunneling http trafficc,3.8250436494743414e-05,7.875304571008058e-94,regular http traffic
207.241.227.212,10.8.8.130,tunneling http trafficc,2.2455705272318873e-05,1.2147296451508495e-93,regular http traffic
207.241.227.82,10.8.8.130,tunneling http trafficc,2.2163870186651155e-05,1.225009156858437e-93,regular http traffic
207.241.228.122,10.8.8.130,tunneling http trafficc,2.2091183777024115e-05,1.238613583162941e-93,regular http traffic
207.241.236.176,10.8.8.130,tunneling http trafficc,2.1513926836868974e-05,1.2604070060948732e-93,regular http traffic
207.241.237.128,10.8.8.130,tunneling http trafficc,2.2091183777024115e-05,1.154669795157095e-93,regular http traffic
