src_ip,dest_ip,original_class,z_n,s_n,new_class
10.8.8.138,185.2.220.137,tunneling http trafficc,5.791689963475831e-05,5.255697663886627e-94,regular http traffic
185.2.220.137,10.8.8.138,tunneling http trafficc,5.589453956555484e-05,8.467994929433426e-94,regular http traffic
207.241.227.212,10.8.8.130,tunneling http trafficc,2.1513926836868974e-05,1.2998173112806697e-93,regular http traffic
207.241.227.82,10.8.8.130,tunneling http trafficc,2.2455705272318873e-05,1.3158296882566146e-93,regular http traffic
207.241.228.122,10.8.8.130,tunneling http trafficc,2.1801629541049194e-05,1.326782432387002e-93,regular http traffic
207.241.236.176,10.8.8.130,tunneling http trafficc,2.1513926836868974e-05,1.3476263231434534e-93,regular http traffic
207.241.237.128,10.8.8.130,tunneling http trafficc,2.2455705272318873e-05,1.2434482431981044e-93,regular http traffic
