src_ip,dest_ip,original_class,z_n,s_n,new_class
10.8.8.138,185.2.220.137,tunneling http trafficc,5.791689963475831e-05,8.539469594162698e-94,regular http traffic
185.2.220.137,10.8.8.138,tunneling http trafficc,5.778316989631053e-05,1.0,tunneling http traffic
207.241.227.82,10.8.8.130,tunneling http trafficc,2.2455729246758426e-05,2.1684032084144402e-93,regular http traffic
207.241.228.122,10.8.8.130,tunneling http trafficc,2.267576923001055e-05,2.1448731415169277e-93,regular http traffic
207.241.236.176,10.8.8.130,tunneling http trafficc,4.886192952367628e-05,2.045096760887897e-93,regular http traffic
207.241.237.128,10.8.8.130,tunneling http trafficc,3.466447933048527e-05,2.0099603958921933e-93,regular http traffic
