src_ip,dest_ip,original_class,z_n,s_n,new_class
10.8.8.138,185.2.220.137,tunneling http trafficc,5.791689963475831e-05,9.542188865762942e-94,regular http traffic
185.2.220.137,10.8.8.138,tunneling http trafficc,5.82041889129674e-05,1.0,tunneling http traffic
207.241.227.82,10.8.8.130,tunneling http trafficc,2.1729527251285402e-05,2.428750909019102e-93,regular http traffic
207.241.228.122,10.8.8.130,tunneling http trafficc,2.1946175443658668e-05,2.410989990214828e-93,regular http traffic
