src_ip,dest_ip,original_class,z_n,s_n,new_class
10.8.8.138,185.2.220.137,tunneling http trafficc,5.785514954321255e-05,5.687673803096544e-94,regular http traffic
185.2.220.137,10.8.8.138,tunneling http trafficc,5.6871486276675805e-05,9.289754442262655e-94,regular http traffic
207.241.227.212,10.8.8.130,tunneling http trafficc,2.2675771384571506e-05,1.4121519101227318e-93,regular http traffic
207.241.227.82,10.8.8.130,tunneling http trafficc,2.2455705272318873e-05,1.4283234714279576e-93,regular http traffic
207.241.228.122,10.8.8.130,tunneling http trafficc,2.1513926836868974e-05,1.4402898856879661e-93,regular http traffic
207.241.236.176,10.8.8.130,tunneling http trafficc,3.778840375352002e-05,1.455772432568647e-93,regular http traffic
207.241.237.128,10.8.8.130,tunneling http trafficc,2.2384867650592423e-05,1.3541989880707936e-93,regular http traffic
