src_ip,dest_ip,original_class,z_n,s_n,new_class
10.8.8.138,185.2.220.137,tunneling http trafficc,5.791689963475831e-05,3.871433998898494e-94,regular http traffic
185.2.220.137,10.8.8.138,tunneling http trafficc,2.256185291775468e-05,6.357718733424181e-94,regular http traffic
207.241.227.212,10.8.8.130,tunneling http trafficc,2.1946174563661736e-05,9.440219987677866e-94,regular http traffic
207.241.227.82,10.8.8.130,tunneling http trafficc,2.151392756263616e-05,9.522258862270404e-94,regular http traffic
207.241.228.122,10.8.8.130,tunneling http trafficc,2.2455705272318873e-05,9.730242562063942e-94,regular http traffic
207.241.236.176,10.8.8.130,tunneling http trafficc,2.1513926836868974e-05,1.0087441512797658e-93,regular http traffic
207.241.237.128,10.8.8.130,tunneling http trafficc,2.2091183777024115e-05,8.871465486831206e-94,regular http traffic
