src_ip,dest_ip,original_class,z_n,s_n,new_class
10.8.8.138,185.2.220.137,tunneling http trafficc,5.791689963475831e-05,1.0873660017368936e-93,regular http traffic
207.241.227.82,10.8.8.130,tunneling http trafficc,2.172961384202758e-05,2.7770900335892817e-93,regular http traffic
207.241.228.122,10.8.8.130,tunneling http trafficc,2.1946175443658668e-05,2.760263484499147e-93,regular http traffic
