src_ip,dest_ip,original_class,z_n,s_n,new_class
10.8.8.138,185.2.220.137,tunneling http trafficc,5.791689963475831e-05,5.964155255324627e-94,regular http traffic
185.2.220.137,10.8.8.138,tunneling http trafficc,4.68089764684341e-05,1.0,tunneling http traffic
207.241.227.212,10.8.8.130,tunneling http trafficc,2.216386206458211e-05,1.484834730306994e-93,regular http traffic
207.241.227.82,10.8.8.130,tunneling http trafficc,2.1729561512307264e-05,1.496402882584691e-93,regular http traffic
207.241.228.122,10.8.8.130,tunneling http trafficc,2.2455714217816715e-05,1.5127810549723004e-93,regular http traffic
207.241.236.176,10.8.8.130,tunneling http trafficc,4.835492999931964e-05,1.4990852542596281e-93,regular http traffic
207.241.237.128,10.8.8.130,tunneling http trafficc,2.1513926836868974e-05,1.427071334413108e-93,regular http traffic
