src_ip,dest_ip,original_class,z_n,s_n,new_class
10.8.8.138,185.2.220.137,tunneling http trafficc,5.785514954321255e-05,6.948839726597279e-94,regular http traffic
185.2.220.137,10.8.8.138,tunneling http trafficc,2.8516601784241734e-05,1.0,tunneling http traffic
207.241.227.212,10.8.8.130,tunneling http trafficc,2.274935182815151e-05,1.7418303152429822e-93,regular http traffic
207.241.227.82,10.8.8.130,tunneling http trafficc,2.1729561512307264e-05,1.7538626554271209e-93,regular http traffic
207.241.228.122,10.8.8.130,tunneling http trafficc,2.260230254253976e-05,1.7587435067128574e-93,regular http traffic
207.241.236.176,10.8.8.130,tunneling http trafficc,2.1946174563661736e-05,1.7231913594634178e-93,regular http traffic
207.241.237.128,10.8.8.130,tunneling http trafficc,2.2236676874909724e-05,1.6846411867896152e-93,regular http traffic
