src_ip,dest_ip,original_class,z_n,s_n,new_class
10.8.8.138,185.2.220.137,tunneling http trafficc,5.791689963475831e-05,4.736970259344886e-94,regular http traffic
185.2.220.137,10.8.8.138,tunneling http trafficc,5.7476367829249464e-05,7.597435162390427e-94,regular http traffic
207.241.227.212,10.8.8.130,tunneling http trafficc,2.2455705272318873e-05,1.1694952641513973e-93,regular http traffic
207.241.227.82,10.8.8.130,tunneling http trafficc,2.1513926836868974e-05,1.1794766004482255e-93,regular http traffic
207.241.228.122,10.8.8.130,tunneling http trafficc,4.5048060698931456e-05,1.1957187833320985e-93,regular http traffic
207.241.236.176,10.8.8.130,tunneling http trafficc,2.2455705272318873e-05,1.2154562596558277e-93,regular http traffic
207.241.237.128,10.8.8.130,tunneling http trafficc,2.2091183777024115e-05,1.1092785663865689e-93,regular http traffic
