src_ip,dest_ip,original_class,z_n,s_n,new_class
10.8.8.138,185.2.220.137,tunneling http trafficc,5.738416033856095e-05,4.321845022195208e-94,regular http traffic
185.2.220.137,10.8.8.138,tunneling http trafficc,3.407480285657903e-05,6.991421608697161e-94,regular http traffic
207.241.227.212,10.8.8.130,tunneling http trafficc,2.216386206458211e-05,1.061307970056758e-93,regular http traffic
207.241.227.82,10.8.8.130,tunneling http trafficc,2.2675773871510522e-05,1.0705654647439057e-93,regular http traffic
207.241.228.122,10.8.8.130,tunneling http trafficc,2.1442311467718325e-05,1.0913143400183688e-93,regular http traffic
207.241.236.176,10.8.8.130,tunneling http trafficc,2.2455705272318873e-05,1.1077369322186222e-93,regular http traffic
207.241.237.128,10.8.8.130,tunneling http trafficc,2.260230254253976e-05,1.0015578589538498e-93,regular http traffic
