src_ip,dest_ip,original_class,z_n,s_n,new_class
10.8.8.138,185.2.220.137,tunneling http trafficc,5.785514954321255e-05,5.186549505181113e-94,regular http traffic
185.2.220.137,10.8.8.138,tunneling http trafficc,2.813193020075906e-05,8.348584616161967e-94,regular http traffic
207.241.227.212,10.8.8.130,tunneling http trafficc,2.2675771384571506e-05,1.281630444238407e-93,regular http traffic
207.241.227.82,10.8.8.130,tunneling http trafficc,2.1946177219197968e-05,1.2976705794836284e-93,regular http traffic
207.241.228.122,10.8.8.130,tunneling http trafficc,4.7966452274750286e-05,1.3088793306725697e-93,regular http traffic
207.241.236.176,10.8.8.130,tunneling http trafficc,2.2455705272318873e-05,1.329618938749967e-93,regular http traffic
207.241.237.128,10.8.8.130,tunneling http trafficc,2.151392665131939e-05,1.2252810836466163e-93,regular http traffic
