src_ip,dest_ip,original_class,z_n,s_n,new_class
10.8.8.138,185.2.220.137,tunneling http trafficc,5.791689963475831e-05,7.052504146234436e-94,regular http traffic
185.2.220.137,10.8.8.138,tunneling http trafficc,1.8898259781999732e-05,1.0,tunneling http traffic
207.241.227.212,10.8.8.130,tunneling http trafficc,2.2455705272318873e-05,1.768658669364203e-93,regular http traffic
207.241.227.82,10.8.8.130,tunneling http trafficc,2.216386206458211e-05,1.780936292619925e-93,regular http traffic
207.241.228.122,10.8.8.130,tunneling http trafficc,2.1513926836868974e-05,1.7833837576654043e-93,regular http traffic
207.241.236.176,10.8.8.130,tunneling http trafficc,2.1513926836868974e-05,1.750689789639709e-93,regular http traffic
207.241.237.128,10.8.8.130,tunneling http trafficc,2.1513926836868974e-05,1.711836584810891e-93,regular http traffic
