src_ip,dest_ip,original_class,z_n,s_n,new_class
10.8.8.138,185.2.220.137,tunneling http trafficc,5.791689963475831e-05,6.689604963454676e-94,regular http traffic
185.2.220.137,10.8.8.138,tunneling http trafficc,4.1288054569505864e-05,1.0,tunneling http traffic
207.241.227.212,10.8.8.130,tunneling http trafficc,2.274935182815151e-05,1.6751629416412758e-93,regular http traffic
207.241.227.82,10.8.8.130,tunneling http trafficc,2.216386206458211e-05,1.6856792114983885e-93,regular http traffic
207.241.228.122,10.8.8.130,tunneling http trafficc,2.2091217310906668e-05,1.6917233157077242e-93,regular http traffic
207.241.236.176,10.8.8.130,tunneling http trafficc,2.2455705272318873e-05,1.6547483611203903e-93,regular http traffic
207.241.237.128,10.8.8.130,tunneling http trafficc,2.1370783163103386e-05,1.6170127024381525e-93,regular http traffic
