src_ip,dest_ip,original_class,z_n,s_n,new_class
10.8.8.138,185.2.220.137,tunneling http trafficc,5.781722593954075e-05,8.90248794414457e-94,regular http traffic
185.2.220.137,10.8.8.138,tunneling http trafficc,3.938277927039263e-05,1.0,tunneling http traffic
207.241.227.82,10.8.8.130,tunneling http trafficc,2.2091183777024115e-05,2.263618504926031e-93,regular http traffic
207.241.228.122,10.8.8.130,tunneling http trafficc,2.1513926836868974e-05,2.2414757412300143e-93,regular http traffic
207.241.236.176,10.8.8.130,tunneling http trafficc,4.082320982227748e-05,2.100817262253871e-93,regular http traffic
207.241.237.128,10.8.8.130,tunneling http trafficc,3.9907933154412393e-05,2.0693753798469895e-93,regular http traffic
