src_ip,dest_ip,original_class,z_n,s_n,new_class
10.8.8.138,185.2.220.137,tunneling http trafficc,5.781722593954075e-05,9.161749796078304e-94,regular http traffic
185.2.220.137,10.8.8.138,tunneling http trafficc,5.5755065153644934e-05,1.0,tunneling http traffic
207.241.227.82,10.8.8.130,tunneling http trafficc,2.2675769433355316e-05,2.33112167536533e-93,regular http traffic
207.241.228.122,10.8.8.130,tunneling http trafficc,2.1513926836868974e-05,2.3105982330958934e-93,regular http traffic
