src_ip,dest_ip,original_class,z_n,s_n,new_class
10.8.8.138,185.2.220.137,tunneling http trafficc,5.785514954321255e-05,7.501747345516163e-94,regular http traffic
185.2.220.137,10.8.8.138,tunneling http trafficc,5.811731839493829e-05,1.0,tunneling http traffic
207.241.227.212,10.8.8.130,tunneling http trafficc,3.8709734622034324e-05,1.8725933061546433e-93,regular http traffic
207.241.227.82,10.8.8.130,tunneling http trafficc,2.2455710397440486e-05,1.8988184375223435e-93,regular http traffic
207.241.228.122,10.8.8.130,tunneling http trafficc,2.1816403239883554e-05,1.8994680755709696e-93,regular http traffic
207.241.236.176,10.8.8.130,tunneling http trafficc,2.2455705272318873e-05,1.8678446810924833e-93,regular http traffic
207.241.237.128,10.8.8.130,tunneling http trafficc,2.260230254253976e-05,1.8276744796422317e-93,regular http traffic
