src_ip,dest_ip,original_class,z_n,s_n,new_class
10.8.8.138,185.2.220.137,tunneling http trafficc,5.750252012835209e-05,4.944576599576176e-94,regular http traffic
185.2.220.137,10.8.8.138,tunneling http trafficc,5.0644636841588e-05,7.92874162469296e-94,regular http traffic
207.241.227.212,10.8.8.130,tunneling http trafficc,2.2455705272318873e-05,1.2236358666927858e-93,regular http traffic
207.241.227.82,10.8.8.130,tunneling http trafficc,2.2455705272318873e-05,1.2341103200420858e-93,regular http traffic
207.241.228.122,10.8.8.130,tunneling http trafficc,2.1730668859705462e-05,1.2476395023292557e-93,regular http traffic
207.241.236.176,10.8.8.130,tunneling http trafficc,2.2455705272318873e-05,1.2693132286531768e-93,regular http traffic
207.241.237.128,10.8.8.130,tunneling http trafficc,2.2675771136276605e-05,1.1636062811954592e-93,regular http traffic
