src_ip,dest_ip,original_class,z_n,s_n,new_class
207.241.227.82,10.8.8.130,tunneling http trafficc,2.260230254253976e-05,2.8442523115312776e-93,regular http traffic
207.241.228.122,10.8.8.130,tunneling http trafficc,2.1729527251285402e-05,2.828825484546517e-93,regular http traffic
