src_ip,dest_ip,original_class,z_n,s_n,new_class
10.8.8.138,185.2.220.137,tunneling http trafficc,5.769880627828323e-05,8.746977090611265e-94,regular http traffic
185.2.220.137,10.8.8.138,tunneling http trafficc,2.8009828323824583e-05,1.0,tunneling http traffic
207.241.227.82,10.8.8.130,tunneling http trafficc,2.2091184879405387e-05,2.2226752332028477e-93,regular http traffic
207.241.228.122,10.8.8.130,tunneling http trafficc,2.1513926836868974e-05,2.1998090420979813e-93,regular http traffic
207.241.236.176,10.8.8.130,tunneling http trafficc,4.857142426400597e-05,2.0788771909016192e-93,regular http traffic
207.241.237.128,10.8.8.130,tunneling http trafficc,5.6848619760673203e-05,2.0472623589459313e-93,regular http traffic
