src_ip,dest_ip,original_class,z_n,s_n,new_class
10.8.8.138,185.2.220.137,tunneling http trafficc,5.791689963475831e-05,4.1311989973716047e-94,regular http traffic
185.2.220.137,10.8.8.138,tunneling http trafficc,3.232229272009343e-05,6.732718210626971e-94,regular http traffic
207.241.227.212,10.8.8.130,tunneling http trafficc,2.2309557217522685e-05,1.0114797010030027e-93,regular http traffic
207.241.227.82,10.8.8.130,tunneling http trafficc,2.2091183777024115e-05,1.0204398444399358e-93,regular http traffic
207.241.228.122,10.8.8.130,tunneling http trafficc,2.151392756263616e-05,1.0410437448687655e-93,regular http traffic
207.241.236.176,10.8.8.130,tunneling http trafficc,4.3203050607015824e-05,1.0599221793887108e-93,regular http traffic
207.241.237.128,10.8.8.130,tunneling http trafficc,2.260230254253976e-05,9.520331538155849e-94,regular http traffic
