src_ip,dest_ip,original_class,z_n,s_n,new_class
207.241.227.82,10.8.8.130,tunneling http trafficc,2.230956801583335e-05,2.9842038073859727e-93,regular http traffic
207.241.228.122,10.8.8.130,tunneling http trafficc,4.779850318620662e-05,2.957992762485941e-93,regular http traffic
