src_ip,dest_ip,original_class,z_n,s_n,new_class
10.8.8.138,185.2.220.137,tunneling http trafficc,5.785514954321255e-05,5.61855804716763e-94,regular http traffic
185.2.220.137,10.8.8.138,tunneling http trafficc,4.526723291891244e-05,9.140234333061004e-94,regular http traffic
207.241.227.212,10.8.8.130,tunneling http trafficc,2.1946175443658668e-05,1.3943820356921548e-93,regular http traffic
207.241.227.82,10.8.8.130,tunneling http trafficc,2.2091183777024115e-05,1.4104962880213315e-93,regular http traffic
207.241.228.122,10.8.8.130,tunneling http trafficc,2.1453900730668335e-05,1.4219869572475862e-93,regular http traffic
207.241.236.176,10.8.8.130,tunneling http trafficc,2.1513926836868974e-05,1.4422824989561911e-93,regular http traffic
207.241.237.128,10.8.8.130,tunneling http trafficc,2.2309557217522685e-05,1.336343847696143e-93,regular http traffic
