src_ip,dest_ip,original_class,z_n,s_n,new_class
10.8.8.138,185.2.220.137,tunneling http trafficc,5.791689963475831e-05,5.15200084147287e-94,regular http traffic
185.2.220.137,10.8.8.138,tunneling http trafficc,5.787399381688581e-05,8.285814417386672e-94,regular http traffic
207.241.227.212,10.8.8.130,tunneling http trafficc,4.022746653844088e-05,1.2726204849920769e-93,regular http traffic
207.241.227.82,10.8.8.130,tunneling http trafficc,2.1513926836868974e-05,1.2886609659770726e-93,regular http traffic
207.241.228.122,10.8.8.130,tunneling http trafficc,2.267640399153068e-05,1.3023415307512386e-93,regular http traffic
207.241.236.176,10.8.8.130,tunneling http trafficc,2.274941584972889e-05,1.3207559337464279e-93,regular http traffic
207.241.237.128,10.8.8.130,tunneling http trafficc,2.144355198602727e-05,1.2160765289232676e-93,regular http traffic
