src_ip,dest_ip,original_class,z_n,s_n,new_class
10.8.8.138,185.2.220.137,tunneling http trafficc,5.785514954321255e-05,5.877774381797805e-94,regular http traffic
185.2.220.137,10.8.8.138,tunneling http trafficc,5.15227627090813e-05,9.533043571562678e-94,regular http traffic
207.241.227.212,10.8.8.130,tunneling http trafficc,2.1657543259365027e-05,1.461959545561673e-93,regular http traffic
207.241.227.82,10.8.8.130,tunneling http trafficc,2.1513926836868974e-05,1.4734036899164102e-93,regular http traffic
207.241.228.122,10.8.8.130,tunneling http trafficc,2.2455714217816715e-05,1.4901564262529458e-93,regular http traffic
207.241.236.176,10.8.8.130,tunneling http trafficc,3.984138320230363e-05,1.4807290556880355e-93,regular http traffic
207.241.237.128,10.8.8.130,tunneling http trafficc,2.223870294934465e-05,1.4042700949903344e-93,regular http traffic
