src_ip,dest_ip,original_class,z_n,s_n,new_class
10.8.8.138,185.2.220.137,tunneling http trafficc,5.766466297844984e-05,9.351963773389869e-94,regular http traffic
185.2.220.137,10.8.8.138,tunneling http trafficc,5.655707626727865e-05,1.0,tunneling http traffic
207.241.227.82,10.8.8.130,tunneling http trafficc,2.2675771384571506e-05,2.3788236195355717e-93,regular http traffic
207.241.228.122,10.8.8.130,tunneling http trafficc,2.1513926836868974e-05,2.361036940926504e-93,regular http traffic
