src_ip,dest_ip,original_class,z_n,s_n,new_class
207.241.227.82,10.8.8.130,tunneling http trafficc,2.2455710397440486e-05,2.812806190339693e-93,regular http traffic
207.241.228.122,10.8.8.130,tunneling http trafficc,2.2602479210708236e-05,2.7967728036866726e-93,regular http traffic
