src_ip,dest_ip,original_class,z_n,s_n,new_class
10.8.8.138,185.2.220.137,tunneling http trafficc,5.772372439882085e-05,1.0458664299924313e-93,regular http traffic
185.2.220.137,10.8.8.138,tunneling http trafficc,5.258911970813474e-05,1.0,tunneling http traffic
207.241.227.82,10.8.8.130,tunneling http trafficc,2.2091184879405387e-05,2.668800459357906e-93,regular http traffic
207.241.228.122,10.8.8.130,tunneling http trafficc,2.1513926836868974e-05,2.651527832311268e-93,regular http traffic
