src_ip,dest_ip,original_class,z_n,s_n,new_class
10.8.8.138,185.2.220.137,tunneling http trafficc,5.791689963475831e-05,8.971613678027479e-94,regular http traffic
185.2.220.137,10.8.8.138,tunneling http trafficc,3.7980107935618836e-05,1.0,tunneling http traffic
207.241.227.82,10.8.8.130,tunneling http trafficc,2.1873854687136357e-05,2.28181814585592e-93,regular http traffic
207.241.228.122,10.8.8.130,tunneling http trafficc,2.1513926836868974e-05,2.260067948848002e-93,regular http traffic
207.241.236.176,10.8.8.130,tunneling http trafficc,4.074000257907185e-05,2.1107861042064212e-93,regular http traffic
207.241.237.128,10.8.8.130,tunneling http trafficc,4.217039039801553e-05,2.0842415731782144e-93,regular http traffic
