src_ip,dest_ip,original_class,z_n,s_n,new_class
10.8.8.138,185.2.220.137,tunneling http trafficc,5.791689963475831e-05,3.6810801107102624e-94,regular http traffic
185.2.220.137,10.8.8.138,tunneling http trafficc,5.822500150971506e-05,6.019871765495728e-94,regular http traffic
207.241.227.212,10.8.8.130,tunneling http trafficc,2.2455705272318873e-05,8.940987427455141e-94,regular http traffic
207.241.227.82,10.8.8.130,tunneling http trafficc,2.1442754700811403e-05,9.023179814005911e-94,regular http traffic
207.241.228.122,10.8.8.130,tunneling http trafficc,2.1513926836868974e-05,9.222855668528774e-94,regular http traffic
207.241.236.176,10.8.8.130,tunneling http trafficc,2.2455705272318873e-05,9.586513644848596e-94,regular http traffic
207.241.237.128,10.8.8.130,tunneling http trafficc,2.2091184879405387e-05,8.373160678056564e-94,regular http traffic
