src_ip,dest_ip,original_class,z_n,s_n,new_class
10.8.8.138,185.2.220.137,tunneling http trafficc,5.785514954321255e-05,6.862440424558029e-94,regular http traffic
185.2.220.137,10.8.8.138,tunneling http trafficc,5.271014441244465e-05,1.0,tunneling http traffic
207.241.227.212,10.8.8.130,tunneling http trafficc,2.274935182815151e-05,1.7192769220933412e-93,regular http traffic
207.241.227.82,10.8.8.130,tunneling http trafficc,2.1513926836868974e-05,1.7311370910182292e-93,regular http traffic
207.241.228.122,10.8.8.130,tunneling http trafficc,2.2237039066393218e-05,1.7363271379304959e-93,regular http traffic
207.241.236.176,10.8.8.130,tunneling http trafficc,2.260230309892013e-05,1.700237589692012e-93,regular http traffic
207.241.237.128,10.8.8.130,tunneling http trafficc,2.2091183777024115e-05,1.6620806187172506e-93,regular http traffic
