src_ip,dest_ip,original_class,z_n,s_n,new_class
10.8.8.138,185.2.220.137,tunneling http trafficc,5.791689963475831e-05,3.438590324206139e-94,regular http traffic
185.2.220.137,10.8.8.138,tunneling http trafficc,1.677463671513898e-05,5.67549968762216e-94,regular http traffic
207.241.227.212,10.8.8.130,tunneling http trafficc,2.1513926836868974e-05,8.30769381292099e-94,regular http traffic
207.241.227.82,10.8.8.130,tunneling http trafficc,2.2091183777024115e-05,8.3880287705184e-94,regular http traffic
207.241.228.122,10.8.8.130,tunneling http trafficc,2.1513926836868974e-05,8.609583004204121e-94,regular http traffic
207.241.236.176,10.8.8.130,tunneling http trafficc,2.230969658201346e-05,8.958233202030381e-94,regular http traffic
207.241.237.128,10.8.8.130,tunneling http trafficc,2.1729527251285402e-05,7.743526187499954e-94,regular http traffic
