src_ip,dest_ip,original_class,z_n,s_n,new_class
10.8.8.138,185.2.220.137,tunneling http trafficc,5.791689963475831e-05,5.342129368702476e-94,regular http traffic
185.2.220.137,10.8.8.138,tunneling http trafficc,5.733476052548927e-05,8.621368871549126e-94,regular http traffic
207.241.227.212,10.8.8.130,tunneling http trafficc,2.2455705272318873e-05,1.322652233543931e-93,regular http traffic
207.241.227.82,10.8.8.130,tunneling http trafficc,2.2164603053236583e-05,1.3385244796434918e-93,regular http traffic
207.241.228.122,10.8.8.130,tunneling http trafficc,2.1442299220566943e-05,1.349811580350343e-93,regular http traffic
207.241.236.176,10.8.8.130,tunneling http trafficc,2.260230309892013e-05,1.3698055021359983e-93,regular http traffic
207.241.237.128,10.8.8.130,tunneling http trafficc,2.2019024145195816e-05,1.2662206827587395e-93,regular http traffic
