src_ip,dest_ip,original_class,z_n,s_n,new_class
10.8.8.138,185.2.220.137,tunneling http trafficc,5.785514954321255e-05,5.100117800365264e-94,regular http traffic
185.2.220.137,10.8.8.138,tunneling http trafficc,2.6966707759932657e-05,8.212801213370373e-94,regular http traffic
207.241.227.212,10.8.8.130,tunneling http trafficc,2.2455705272318873e-05,1.2637728625037705e-93,regular http traffic
207.241.227.82,10.8.8.130,tunneling http trafficc,2.1513926836868974e-05,1.2748972036512284e-93,regular http traffic
207.241.228.122,10.8.8.130,tunneling http trafficc,2.2091183777024115e-05,1.288878575102683e-93,regular http traffic
207.241.236.176,10.8.8.130,tunneling http trafficc,2.1513926836868974e-05,1.3074829773121866e-93,regular http traffic
207.241.237.128,10.8.8.130,tunneling http trafficc,2.1946352000414405e-05,1.2021171191030337e-93,regular http traffic
