src_ip,dest_ip,original_class,z_n,s_n,new_class
10.8.8.138,185.2.220.137,tunneling http trafficc,5.791689963475831e-05,7.380836236793525e-94,regular http traffic
185.2.220.137,10.8.8.138,tunneling http trafficc,1.4659587137395997e-05,1.0,tunneling http traffic
207.241.227.212,10.8.8.130,tunneling http trafficc,2.2455705272318873e-05,1.8542507085142337e-93,regular http traffic
207.241.227.82,10.8.8.130,tunneling http trafficc,2.1801629541049194e-05,1.867420632368104e-93,regular http traffic
207.241.228.122,10.8.8.130,tunneling http trafficc,2.180170792581729e-05,1.8700094580415134e-93,regular http traffic
207.241.236.176,10.8.8.130,tunneling http trafficc,2.1513926836868974e-05,1.8359363572313514e-93,regular http traffic
207.241.237.128,10.8.8.130,tunneling http trafficc,2.1513926836868974e-05,1.7960847636062527e-93,regular http traffic
