src_ip,dest_ip,original_class,z_n,s_n,new_class
10.8.8.138,185.2.220.137,tunneling http trafficc,5.769880627828323e-05,9.697781032624149e-94,regular http traffic
185.2.220.137,10.8.8.138,tunneling http trafficc,4.887584369460045e-05,1.0,tunneling http traffic
207.241.227.82,10.8.8.130,tunneling http trafficc,2.1513926836868974e-05,2.469756934333157e-93,regular http traffic
207.241.228.122,10.8.8.130,tunneling http trafficc,2.2455705272318873e-05,2.451531473465012e-93,regular http traffic
