src_ip,dest_ip,original_class,z_n,s_n,new_class
10.8.8.138,185.2.220.137,tunneling http trafficc,5.785514954321255e-05,6.102151883047235e-94,regular http traffic
185.2.220.137,10.8.8.138,tunneling http trafficc,5.386422440204441e-05,1.0,tunneling http traffic
207.241.227.212,10.8.8.130,tunneling http trafficc,2.2382588410461784e-05,1.521162977501741e-93,regular http traffic
207.241.227.82,10.8.8.130,tunneling http trafficc,2.216386206458211e-05,1.5322785443065586e-93,regular http traffic
207.241.228.122,10.8.8.130,tunneling http trafficc,2.230956801583335e-05,1.546804400838378e-93,regular http traffic
207.241.236.176,10.8.8.130,tunneling http trafficc,2.4551168159520758e-05,1.5249802661376306e-93,regular http traffic
207.241.237.128,10.8.8.130,tunneling http trafficc,2.216386206458211e-05,1.463217378151657e-93,regular http traffic
