src_ip,dest_ip,original_class,z_n,s_n,new_class
10.8.8.138,185.2.220.137,tunneling http trafficc,0.00017509312535677287,1.8548665129574222e-94,regular http traffic
185.2.220.137,10.8.8.138,tunneling http trafficc,0.00011801984125713861,3.0511313099786073e-94,regular http traffic
207.241.227.212,10.8.8.130,tunneling http trafficc,6.550910813557974e-05,4.426518106031582e-94,regular http traffic
207.241.227.82,10.8.8.130,tunneling http trafficc,6.550910813557974e-05,4.520813211710336e-94,regular http traffic
207.241.228.122,10.8.8.130,tunneling http trafficc,7.286766135280609e-05,4.556058381206639e-94,regular http traffic
207.241.236.176,10.8.8.130,tunneling http trafficc,6.638160770747904e-05,4.6566316232135865e-94,regular http traffic
207.241.237.128,10.8.8.130,tunneling http trafficc,6.550910813557974e-05,4.3342356521295616e-94,regular http traffic
