src_ip,dest_ip,original_class,z_n,s_n,new_class
10.8.8.138,185.2.220.137,tunneling http trafficc,0.00017529727348168731,2.855820116854676e-94,regular http traffic
185.2.220.137,10.8.8.138,tunneling http trafficc,0.0001574176613018096,4.606438850178771e-94,regular http traffic
207.241.227.82,10.8.8.130,tunneling http trafficc,6.31391489982944e-05,7.035534853790388e-94,regular http traffic
207.241.228.122,10.8.8.130,tunneling http trafficc,7.286766135280609e-05,6.96456892602619e-94,regular http traffic
207.241.236.176,10.8.8.130,tunneling http trafficc,4.4492804701859773e-05,6.691368205252658e-94,regular http traffic
207.241.237.128,10.8.8.130,tunneling http trafficc,0.0001013906630699469,6.585897306834668e-94,regular http traffic
