src_ip,dest_ip,original_class,z_n,s_n,new_class
10.8.8.138,185.2.220.137,tunneling http trafficc,0.00017529727348168731,1.4541913075229733e-94,regular http traffic
185.2.220.137,10.8.8.138,tunneling http trafficc,0.00011801984125713861,2.373311413405483e-94,regular http traffic
207.241.227.212,10.8.8.130,tunneling http trafficc,7.586065389896928e-05,3.4139857002865163e-94,regular http traffic
207.241.227.82,10.8.8.130,tunneling http trafficc,6.550912800687894e-05,3.5042209881372974e-94,regular http traffic
207.241.228.122,10.8.8.130,tunneling http trafficc,6.31391489982944e-05,3.5617893078000423e-94,regular http traffic
207.241.236.176,10.8.8.130,tunneling http trafficc,6.550910813557974e-05,3.6266237709805507e-94,regular http traffic
207.241.237.128,10.8.8.130,tunneling http trafficc,6.31391489982944e-05,3.3200148868144094e-94,regular http traffic
