src_ip,dest_ip,original_class,z_n,s_n,new_class
10.8.8.138,185.2.220.137,tunneling http trafficc,0.00017529727348168731,2.2145380331612588e-94,regular http traffic
185.2.220.137,10.8.8.138,tunneling http trafficc,0.0001277343612829848,3.589793277715513e-94,regular http traffic
207.241.227.212,10.8.8.130,tunneling http trafficc,6.399592858690813e-05,5.346145009576417e-94,regular http traffic
207.241.227.82,10.8.8.130,tunneling http trafficc,7.586065389896928e-05,5.412861370288124e-94,regular http traffic
207.241.228.122,10.8.8.130,tunneling http trafficc,6.464237566808775e-05,5.440535193990713e-94,regular http traffic
207.241.236.176,10.8.8.130,tunneling http trafficc,6.550910813557974e-05,5.371776226945537e-94,regular http traffic
207.241.237.128,10.8.8.130,tunneling http trafficc,6.747996994309586e-05,5.253824519085724e-94,regular http traffic
