src_ip,dest_ip,original_class,z_n,s_n,new_class
10.8.8.138,185.2.220.137,tunneling http trafficc,0.00017509312535677287,2.3743916791756458e-94,regular http traffic
185.2.220.137,10.8.8.138,tunneling http trafficc,0.00010735651856064467,3.853269244282676e-94,regular http traffic
207.241.227.212,10.8.8.130,tunneling http trafficc,7.286766135280609e-05,5.768745979226877e-94,regular http traffic
207.241.227.82,10.8.8.130,tunneling http trafficc,6.836482474921314e-05,5.808468135018585e-94,regular http traffic
207.241.228.122,10.8.8.130,tunneling http trafficc,6.704094595514178e-05,5.842817936615523e-94,regular http traffic
207.241.236.176,10.8.8.130,tunneling http trafficc,7.286766135280609e-05,5.769364485707378e-94,regular http traffic
207.241.237.128,10.8.8.130,tunneling http trafficc,7.286766135280609e-05,5.666695946057514e-94,regular http traffic
