src_ip,dest_ip,original_class,z_n,s_n,new_class
10.8.8.138,185.2.220.137,tunneling http trafficc,0.0001749072182659004,1.3455244305691438e-94,regular http traffic
185.2.220.137,10.8.8.138,tunneling http trafficc,0.00011445538048792779,2.2137110517691752e-94,regular http traffic
207.241.227.212,10.8.8.130,tunneling http trafficc,7.105119592870179e-05,3.149856692539374e-94,regular http traffic
207.241.227.82,10.8.8.130,tunneling http trafficc,6.616295335677473e-05,3.229387382016191e-94,regular http traffic
207.241.228.122,10.8.8.130,tunneling http trafficc,6.422715870528034e-05,3.2847722725875783e-94,regular http traffic
207.241.236.176,10.8.8.130,tunneling http trafficc,0.00015791130962878678,3.373137285346908e-94,regular http traffic
207.241.237.128,10.8.8.130,tunneling http trafficc,6.31391489982944e-05,3.037789216004962e-94,regular http traffic
