src_ip,dest_ip,original_class,z_n,s_n,new_class
10.8.8.138,185.2.220.137,tunneling http trafficc,0.00017529727348168731,1.2193421799349006e-94,regular http traffic
185.2.220.137,10.8.8.138,tunneling http trafficc,0.00017362801195133288,2.0064782083908836e-94,regular http traffic
207.241.227.212,10.8.8.130,tunneling http trafficc,6.550910813557974e-05,2.8378050087522943e-94,regular http traffic
207.241.227.82,10.8.8.130,tunneling http trafficc,6.61643390394629e-05,2.911585323398602e-94,regular http traffic
207.241.228.122,10.8.8.130,tunneling http trafficc,7.286766135280609e-05,2.972051901193663e-94,regular http traffic
207.241.236.176,10.8.8.130,tunneling http trafficc,6.550910813557974e-05,3.075289608588672e-94,regular http traffic
207.241.237.128,10.8.8.130,tunneling http trafficc,7.10511978384713e-05,2.721599653309298e-94,regular http traffic
