src_ip,dest_ip,original_class,z_n,s_n,new_class
10.8.8.138,185.2.220.137,tunneling http trafficc,0.00017529727348168731,1.974755084663878e-94,regular http traffic
185.2.220.137,10.8.8.138,tunneling http trafficc,0.00014080737020378523,3.228461067341378e-94,regular http traffic
207.241.227.212,10.8.8.130,tunneling http trafficc,7.586065389896928e-05,4.7290471749256785e-94,regular http traffic
207.241.227.82,10.8.8.130,tunneling http trafficc,6.770079404851469e-05,4.809516662929344e-94,regular http traffic
207.241.228.122,10.8.8.130,tunneling http trafficc,6.903201870630879e-05,4.862392007892904e-94,regular http traffic
207.241.236.176,10.8.8.130,tunneling http trafficc,0.00014571893902895104,4.862823583218006e-94,regular http traffic
207.241.237.128,10.8.8.130,tunneling http trafficc,7.286766135280609e-05,4.635765272073963e-94,regular http traffic
