src_ip,dest_ip,original_class,z_n,s_n,new_class
10.8.8.138,185.2.220.137,tunneling http trafficc,0.00017509312535677287,1.746070049528754e-94,regular http traffic
185.2.220.137,10.8.8.138,tunneling http trafficc,5.631454768971493e-05,2.846755803870909e-94,regular http traffic
207.241.227.212,10.8.8.130,tunneling http trafficc,6.703965310192625e-05,4.145784535278207e-94,regular http traffic
207.241.227.82,10.8.8.130,tunneling http trafficc,6.550910813557974e-05,4.248421945780534e-94,regular http traffic
207.241.228.122,10.8.8.130,tunneling http trafficc,7.286766135280609e-05,4.2781443090977123e-94,regular http traffic
207.241.236.176,10.8.8.130,tunneling http trafficc,6.550910813557974e-05,4.3773015323197863e-94,regular http traffic
207.241.237.128,10.8.8.130,tunneling http trafficc,7.105119592870179e-05,4.0655839479791886e-94,regular http traffic
