src_ip,dest_ip,original_class,z_n,s_n,new_class
10.8.8.138,185.2.220.137,tunneling http trafficc,0.00017509312535677287,2.431494144211746e-94,regular http traffic
185.2.220.137,10.8.8.138,tunneling http trafficc,0.00012279718245056302,3.9345102618931183e-94,regular http traffic
207.241.227.212,10.8.8.130,tunneling http trafficc,7.286766135280609e-05,5.911302074929109e-94,regular http traffic
207.241.227.82,10.8.8.130,tunneling http trafficc,7.586065389896928e-05,5.947696691655715e-94,regular http traffic
207.241.228.122,10.8.8.130,tunneling http trafficc,6.947909502827852e-05,5.983961842481835e-94,regular http traffic
207.241.236.176,10.8.8.130,tunneling http trafficc,7.286766135280609e-05,5.898712470914034e-94,regular http traffic
207.241.237.128,10.8.8.130,tunneling http trafficc,6.550910870352287e-05,5.811444380678957e-94,regular http traffic
