src_ip,dest_ip,original_class,z_n,s_n,new_class
10.8.8.138,185.2.220.137,tunneling http trafficc,0.00017331936638674222,1.551546027500432e-94,regular http traffic
185.2.220.137,10.8.8.138,tunneling http trafficc,0.0001729322620880947,2.507454708770236e-94,regular http traffic
207.241.227.212,10.8.8.130,tunneling http trafficc,7.286766135280609e-05,3.652781706601396e-94,regular http traffic
207.241.227.82,10.8.8.130,tunneling http trafficc,6.550910813557974e-05,3.750890044975003e-94,regular http traffic
207.241.228.122,10.8.8.130,tunneling http trafficc,6.993065661744217e-05,3.8117907106331896e-94,regular http traffic
207.241.236.176,10.8.8.130,tunneling http trafficc,6.550910813557974e-05,3.881996068112781e-94,regular http traffic
207.241.237.128,10.8.8.130,tunneling http trafficc,6.31391489982944e-05,3.5746493232054734e-94,regular http traffic
