src_ip,dest_ip,original_class,z_n,s_n,new_class
10.8.8.138,185.2.220.137,tunneling http trafficc,0.00017529727348168731,2.1118001546176458e-94,regular http traffic
185.2.220.137,10.8.8.138,tunneling http trafficc,7.3857477509804e-05,3.43112224076286e-94,regular http traffic
207.241.227.212,10.8.8.130,tunneling http trafficc,6.31391489982944e-05,5.073172291894335e-94,regular http traffic
207.241.227.82,10.8.8.130,tunneling http trafficc,6.703965310192625e-05,5.159000348656598e-94,regular http traffic
207.241.228.122,10.8.8.130,tunneling http trafficc,7.586180980052495e-05,5.186498092503992e-94,regular http traffic
207.241.236.176,10.8.8.130,tunneling http trafficc,6.704094595514178e-05,5.112447571685029e-94,regular http traffic
207.241.237.128,10.8.8.130,tunneling http trafficc,7.286766135280609e-05,4.987390034799785e-94,regular http traffic
