src_ip,dest_ip,original_class,z_n,s_n,new_class
10.8.8.138,185.2.220.137,tunneling http trafficc,0.00017509312535677287,2.2830543399872392e-94,regular http traffic
185.2.220.137,10.8.8.138,tunneling http trafficc,0.00017436469457675154,3.70641888612205e-94,regular http traffic
207.241.227.212,10.8.8.130,tunneling http trafficc,7.401297391541433e-05,5.529171489221849e-94,regular http traffic
207.241.227.82,10.8.8.130,tunneling http trafficc,7.263957170068893e-05,5.579691137435017e-94,regular http traffic
207.241.228.122,10.8.8.130,tunneling http trafficc,6.836482474921314e-05,5.618117287854062e-94,regular http traffic
207.241.236.176,10.8.8.130,tunneling http trafficc,7.286766135280609e-05,5.544016681746328e-94,regular http traffic
207.241.237.128,10.8.8.130,tunneling http trafficc,6.638160770747904e-05,5.432902841811813e-94,regular http traffic
