src_ip,dest_ip,original_class,z_n,s_n,new_class
10.8.8.138,185.2.220.137,tunneling http trafficc,0.00017331936638674222,1.437080521664157e-94,regular http traffic
185.2.220.137,10.8.8.138,tunneling http trafficc,0.00014462704941864814,2.3397489526889567e-94,regular http traffic
207.241.227.212,10.8.8.130,tunneling http trafficc,7.609291813537467e-05,3.3721548436671036e-94,regular http traffic
207.241.227.82,10.8.8.130,tunneling http trafficc,7.286766135280609e-05,3.4584288341191e-94,regular http traffic
207.241.228.122,10.8.8.130,tunneling http trafficc,7.015453092791797e-05,3.5183495303387464e-94,regular http traffic
207.241.236.176,10.8.8.130,tunneling http trafficc,7.332535945531471e-05,3.582373156434745e-94,regular http traffic
207.241.237.128,10.8.8.130,tunneling http trafficc,6.836482474921314e-05,3.273714415596735e-94,regular http traffic
