src_ip,dest_ip,original_class,z_n,s_n,new_class
10.8.8.138,185.2.220.137,tunneling http trafficc,0.0001743295675977617,2.7755387731499724e-94,regular http traffic
185.2.220.137,10.8.8.138,tunneling http trafficc,0.00010707670473796685,4.490532176583359e-94,regular http traffic
207.241.227.212,10.8.8.130,tunneling http trafficc,0.00012103621715770235,6.445169543870486e-94,regular http traffic
207.241.227.82,10.8.8.130,tunneling http trafficc,6.836482474921314e-05,6.837372996592802e-94,regular http traffic
207.241.228.122,10.8.8.130,tunneling http trafficc,0.00012067497839665034,6.765052892165155e-94,regular http traffic
207.241.236.176,10.8.8.130,tunneling http trafficc,9.242751185698138e-05,6.560026768339482e-94,regular http traffic
207.241.237.128,10.8.8.130,tunneling http trafficc,0.00012012210353191274,6.471744680417582e-94,regular http traffic
