src_ip,dest_ip,original_class,z_n,s_n,new_class
10.8.8.138,185.2.220.137,tunneling http trafficc,0.00017509312535677287,2.054660602282968e-94,regular http traffic
185.2.220.137,10.8.8.138,tunneling http trafficc,0.00016382176437653456,3.3442918185477186e-94,regular http traffic
207.241.227.212,10.8.8.130,tunneling http trafficc,6.836482474921314e-05,4.928175843013426e-94,regular http traffic
207.241.227.82,10.8.8.130,tunneling http trafficc,7.10511978384713e-05,5.01082564618514e-94,regular http traffic
207.241.228.122,10.8.8.130,tunneling http trafficc,6.31391489982944e-05,5.062732957805342e-94,regular http traffic
207.241.236.176,10.8.8.130,tunneling http trafficc,0.0001532187294620971,5.009724044848886e-94,regular http traffic
207.241.237.128,10.8.8.130,tunneling http trafficc,6.550910870352287e-05,4.841645507212903e-94,regular http traffic
