src_ip,dest_ip,original_class,z_n,s_n,new_class
10.8.8.138,185.2.220.137,tunneling http trafficc,0.00017509312535677287,2.4657290183640556e-94,regular http traffic
185.2.220.137,10.8.8.138,tunneling http trafficc,7.739124012995633e-05,4.0143607134819125e-94,regular http traffic
207.241.227.212,10.8.8.130,tunneling http trafficc,0.00012163299648452383,5.981233300791333e-94,regular http traffic
207.241.227.82,10.8.8.130,tunneling http trafficc,6.31391489982944e-05,6.034833423367312e-94,regular http traffic
207.241.228.122,10.8.8.130,tunneling http trafficc,6.336129551757479e-05,6.063473119377825e-94,regular http traffic
207.241.236.176,10.8.8.130,tunneling http trafficc,6.7479972022513e-05,5.983684771281141e-94,regular http traffic
207.241.237.128,10.8.8.130,tunneling http trafficc,7.130018736321373e-05,5.901328606022657e-94,regular http traffic
