src_ip,dest_ip,original_class,z_n,s_n,new_class
10.8.8.138,185.2.220.137,tunneling http trafficc,0.0001719122218568134,1.7518859716137523e-94,regular http traffic
185.2.220.137,10.8.8.138,tunneling http trafficc,9.865652439380072e-05,2.856890980937196e-94,regular http traffic
207.241.227.212,10.8.8.130,tunneling http trafficc,7.286766135280609e-05,4.159507044190594e-94,regular http traffic
207.241.227.82,10.8.8.130,tunneling http trafficc,7.105119592870179e-05,4.262495304233325e-94,regular http traffic
207.241.228.122,10.8.8.130,tunneling http trafficc,6.836498144202677e-05,4.292770680873539e-94,regular http traffic
207.241.236.176,10.8.8.130,tunneling http trafficc,6.550910813557974e-05,4.392565585202667e-94,regular http traffic
207.241.237.128,10.8.8.130,tunneling http trafficc,6.550910813557974e-05,4.0808480008620695e-94,regular http traffic
