src_ip,dest_ip,original_class,z_n,s_n,new_class
10.8.8.138,185.2.220.137,tunneling http trafficc,0.00017529727348168731,2.1060965593313737e-94,regular http traffic
185.2.220.137,10.8.8.138,tunneling http trafficc,0.0001151523367880097,3.4175836502743104e-94,regular http traffic
207.241.227.212,10.8.8.130,tunneling http trafficc,7.49348877029426e-05,5.057335257713243e-94,regular http traffic
207.241.227.82,10.8.8.130,tunneling http trafficc,6.464237566808775e-05,5.144084803690596e-94,regular http traffic
207.241.228.122,10.8.8.130,tunneling http trafficc,7.286766135280609e-05,5.173317229289425e-94,regular http traffic
207.241.236.176,10.8.8.130,tunneling http trafficc,0.00011456912885368283,5.097532314377605e-94,regular http traffic
207.241.237.128,10.8.8.130,tunneling http trafficc,6.682000694470767e-05,4.973667525887399e-94,regular http traffic
