src_ip,dest_ip,original_class,z_n,s_n,new_class
10.8.8.138,185.2.220.137,tunneling http trafficc,0.00017362801195133288,1.1676165022629698e-94,regular http traffic
185.2.220.137,10.8.8.138,tunneling http trafficc,8.040985957269244e-05,1.926481636901666e-94,regular http traffic
207.241.227.212,10.8.8.130,tunneling http trafficc,7.332487457339357e-05,2.7108853955818936e-94,regular http traffic
207.241.227.82,10.8.8.130,tunneling http trafficc,6.31391489982944e-05,2.780014246026742e-94,regular http traffic
207.241.228.122,10.8.8.130,tunneling http trafficc,7.286766135280609e-05,2.854960510152617e-94,regular http traffic
207.241.236.176,10.8.8.130,tunneling http trafficc,6.550910813557974e-05,2.941232003655395e-94,regular http traffic
207.241.237.128,10.8.8.130,tunneling http trafficc,7.199963513165257e-05,2.5909886350390503e-94,regular http traffic
