src_ip,dest_ip,original_class,z_n,s_n,new_class
10.8.8.138,185.2.220.137,tunneling http trafficc,0.00017509312535677287,2.2659302516937474e-94,regular http traffic
185.2.220.137,10.8.8.138,tunneling http trafficc,8.090777559822217e-05,3.6883535760648615e-94,regular http traffic
207.241.227.212,10.8.8.130,tunneling http trafficc,6.399592858690813e-05,5.484923152121525e-94,regular http traffic
207.241.227.82,10.8.8.130,tunneling http trafficc,7.309611570650955e-05,5.538315068255534e-94,regular http traffic
207.241.228.122,10.8.8.130,tunneling http trafficc,6.836482474921314e-05,5.573757892802169e-94,regular http traffic
207.241.236.176,10.8.8.130,tunneling http trafficc,7.105119592870179e-05,5.501307611171017e-94,regular http traffic
207.241.237.128,10.8.8.130,tunneling http trafficc,7.286766135280609e-05,5.389188814232459e-94,regular http traffic
