src_ip,dest_ip,original_class,z_n,s_n,new_class
10.8.8.138,185.2.220.137,tunneling http trafficc,0.00017161035113235032,2.7813649274760467e-94,regular http traffic
185.2.220.137,10.8.8.138,tunneling http trafficc,0.00017450553304372272,4.496261653907247e-94,regular http traffic
207.241.227.212,10.8.8.130,tunneling http trafficc,0.00011367469674484599,6.453965576355601e-94,regular http traffic
207.241.227.82,10.8.8.130,tunneling http trafficc,7.286766135280609e-05,6.851095505505188e-94,regular http traffic
207.241.228.122,10.8.8.130,tunneling http trafficc,7.108803127652311e-05,6.779118957774415e-94,regular http traffic
207.241.236.176,10.8.8.130,tunneling http trafficc,0.000119066265978841,6.568424452818071e-94,regular http traffic
207.241.237.128,10.8.8.130,tunneling http trafficc,0.00011048122380815669,6.480794992174741e-94,regular http traffic
