src_ip,dest_ip,original_class,z_n,s_n,new_class
10.8.8.138,185.2.220.137,tunneling http trafficc,0.00017509312535677287,2.4086531581973054e-94,regular http traffic
185.2.220.137,10.8.8.138,tunneling http trafficc,0.00017095281186103056,3.894189610608036e-94,regular http traffic
207.241.227.212,10.8.8.130,tunneling http trafficc,7.105119592870179e-05,5.854330888544258e-94,regular http traffic
207.241.227.82,10.8.8.130,tunneling http trafficc,6.836509271371256e-05,5.892698302146943e-94,regular http traffic
207.241.228.122,10.8.8.130,tunneling http trafficc,7.199963513165257e-05,5.927451028131325e-94,regular http traffic
207.241.236.176,10.8.8.130,tunneling http trafficc,7.286766135280609e-05,5.843822435264489e-94,regular http traffic
207.241.237.128,10.8.8.130,tunneling http trafficc,7.286766135280609e-05,5.751027625071198e-94,regular http traffic
