src_ip,dest_ip,original_class,z_n,s_n,new_class
10.8.8.138,185.2.220.137,tunneling http trafficc,0.00017529727348168731,1.419891913765988e-94,regular http traffic
185.2.220.137,10.8.8.138,tunneling http trafficc,0.00011239485999813546,2.3177235072553082e-94,regular http traffic
207.241.227.212,10.8.8.130,tunneling http trafficc,7.10511978384713e-05,3.332196014602255e-94,regular http traffic
207.241.227.82,10.8.8.130,tunneling http trafficc,6.550910870352287e-05,3.417129582810315e-94,regular http traffic
207.241.228.122,10.8.8.130,tunneling http trafficc,6.858688329993833e-05,3.476442723242924e-94,regular http traffic
207.241.236.176,10.8.8.130,tunneling http trafficc,6.335281746734399e-05,3.539749748095958e-94,regular http traffic
207.241.237.128,10.8.8.130,tunneling http trafficc,7.309611570650955e-05,3.229571358609867e-94,regular http traffic
