src_ip,dest_ip,original_class,z_n,s_n,new_class
10.8.8.138,185.2.220.137,tunneling http trafficc,0.00017529727348168731,1.414188318479716e-94,regular http traffic
185.2.220.137,10.8.8.138,tunneling http trafficc,0.00017350050482063274,2.308827303237112e-94,regular http traffic
207.241.227.212,10.8.8.130,tunneling http trafficc,7.105119592870179e-05,3.318122656527766e-94,regular http traffic
207.241.227.82,10.8.8.130,tunneling http trafficc,7.447319122554839e-05,3.401865530059777e-94,regular http traffic
207.241.228.122,10.8.8.130,tunneling http trafficc,6.858688329993833e-05,3.461863675981892e-94,regular http traffic
207.241.236.176,10.8.8.130,tunneling http trafficc,6.550910813557974e-05,3.5239661304581475e-94,regular http traffic
207.241.237.128,10.8.8.130,tunneling http trafficc,7.53970610052367e-05,3.215891741105989e-94,regular http traffic
