src_ip,dest_ip,original_class,z_n,s_n,new_class
10.8.8.138,185.2.220.137,tunneling http trafficc,0.00017186479250581242,1.2653793493278462e-94,regular http traffic
185.2.220.137,10.8.8.138,tunneling http trafficc,0.00017504823861321176,2.0884288259673053e-94,regular http traffic
207.241.227.212,10.8.8.130,tunneling http trafficc,6.7479972022513e-05,2.9545073220722086e-94,regular http traffic
207.241.227.82,10.8.8.130,tunneling http trafficc,7.586065389896928e-05,3.025862417856095e-94,regular http traffic
207.241.228.122,10.8.8.130,tunneling http trafficc,7.286766135280609e-05,3.0832226647569397e-94,regular http traffic
207.241.236.176,10.8.8.130,tunneling http trafficc,6.550910813557974e-05,3.189794941953629e-94,regular http traffic
207.241.237.128,10.8.8.130,tunneling http trafficc,6.836482474921314e-05,2.83738566061579e-94,regular http traffic
