src_ip,dest_ip,original_class,z_n,s_n,new_class
10.8.8.138,185.2.220.137,tunneling http trafficc,0.0001743295675977617,2.71819436963016e-94,regular http traffic
185.2.220.137,10.8.8.138,tunneling http trafficc,8.477124939414389e-05,4.402168980517997e-94,regular http traffic
207.241.227.212,10.8.8.130,tunneling http trafficc,0.0001078503527998466,6.361515708938759e-94,regular http traffic
207.241.227.82,10.8.8.130,tunneling http trafficc,6.836482474921314e-05,6.692208116618828e-94,regular http traffic
207.241.228.122,10.8.8.130,tunneling http trafficc,7.470377425864967e-05,6.681015398178311e-94,regular http traffic
207.241.236.176,10.8.8.130,tunneling http trafficc,0.00011601786861132825,6.467763261362176e-94,regular http traffic
207.241.237.128,10.8.8.130,tunneling http trafficc,0.00017037469336448363,6.393878842030423e-94,regular http traffic
