src_ip,dest_ip,original_class,z_n,s_n,new_class
10.8.8.138,185.2.220.137,tunneling http trafficc,0.00017509312535677287,1.9290864150696747e-94,regular http traffic
185.2.220.137,10.8.8.138,tunneling http trafficc,9.805925921552065e-05,3.169701910039224e-94,regular http traffic
207.241.227.212,10.8.8.130,tunneling http trafficc,7.199963513165257e-05,4.612831967986542e-94,regular http traffic
207.241.227.82,10.8.8.130,tunneling http trafficc,6.442647669722723e-05,4.6955711705347625e-94,regular http traffic
207.241.228.122,10.8.8.130,tunneling http trafficc,7.063948488930747e-05,4.744003887757513e-94,regular http traffic
207.241.236.176,10.8.8.130,tunneling http trafficc,0.00012067497839665034,4.7744753677413543e-94,regular http traffic
207.241.237.128,10.8.8.130,tunneling http trafficc,7.286766135280609e-05,4.5219604533923607e-94,regular http traffic
