src_ip,dest_ip,original_class,z_n,s_n,new_class
10.8.8.138,185.2.220.137,tunneling http trafficc,0.00017529727348168731,1.1389170280611012e-94,regular http traffic
185.2.220.137,10.8.8.138,tunneling http trafficc,4.4413094582259386e-05,1.887825012560338e-94,regular http traffic
207.241.227.212,10.8.8.130,tunneling http trafficc,7.286766135280609e-05,2.6400285961300704e-94,regular http traffic
207.241.227.82,10.8.8.130,tunneling http trafficc,6.836482474921314e-05,2.705479783648615e-94,regular http traffic
207.241.228.122,10.8.8.130,tunneling http trafficc,7.286766135280609e-05,2.783600767298995e-94,regular http traffic
207.241.236.176,10.8.8.130,tunneling http trafficc,7.24121490985717e-05,2.866453283343827e-94,regular http traffic
207.241.237.128,10.8.8.130,tunneling http trafficc,7.516558490584282e-05,2.5161737968002707e-94,regular http traffic
