src_ip,dest_ip,original_class,z_n,s_n,new_class
10.8.8.138,185.2.220.137,tunneling http trafficc,0.00017529727348168731,2.2773440934836294e-94,regular http traffic
185.2.220.137,10.8.8.138,tunneling http trafficc,0.00016982983085480252,3.700684780156778e-94,regular http traffic
207.241.227.212,10.8.8.130,tunneling http trafficc,6.616295335677473e-05,5.515661344525206e-94,regular http traffic
207.241.227.82,10.8.8.130,tunneling http trafficc,7.199963513165257e-05,5.56592553644072e-94,regular http traffic
207.241.228.122,10.8.8.130,tunneling http trafficc,6.31391489982944e-05,5.603490882552164e-94,regular http traffic
207.241.236.176,10.8.8.130,tunneling http trafficc,7.286766135280609e-05,5.530294172833942e-94,regular http traffic
207.241.237.128,10.8.8.130,tunneling http trafficc,7.130018736321373e-05,5.417839428120498e-94,regular http traffic
