src_ip,dest_ip,original_class,z_n,s_n,new_class
10.8.8.138,185.2.220.137,tunneling http trafficc,0.00017509312535677287,2.243089265679308e-94,regular http traffic
185.2.220.137,10.8.8.138,tunneling http trafficc,4.4413094582259386e-05,3.651665916654593e-94,regular http traffic
207.241.227.212,10.8.8.130,tunneling http trafficc,6.903201870630879e-05,5.423034336442944e-94,regular http traffic
207.241.227.82,10.8.8.130,tunneling http trafficc,7.493446385438077e-05,5.482799141453316e-94,regular http traffic
207.241.228.122,10.8.8.130,tunneling http trafficc,6.550910813557974e-05,5.516546211760747e-94,regular http traffic
207.241.236.176,10.8.8.130,tunneling http trafficc,7.286766135280609e-05,5.445936880500019e-94,regular http traffic
207.241.237.128,10.8.8.130,tunneling http trafficc,6.378120978635562e-05,5.328952119176227e-94,regular http traffic
