src_ip,dest_ip,original_class,z_n,s_n,new_class
10.8.8.138,185.2.220.137,tunneling http trafficc,0.00017529727348168731,2.1403380847010195e-94,regular http traffic
185.2.220.137,10.8.8.138,tunneling http trafficc,6.858750162634442e-05,3.4727337063698967e-94,regular http traffic
207.241.227.212,10.8.8.130,tunneling http trafficc,6.836498144202677e-05,5.147299039745753e-94,regular http traffic
207.241.227.82,10.8.8.130,tunneling http trafficc,7.401297391541433e-05,5.229800477289701e-94,regular http traffic
207.241.228.122,10.8.8.130,tunneling http trafficc,7.286766135280609e-05,5.258033852519907e-94,regular http traffic
207.241.236.176,10.8.8.130,tunneling http trafficc,6.550910813557974e-05,5.184999742873866e-94,regular http traffic
207.241.237.128,10.8.8.130,tunneling http trafficc,7.061955117125791e-05,5.061643886745011e-94,regular http traffic
