src_ip,dest_ip,original_class,z_n,s_n,new_class
10.8.8.138,185.2.220.137,tunneling http trafficc,0.00017529727348168731,2.678028466969975e-94,regular http traffic
185.2.220.137,10.8.8.138,tunneling http trafficc,0.0001725665219465361,4.329147499772326e-94,regular http traffic
207.241.227.212,10.8.8.130,tunneling http trafficc,0.00011137535766162789,6.301007035300133e-94,regular http traffic
207.241.227.82,10.8.8.130,tunneling http trafficc,6.550910813557974e-05,6.588058769324369e-94,regular http traffic
207.241.228.122,10.8.8.130,tunneling http trafficc,7.516645548607788e-05,6.58583437739842e-94,regular http traffic
207.241.236.176,10.8.8.130,tunneling http trafficc,6.753120482308934e-05,6.394559434857753e-94,regular http traffic
207.241.237.128,10.8.8.130,tunneling http trafficc,0.00011925171274534658,6.342280930788808e-94,regular http traffic
