src_ip,dest_ip,original_class,z_n,s_n,new_class
10.8.8.138,185.2.220.137,tunneling http trafficc,0.00017529727348168731,1.5629532180729763e-94,regular http traffic
185.2.220.137,10.8.8.138,tunneling http trafficc,0.00010737568361848338,2.528926405538895e-94,regular http traffic
207.241.227.212,10.8.8.130,tunneling http trafficc,6.550910813557974e-05,3.6833098123671577e-94,regular http traffic
207.241.227.82,10.8.8.130,tunneling http trafficc,6.550910870352287e-05,3.779498016636532e-94,regular http traffic
207.241.228.122,10.8.8.130,tunneling http trafficc,0.000140851008125568,3.8335158166280964e-94,regular http traffic
207.241.236.176,10.8.8.130,tunneling http trafficc,7.286766135280609e-05,3.9109826299080487e-94,regular http traffic
207.241.237.128,10.8.8.130,tunneling http trafficc,7.015453092791797e-05,3.60473960421529e-94,regular http traffic
