src_ip,dest_ip,original_class,z_n,s_n,new_class
10.8.8.138,185.2.220.137,tunneling http trafficc,0.00017509312535677287,1.8948249360480156e-94,regular http traffic
185.2.220.137,10.8.8.138,tunneling http trafficc,0.00015667625394142495,3.1199510950276915e-94,regular http traffic
207.241.227.212,10.8.8.130,tunneling http trafficc,7.286766135280609e-05,4.5279226359793236e-94,regular http traffic
207.241.227.82,10.8.8.130,tunneling http trafficc,0.00013818799357058435,4.615759919250012e-94,regular http traffic
207.241.228.122,10.8.8.130,tunneling http trafficc,6.550910870352287e-05,4.657969094206826e-94,regular http traffic
207.241.236.176,10.8.8.130,tunneling http trafficc,0.00014430087548615594,4.729996226528401e-94,regular http traffic
207.241.237.128,10.8.8.130,tunneling http trafficc,6.550910813557974e-05,4.4371171437548886e-94,regular http traffic
