src_ip,dest_ip,original_class,z_n,s_n,new_class
10.8.8.138,185.2.220.137,tunneling http trafficc,0.00017509312535677287,2.4029429116936953e-94,regular http traffic
185.2.220.137,10.8.8.138,tunneling http trafficc,0.0001565875819707225,3.888341043179962e-94,regular http traffic
207.241.227.212,10.8.8.130,tunneling http trafficc,7.195694187054827e-05,5.840257530091468e-94,regular http traffic
207.241.227.82,10.8.8.130,tunneling http trafficc,7.21845233194491e-05,5.878071954178768e-94,regular http traffic
207.241.228.122,10.8.8.130,tunneling http trafficc,7.286766135280609e-05,5.913563068858525e-94,regular http traffic
207.241.236.176,10.8.8.130,tunneling http trafficc,7.286766135280609e-05,5.830099926352103e-94,regular http traffic
207.241.237.128,10.8.8.130,tunneling http trafficc,6.292587138819225e-05,5.737305116158812e-94,regular http traffic
