src_ip,dest_ip,original_class,z_n,s_n,new_class
10.8.8.138,185.2.220.137,tunneling http trafficc,0.00017509312535677287,1.866287005964642e-94,regular http traffic
185.2.220.137,10.8.8.138,tunneling http trafficc,0.00017509312535677287,3.063994867992946e-94,regular http traffic
207.241.227.212,10.8.8.130,tunneling http trafficc,7.401297391541433e-05,4.45581187306967e-94,regular http traffic
207.241.227.82,10.8.8.130,tunneling http trafficc,6.5944716769146e-05,4.5506028340866777e-94,regular http traffic
207.241.228.122,10.8.8.130,tunneling http trafficc,6.836482474921314e-05,4.584840175128401e-94,regular http traffic
207.241.236.176,10.8.8.130,tunneling http trafficc,7.199963513165257e-05,4.6842420913987734e-94,regular http traffic
207.241.237.128,10.8.8.130,tunneling http trafficc,6.550910813557974e-05,4.363573063465233e-94,regular http traffic
