src_ip,dest_ip,original_class,z_n,s_n,new_class
10.8.8.138,185.2.220.137,tunneling http trafficc,0.00017509312535677287,2.2716404981973573e-94,regular http traffic
185.2.220.137,10.8.8.138,tunneling http trafficc,0.00015516007213228005,3.6947975331099156e-94,regular http traffic
207.241.227.212,10.8.8.130,tunneling http trafficc,6.399592858690813e-05,5.500548146182099e-94,regular http traffic
207.241.227.82,10.8.8.130,tunneling http trafficc,7.286766135280609e-05,5.55203757716792e-94,regular http traffic
207.241.228.122,10.8.8.130,tunneling http trafficc,7.195820660444967e-05,5.587653848371073e-94,regular http traffic
207.241.236.176,10.8.8.130,tunneling http trafficc,6.550910870352287e-05,5.516571663921555e-94,regular http traffic
207.241.237.128,10.8.8.130,tunneling http trafficc,6.836482474921314e-05,5.403815219534357e-94,regular http traffic
