src_ip,dest_ip,original_class,z_n,s_n,new_class
10.8.8.138,185.2.220.137,tunneling http trafficc,0.00017509312535677287,2.3915224186864753e-94,regular http traffic
185.2.220.137,10.8.8.138,tunneling http trafficc,0.00017341636647852965,3.8740445182207316e-94,regular http traffic
207.241.227.212,10.8.8.130,tunneling http trafficc,6.31391489982944e-05,5.812941779193114e-94,regular http traffic
207.241.227.82,10.8.8.130,tunneling http trafficc,7.332487015247376e-05,5.849593163774158e-94,regular http traffic
207.241.228.122,10.8.8.130,tunneling http trafficc,7.199963513165257e-05,5.88673982426911e-94,regular http traffic
207.241.236.176,10.8.8.130,tunneling http trafficc,7.286766135280609e-05,5.80265490852733e-94,regular http traffic
207.241.237.128,10.8.8.130,tunneling http trafficc,0.00011669286905612744,5.706049060957739e-94,regular http traffic
