src_ip,dest_ip,original_class,z_n,s_n,new_class
10.8.8.138,185.2.220.137,tunneling http trafficc,0.00017529727348168731,2.850116521568404e-94,regular http traffic
185.2.220.137,10.8.8.138,tunneling http trafficc,0.00014080737020378523,4.600087322821102e-94,regular http traffic
207.241.227.82,10.8.8.130,tunneling http trafficc,7.286766135280609e-05,7.019697819609296e-94,regular http traffic
207.241.228.122,10.8.8.130,tunneling http trafficc,7.286766135280609e-05,6.950846417113804e-94,regular http traffic
207.241.236.176,10.8.8.130,tunneling http trafficc,0.00012067497839665034,6.66889366102251e-94,regular http traffic
207.241.237.128,10.8.8.130,tunneling http trafficc,0.00013712447708266235,6.576035465723646e-94,regular http traffic
