src_ip,dest_ip,original_class,z_n,s_n,new_class
10.8.8.138,185.2.220.137,tunneling http trafficc,0.00017509312535677287,2.368681432672036e-94,regular http traffic
185.2.220.137,10.8.8.138,tunneling http trafficc,8.663406561941521e-05,3.843955486190599e-94,regular http traffic
207.241.227.212,10.8.8.130,tunneling http trafficc,6.836482474921314e-05,5.755023470314491e-94,regular http traffic
207.241.227.82,10.8.8.130,tunneling http trafficc,6.550910813557974e-05,5.793841729716686e-94,regular http traffic
207.241.228.122,10.8.8.130,tunneling http trafficc,6.858688171336249e-05,5.827902679308099e-94,regular http traffic
207.241.236.176,10.8.8.130,tunneling http trafficc,7.286766135280609e-05,5.755641976794991e-94,regular http traffic
207.241.237.128,10.8.8.130,tunneling http trafficc,7.632576512387695e-05,5.652973437145128e-94,regular http traffic
