src_ip,dest_ip,original_class,z_n,s_n,new_class
10.8.8.138,185.2.220.137,tunneling http trafficc,0.00017509312535677287,2.0204124256959843e-94,regular http traffic
185.2.220.137,10.8.8.138,tunneling http trafficc,0.00016958996296243393,3.293154145510264e-94,regular http traffic
207.241.227.212,10.8.8.130,tunneling http trafficc,6.681994298677977e-05,4.843820241280616e-94,regular http traffic
207.241.227.82,10.8.8.130,tunneling http trafficc,7.586065389896928e-05,4.925183740216008e-94,regular http traffic
207.241.228.122,10.8.8.130,tunneling http trafficc,6.378120978635562e-05,4.97158703209907e-94,regular http traffic
207.241.236.176,10.8.8.130,tunneling http trafficc,7.083720750760898e-05,4.951340000966088e-94,regular http traffic
207.241.237.128,10.8.8.130,tunneling http trafficc,7.586065389896928e-05,4.751365458469547e-94,regular http traffic
