src_ip,dest_ip,original_class,z_n,s_n,new_class
10.8.8.138,185.2.220.137,tunneling http trafficc,0.00017362801195133288,2.683786906295239e-94,regular http traffic
185.2.220.137,10.8.8.138,tunneling http trafficc,0.000133298451772468,4.336648462373564e-94,regular http traffic
207.241.227.212,10.8.8.130,tunneling http trafficc,0.00010815416027066972,6.310252096639774e-94,regular http traffic
207.241.227.82,10.8.8.130,tunneling http trafficc,6.31391489982944e-05,6.60389580350546e-94,regular http traffic
207.241.228.122,10.8.8.130,tunneling http trafficc,6.703965310192625e-05,6.600749922364421e-94,regular http traffic
207.241.236.176,10.8.8.130,tunneling http trafficc,0.00011967137343646387,6.402914652149192e-94,regular http traffic
207.241.237.128,10.8.8.130,tunneling http trafficc,0.0001740795111048314,6.348024432216076e-94,regular http traffic
