src_ip,dest_ip,original_class,z_n,s_n,new_class
10.8.8.138,185.2.220.137,tunneling http trafficc,0.00017509312535677287,1.8320388293776583e-94,regular http traffic
185.2.220.137,10.8.8.138,tunneling http trafficc,0.0001151523367880097,3.020267633711755e-94,regular http traffic
207.241.227.212,10.8.8.130,tunneling http trafficc,7.447319122554839e-05,4.3670034386028955e-94,regular http traffic
207.241.227.82,10.8.8.130,tunneling http trafficc,6.682000694470767e-05,4.4626456213406993e-94,regular http traffic
207.241.228.122,10.8.8.130,tunneling http trafficc,6.836482474921314e-05,4.497246027509364e-94,regular http traffic
207.241.236.176,10.8.8.130,tunneling http trafficc,7.286766135280609e-05,4.5973175948441236e-94,regular http traffic
207.241.237.128,10.8.8.130,tunneling http trafficc,6.550910813557974e-05,4.275030771587087e-94,regular http traffic
