src_ip,dest_ip,original_class,z_n,s_n,new_class
10.8.8.138,185.2.220.137,tunneling http trafficc,0.00017509312535677287,2.3401435025886622e-94,regular http traffic
185.2.220.137,10.8.8.138,tunneling http trafficc,0.0001286218294437359,3.800514008241886e-94,regular http traffic
207.241.227.212,10.8.8.130,tunneling http trafficc,6.313915875102306e-05,5.681057662122563e-94,regular http traffic
207.241.227.82,10.8.8.130,tunneling http trafficc,6.836482474921314e-05,5.721879848405236e-94,regular http traffic
207.241.228.122,10.8.8.130,tunneling http trafficc,6.399712247098899e-05,5.75809445478682e-94,regular http traffic
207.241.236.176,10.8.8.130,tunneling http trafficc,7.286766135280609e-05,5.685487888262565e-94,regular http traffic
207.241.237.128,10.8.8.130,tunneling http trafficc,6.31391489982944e-05,5.580611755245116e-94,regular http traffic
