src_ip,dest_ip,original_class,z_n,s_n,new_class
10.8.8.138,185.2.220.137,tunneling http trafficc,0.00017529727348168731,1.6430309477734304e-94,regular http traffic
185.2.220.137,10.8.8.138,tunneling http trafficc,0.00014796307865998218,2.6512978576570227e-94,regular http traffic
207.241.227.212,10.8.8.130,tunneling http trafficc,6.550910813557974e-05,3.8929899790695263e-94,regular http traffic
207.241.227.82,10.8.8.130,tunneling http trafficc,6.57273267670111e-05,3.984271183778969e-94,regular http traffic
207.241.228.122,10.8.8.130,tunneling http trafficc,7.263957170068893e-05,4.024353874738001e-94,regular http traffic
207.241.236.176,10.8.8.130,tunneling http trafficc,7.286766135280609e-05,4.1202594290994694e-94,regular http traffic
207.241.237.128,10.8.8.130,tunneling http trafficc,6.836482474921314e-05,3.8086771841686413e-94,regular http traffic
