src_ip,dest_ip,original_class,z_n,s_n,new_class
10.8.8.138,185.2.220.137,tunneling http trafficc,0.00017362801195133288,1.1849164046658832e-94,regular http traffic
185.2.220.137,10.8.8.138,tunneling http trafficc,0.00014807754246868603,1.9460690233757414e-94,regular http traffic
207.241.227.212,10.8.8.130,tunneling http trafficc,7.105119592870179e-05,2.7520360179289244e-94,regular http traffic
207.241.227.82,10.8.8.130,tunneling http trafficc,6.836482474921314e-05,2.823893461932437e-94,regular http traffic
207.241.228.122,10.8.8.130,tunneling http trafficc,7.286766135280609e-05,2.896128036889777e-94,regular http traffic
207.241.236.176,10.8.8.130,tunneling http trafficc,7.286766135280609e-05,2.985036777285344e-94,regular http traffic
207.241.237.128,10.8.8.130,tunneling http trafficc,6.7479972022513e-05,2.6338599028985784e-94,regular http traffic
