src_ip,dest_ip,original_class,z_n,s_n,new_class
10.8.8.138,185.2.220.137,tunneling http trafficc,0.00017509312535677287,1.8719972524682517e-94,regular http traffic
185.2.220.137,10.8.8.138,tunneling http trafficc,5.2114920891698024e-05,3.083182230613282e-94,regular http traffic
207.241.227.212,10.8.8.130,tunneling http trafficc,6.550910813557974e-05,4.4710759259525507e-94,regular http traffic
207.241.227.82,10.8.8.130,tunneling http trafficc,6.7479972022513e-05,4.565421045921359e-94,regular http traffic
207.241.228.122,10.8.8.130,tunneling http trafficc,7.309985373695232e-05,4.598519093060911e-94,regular http traffic
207.241.236.176,10.8.8.130,tunneling http trafficc,6.550910870352287e-05,4.6995061441493116e-94,regular http traffic
207.241.237.128,10.8.8.130,tunneling http trafficc,6.550912800687894e-05,4.378837111717669e-94,regular http traffic
