src_ip,dest_ip,original_class,z_n,s_n,new_class
10.8.8.138,185.2.220.137,tunneling http trafficc,0.00017509312535677287,1.7747070039761784e-94,regular http traffic
185.2.220.137,10.8.8.138,tunneling http trafficc,7.600132614327896e-05,2.8949317188095834e-94,regular http traffic
207.241.227.212,10.8.8.130,tunneling http trafficc,6.550910870352287e-05,4.218870857079506e-94,regular http traffic
207.241.227.82,10.8.8.130,tunneling http trafficc,7.609291813537467e-05,4.3205000134606394e-94,regular http traffic
207.241.228.122,10.8.8.130,tunneling http trafficc,6.858688171336249e-05,4.3487941353925587e-94,regular http traffic
207.241.236.176,10.8.8.130,tunneling http trafficc,7.105119592870179e-05,4.4508466266464674e-94,regular http traffic
207.241.237.128,10.8.8.130,tunneling http trafficc,6.594467115037001e-05,4.140420198069891e-94,regular http traffic
