src_ip,dest_ip,original_class,z_n,s_n,new_class
10.8.8.138,185.2.220.137,tunneling http trafficc,0.00017509312535677287,2.1175104011212557e-94,regular http traffic
185.2.220.137,10.8.8.138,tunneling http trafficc,0.00017536501283505227,3.4368236324990074e-94,regular http traffic
207.241.227.212,10.8.8.130,tunneling http trafficc,7.286766135280609e-05,5.086894800806721e-94,regular http traffic
207.241.227.82,10.8.8.130,tunneling http trafficc,6.7479972022513e-05,5.173818560491279e-94,regular http traffic
207.241.228.122,10.8.8.130,tunneling http trafficc,7.286766135280609e-05,5.200220601416378e-94,regular http traffic
207.241.236.176,10.8.8.130,tunneling http trafficc,6.858688171336249e-05,5.127026619283332e-94,regular http traffic
207.241.237.128,10.8.8.130,tunneling http trafficc,6.316066672082541e-05,5.003221673242632e-94,regular http traffic
