src_ip,dest_ip,original_class,z_n,s_n,new_class
10.8.8.138,185.2.220.137,tunneling http trafficc,0.00017529727348168731,1.6258423398752614e-94,regular http traffic
185.2.220.137,10.8.8.138,tunneling http trafficc,0.00011010872517963238,2.626874243619845e-94,regular http traffic
207.241.227.212,10.8.8.130,tunneling http trafficc,6.550910813557974e-05,3.848477535124744e-94,regular http traffic
207.241.227.82,10.8.8.130,tunneling http trafficc,6.594467115037001e-05,3.940071249983684e-94,regular http traffic
207.241.228.122,10.8.8.130,tunneling http trafficc,6.836482474921314e-05,3.981072321630103e-94,regular http traffic
207.241.236.176,10.8.8.130,tunneling http trafficc,7.286766135280609e-05,4.076008814421321e-94,regular http traffic
207.241.237.128,10.8.8.130,tunneling http trafficc,6.836482474921314e-05,3.7647025445074187e-94,regular http traffic
