src_ip,dest_ip,original_class,z_n,s_n,new_class
10.8.8.138,185.2.220.137,tunneling http trafficc,0.00017529727348168731,1.6144351493027172e-94,regular http traffic
185.2.220.137,10.8.8.138,tunneling http trafficc,0.00016244981746803288,2.603946152920775e-94,regular http traffic
207.241.227.212,10.8.8.130,tunneling http trafficc,6.292587138819225e-05,3.8187284507054766e-94,regular http traffic
207.241.227.82,10.8.8.130,tunneling http trafficc,6.550910813557974e-05,3.9096439695361563e-94,regular http traffic
207.241.228.122,10.8.8.130,tunneling http trafficc,6.836482474921314e-05,3.950608882147113e-94,regular http traffic
207.241.236.176,10.8.8.130,tunneling http trafficc,6.550910813557974e-05,4.04681756175114e-94,regular http traffic
207.241.237.128,10.8.8.130,tunneling http trafficc,6.836482474921314e-05,3.735449733903622e-94,regular http traffic
