src_ip,dest_ip,original_class,z_n,s_n,new_class
10.8.8.138,185.2.220.137,tunneling http trafficc,0.0001719122218568134,1.4943132745822945e-94,regular http traffic
185.2.220.137,10.8.8.138,tunneling http trafficc,9.812078743620308e-05,2.4369980113758355e-94,regular http traffic
207.241.227.212,10.8.8.130,tunneling http trafficc,7.10511978384713e-05,3.508037736779674e-94,regular http traffic
207.241.227.82,10.8.8.130,tunneling http trafficc,7.286766135280609e-05,3.606157871031679e-94,regular http traffic
207.241.228.122,10.8.8.130,tunneling http trafficc,7.063948488930747e-05,3.663612861649071e-94,regular http traffic
207.241.236.176,10.8.8.130,tunneling http trafficc,7.286766135280609e-05,3.7293555395486574e-94,regular http traffic
207.241.237.128,10.8.8.130,tunneling http trafficc,7.199963513165257e-05,3.426032099661456e-94,regular http traffic
