src_ip,dest_ip,original_class,z_n,s_n,new_class
10.8.8.138,185.2.220.137,tunneling http trafficc,0.00017529727348168731,1.6487345430597025e-94,regular http traffic
185.2.220.137,10.8.8.138,tunneling http trafficc,0.0001725665219465361,2.657091724405915e-94,regular http traffic
207.241.227.212,10.8.8.130,tunneling http trafficc,6.682000694470767e-05,3.9079545566820443e-94,regular http traffic
207.241.227.82,10.8.8.130,tunneling http trafficc,6.550910870352287e-05,3.999535236529507e-94,regular http traffic
207.241.228.122,10.8.8.130,tunneling http trafficc,7.451258853412834e-05,4.0377734258109517e-94,regular http traffic
207.241.236.176,10.8.8.130,tunneling http trafficc,6.550910813557974e-05,4.1355234819823503e-94,regular http traffic
207.241.237.128,10.8.8.130,tunneling http trafficc,7.609291813537467e-05,3.8218180116146715e-94,regular http traffic
