src_ip,dest_ip,original_class,z_n,s_n,new_class
10.8.8.138,185.2.220.137,tunneling http trafficc,0.00017509312535677287,2.1289308941284754e-94,regular http traffic
185.2.220.137,10.8.8.138,tunneling http trafficc,0.00017529727348168731,3.451464492705345e-94,regular http traffic
207.241.227.212,10.8.8.130,tunneling http trafficc,6.529363860284183e-05,5.118046262668028e-94,regular http traffic
207.241.227.82,10.8.8.130,tunneling http trafficc,6.7479972022513e-05,5.202402373320258e-94,regular http traffic
207.241.228.122,10.8.8.130,tunneling http trafficc,7.286766135280609e-05,5.22904729072464e-94,regular http traffic
207.241.236.176,10.8.8.130,tunneling http trafficc,7.286766135280609e-05,5.154471637108104e-94,regular http traffic
207.241.237.128,10.8.8.130,tunneling http trafficc,6.7479972022513e-05,5.032858096911995e-94,regular http traffic
