src_ip,dest_ip,original_class,z_n,s_n,new_class
10.8.8.138,185.2.220.137,tunneling http trafficc,0.00017529727348168731,2.815740724522225e-94,regular http traffic
185.2.220.137,10.8.8.138,tunneling http trafficc,0.0001402202614966546,4.54582181329661e-94,regular http traffic
207.241.227.82,10.8.8.130,tunneling http trafficc,7.263957170068893e-05,6.934306680641121e-94,regular http traffic
207.241.228.122,10.8.8.130,tunneling http trafficc,7.286766135280609e-05,6.863174128191531e-94,regular http traffic
207.241.236.176,10.8.8.130,tunneling http trafficc,0.00016367302113721573,6.619219705472882e-94,regular http traffic
207.241.237.128,10.8.8.130,tunneling http trafficc,0.00010815416027066972,6.530426564435705e-94,regular http traffic
