src_ip,dest_ip,original_class,z_n,s_n,new_class
10.8.8.138,185.2.220.137,tunneling http trafficc,0.00017383522804776156,2.551496188092295e-94,regular http traffic
185.2.220.137,10.8.8.138,tunneling http trafficc,0.00015278791449951378,4.132467328214617e-94,regular http traffic
207.241.227.212,10.8.8.130,tunneling http trafficc,9.233725130192223e-05,6.107611177993628e-94,regular http traffic
207.241.227.82,10.8.8.130,tunneling http trafficc,6.550910813557974e-05,6.263689284052561e-94,regular http traffic
207.241.228.122,10.8.8.130,tunneling http trafficc,6.836482474921314e-05,6.273035064484389e-94,regular http traffic
207.241.236.176,10.8.8.130,tunneling http trafficc,0.00010759155346444105,6.179984470467346e-94,regular http traffic
207.241.237.128,10.8.8.130,tunneling http trafficc,6.747996994309586e-05,6.122033915285864e-94,regular http traffic
