src_ip,dest_ip,original_class,z_n,s_n,new_class
10.8.8.138,185.2.220.137,tunneling http trafficc,0.00017509312535677287,2.048950355779358e-94,regular http traffic
185.2.220.137,10.8.8.138,tunneling http trafficc,0.00013977585383308764,3.338188623517188e-94,regular http traffic
207.241.227.212,10.8.8.130,tunneling http trafficc,7.286766135280609e-05,4.913549437711528e-94,regular http traffic
207.241.227.82,10.8.8.130,tunneling http trafficc,7.309633021044687e-05,4.996752288110651e-94,regular http traffic
207.241.228.122,10.8.8.130,tunneling http trafficc,7.309611570650955e-05,5.04689592362425e-94,regular http traffic
207.241.236.176,10.8.8.130,tunneling http trafficc,0.00014396596949348215,5.003198427616706e-94,regular http traffic
207.241.237.128,10.8.8.130,tunneling http trafficc,6.358959445216439e-05,4.826381454462365e-94,regular http traffic
