src_ip,dest_ip,original_class,z_n,s_n,new_class
10.8.8.138,185.2.220.137,tunneling http trafficc,0.00017520897080338022,1.986171801483732e-94,regular http traffic
185.2.220.137,10.8.8.138,tunneling http trafficc,0.00014119733244656783,3.2416677082913265e-94,regular http traffic
207.241.227.212,10.8.8.130,tunneling http trafficc,6.858688171336249e-05,4.7581580919597035e-94,regular http traffic
207.241.227.82,10.8.8.130,tunneling http trafficc,6.858688171336249e-05,4.838722058495821e-94,regular http traffic
207.241.228.122,10.8.8.130,tunneling http trafficc,6.858688171336249e-05,4.892754673129016e-94,regular http traffic
207.241.236.176,10.8.8.130,tunneling http trafficc,0.000119066265978841,4.883944401613761e-94,regular http traffic
207.241.237.128,10.8.8.130,tunneling http trafficc,6.594467115037001e-05,4.665268815482249e-94,regular http traffic
