src_ip,dest_ip,original_class,z_n,s_n,new_class
10.8.8.138,185.2.220.137,tunneling http trafficc,0.0001719122218568134,1.8091659509340144e-94,regular http traffic
185.2.220.137,10.8.8.138,tunneling http trafficc,4.07166996175289e-05,2.95692111382056e-94,regular http traffic
207.241.227.212,10.8.8.130,tunneling http trafficc,6.550910813557974e-05,4.3074236926840555e-94,regular http traffic
207.241.227.82,10.8.8.130,tunneling http trafficc,7.286766135280609e-05,4.403531254368267e-94,regular http traffic
207.241.228.122,10.8.8.130,tunneling http trafficc,6.7479972022513e-05,4.4383374712070004e-94,regular http traffic
207.241.236.176,10.8.8.130,tunneling http trafficc,6.550910813557974e-05,4.5397087971804587e-94,regular http traffic
207.241.237.128,10.8.8.130,tunneling http trafficc,7.586065389896928e-05,4.217037003561174e-94,regular http traffic
