src_ip,dest_ip,original_class,z_n,s_n,new_class
10.8.8.138,185.2.220.137,tunneling http trafficc,0.00017186479250581242,1.294101529310591e-94,regular http traffic
185.2.220.137,10.8.8.138,tunneling http trafficc,0.00017508953963730337,2.1314698047816032e-94,regular http traffic
207.241.227.212,10.8.8.130,tunneling http trafficc,7.060023606279875e-05,3.0233423560283666e-94,regular http traffic
207.241.227.82,10.8.8.130,tunneling http trafficc,6.858688329993833e-05,3.0973596709690594e-94,regular http traffic
207.241.228.122,10.8.8.130,tunneling http trafficc,7.286766135280609e-05,3.154918297259862e-94,regular http traffic
207.241.236.176,10.8.8.130,tunneling http trafficc,6.859323426860645e-05,3.2588602888631553e-94,regular http traffic
207.241.237.128,10.8.8.130,tunneling http trafficc,0.00016689168114794503,2.903484688330912e-94,regular http traffic
