src_ip,dest_ip,original_class,z_n,s_n,new_class
10.8.8.138,185.2.220.137,tunneling http trafficc,0.0001725665219465361,1.25956182195281e-94,regular http traffic
185.2.220.137,10.8.8.138,tunneling http trafficc,0.00010707670473796685,2.082717114957344e-94,regular http traffic
207.241.227.212,10.8.8.130,tunneling http trafficc,7.406334812491582e-05,2.939689110237527e-94,regular http traffic
207.241.227.82,10.8.8.130,tunneling http trafficc,6.858688329993833e-05,3.012681353787259e-94,regular http traffic
207.241.228.122,10.8.8.130,tunneling http trafficc,7.286766135280609e-05,3.069500155844553e-94,regular http traffic
207.241.236.176,10.8.8.130,tunneling http trafficc,6.550910813557974e-05,3.174530889070748e-94,regular http traffic
207.241.237.128,10.8.8.130,tunneling http trafficc,6.792172863649817e-05,2.8227592553138914e-94,regular http traffic
