src_ip,dest_ip,original_class,z_n,s_n,new_class
10.8.8.138,185.2.220.137,tunneling http trafficc,0.00017186479250581242,1.1504508723651608e-94,regular http traffic
185.2.220.137,10.8.8.138,tunneling http trafficc,0.00017410344221166951,1.9011550115370013e-94,regular http traffic
207.241.227.212,10.8.8.130,tunneling http trafficc,6.442647669722723e-05,2.670223143163439e-94,regular http traffic
207.241.227.82,10.8.8.130,tunneling http trafficc,6.747996994309586e-05,2.7349244012418537e-94,regular http traffic
207.241.228.122,10.8.8.130,tunneling http trafficc,6.660123960430093e-05,2.812337011761971e-94,regular http traffic
207.241.236.176,10.8.8.130,tunneling http trafficc,7.286766135280609e-05,2.895439845006752e-94,regular http traffic
207.241.237.128,10.8.8.130,tunneling http trafficc,6.836482474921314e-05,2.5454266074040676e-94,regular http traffic
