src_ip,dest_ip,original_class,z_n,s_n,new_class
10.8.8.130,207.241.227.188,tunneling http trafficc,8.635405618350527e-05,2.1557228578771185e-94,regular http traffic
10.8.8.138,185.2.220.137,tunneling http trafficc,0.00017529727348168731,1.098732813466819e-94,regular http traffic
185.2.220.137,10.8.8.138,tunneling http trafficc,0.0001751809717923318,1.8016981333115418e-94,regular http traffic
207.241.227.212,10.8.8.130,tunneling http trafficc,7.286766135280609e-05,2.538419614999192e-94,regular http traffic
207.241.227.82,10.8.8.130,tunneling http trafficc,6.550910813557974e-05,2.6037873167717336e-94,regular http traffic
207.241.228.122,10.8.8.130,tunneling http trafficc,6.335281746734399e-05,2.6844601169712996e-94,regular http traffic
207.241.236.176,10.8.8.130,tunneling http trafficc,7.286766135280609e-05,2.7559511714978646e-94,regular http traffic
207.241.237.128,10.8.8.130,tunneling http trafficc,6.747996994309586e-05,2.415942509056443e-94,regular http traffic
