src_ip,dest_ip,original_class,z_n,s_n,new_class
10.8.8.138,185.2.220.137,tunneling http trafficc,0.00017529727348168731,1.42559550905226e-94,regular http traffic
185.2.220.137,10.8.8.138,tunneling http trafficc,0.00017315987241632125,2.323497517285321e-94,regular http traffic
207.241.227.212,10.8.8.130,tunneling http trafficc,7.332487015247376e-05,3.3458329521522375e-94,regular http traffic
207.241.227.82,10.8.8.130,tunneling http trafficc,7.173186570177038e-05,3.431069388478992e-94,regular http traffic
207.241.228.122,10.8.8.130,tunneling http trafficc,7.199963513165257e-05,3.490330682515724e-94,regular http traffic
207.241.236.176,10.8.8.130,tunneling http trafficc,7.286766135280609e-05,3.5534722570083445e-94,regular http traffic
207.241.237.128,10.8.8.130,tunneling http trafficc,7.309611570650955e-05,3.2432509761137454e-94,regular http traffic
