src_ip,dest_ip,original_class,z_n,s_n,new_class
10.8.8.138,185.2.220.137,tunneling http trafficc,0.00017529727348168731,1.5686568133592484e-94,regular http traffic
185.2.220.137,10.8.8.138,tunneling http trafficc,0.00017509312535677287,2.534636652042505e-94,regular http traffic
207.241.227.212,10.8.8.130,tunneling http trafficc,6.550910813557974e-05,3.6985738652500386e-94,regular http traffic
207.241.227.82,10.8.8.130,tunneling http trafficc,7.286766135280609e-05,3.793220525548919e-94,regular http traffic
207.241.228.122,10.8.8.130,tunneling http trafficc,0.000140851008125568,3.840614517321105e-94,regular http traffic
207.241.236.176,10.8.8.130,tunneling http trafficc,6.550910813557974e-05,3.9262466827909296e-94,regular http traffic
207.241.237.128,10.8.8.130,tunneling http trafficc,6.836482474921314e-05,3.6193660095171884e-94,regular http traffic
