src_ip,dest_ip,original_class,z_n,s_n,new_class
10.8.8.138,185.2.220.137,tunneling http trafficc,0.00017529727348168731,2.362971186168426e-94,regular http traffic
185.2.220.137,10.8.8.138,tunneling http trafficc,0.00013847824595965313,3.832413682642708e-94,regular http traffic
207.241.227.212,10.8.8.130,tunneling http trafficc,6.903529994666175e-05,5.740397065012592e-94,regular http traffic
207.241.227.82,10.8.8.130,tunneling http trafficc,6.836482474921314e-05,5.778577676833805e-94,regular http traffic
207.241.228.122,10.8.8.130,tunneling http trafficc,7.199963513165257e-05,5.813323631709796e-94,regular http traffic
207.241.236.176,10.8.8.130,tunneling http trafficc,7.286766135280609e-05,5.741919467882605e-94,regular http traffic
207.241.237.128,10.8.8.130,tunneling http trafficc,6.550910813557974e-05,5.6398727014681e-94,regular http traffic
