src_ip,dest_ip,original_class,z_n,s_n,new_class
10.8.8.138,185.2.220.137,tunneling http trafficc,0.00017529727348168731,2.471432613650328e-94,regular http traffic
185.2.220.137,10.8.8.138,tunneling http trafficc,0.0001286218294437359,4.02213444351277e-94,regular http traffic
207.241.227.212,10.8.8.130,tunneling http trafficc,0.00016727754005989664,5.987210389658744e-94,regular http traffic
207.241.227.82,10.8.8.130,tunneling http trafficc,6.858718321094338e-05,6.049412406874208e-94,regular http traffic
207.241.228.122,10.8.8.130,tunneling http trafficc,7.286766135280609e-05,6.077195628290211e-94,regular http traffic
207.241.236.176,10.8.8.130,tunneling http trafficc,7.286766135280609e-05,5.997407280193527e-94,regular http traffic
207.241.237.128,10.8.8.130,tunneling http trafficc,6.836482474921314e-05,5.915955011324555e-94,regular http traffic
