src_ip,dest_ip,original_class,z_n,s_n,new_class
10.8.8.138,185.2.220.137,tunneling http trafficc,0.00017509312535677287,1.8377490758812682e-94,regular http traffic
185.2.220.137,10.8.8.138,tunneling http trafficc,0.00015667625394142495,3.026649221850311e-94,regular http traffic
207.241.227.212,10.8.8.130,tunneling http trafficc,7.286766135280609e-05,4.380725947515282e-94,regular http traffic
207.241.227.82,10.8.8.130,tunneling http trafficc,7.493446385438077e-05,4.4759896157339774e-94,regular http traffic
207.241.228.122,10.8.8.130,tunneling http trafficc,6.836482474921314e-05,4.5118724328112627e-94,regular http traffic
207.241.236.176,10.8.8.130,tunneling http trafficc,7.286766135280609e-05,4.6110401037565103e-94,regular http traffic
207.241.237.128,10.8.8.130,tunneling http trafficc,7.332487457339357e-05,4.2886677083148077e-94,regular http traffic
