src_ip,dest_ip,original_class,z_n,s_n,new_class
10.8.8.138,185.2.220.137,tunneling http trafficc,0.00017509312535677287,1.9062454290552353e-94,regular http traffic
185.2.220.137,10.8.8.138,tunneling http trafficc,0.00017505786407076465,3.133436221958329e-94,regular http traffic
207.241.227.212,10.8.8.130,tunneling http trafficc,7.286766135280609e-05,4.556319122979139e-94,regular http traffic
207.241.227.82,10.8.8.130,tunneling http trafficc,0.00013894772553382467,4.635983044599483e-94,regular http traffic
207.241.228.122,10.8.8.130,tunneling http trafficc,6.880953581967697e-05,4.688337997823639e-94,regular http traffic
207.241.236.176,10.8.8.130,tunneling http trafficc,0.00012231682979707296,4.744673894576764e-94,regular http traffic
207.241.237.128,10.8.8.130,tunneling http trafficc,7.586065389896928e-05,4.4660230511572945e-94,regular http traffic
