src_ip,dest_ip,original_class,z_n,s_n,new_class
10.8.8.138,185.2.220.137,tunneling http trafficc,0.00017529727348168731,1.1618580629377053e-94,regular http traffic
185.2.220.137,10.8.8.138,tunneling http trafficc,0.00016244267837475958,1.9140463510367966e-94,regular http traffic
207.241.227.212,10.8.8.130,tunneling http trafficc,7.516645548607788e-05,2.6972484588541727e-94,regular http traffic
207.241.227.82,10.8.8.130,tunneling http trafficc,6.836482474921314e-05,2.7641772118456506e-94,regular http traffic
207.241.228.122,10.8.8.130,tunneling http trafficc,6.550910870352287e-05,2.84123800124023e-94,regular http traffic
207.241.236.176,10.8.8.130,tunneling http trafficc,6.550910813557974e-05,2.925967950772514e-94,regular http traffic
207.241.237.128,10.8.8.130,tunneling http trafficc,6.31391489982944e-05,2.57710067576625e-94,regular http traffic
