src_ip,dest_ip,original_class,z_n,s_n,new_class
10.8.8.138,185.2.220.137,tunneling http trafficc,0.00017509312535677287,2.2259585261684785e-94,regular http traffic
185.2.220.137,10.8.8.138,tunneling http trafficc,6.450231717338017e-05,3.617730882590024e-94,regular http traffic
207.241.227.212,10.8.8.130,tunneling http trafficc,6.399592858690813e-05,5.377394997697566e-94,regular http traffic
207.241.227.82,10.8.8.130,tunneling http trafficc,7.286766135280609e-05,5.441402091035191e-94,regular http traffic
207.241.228.122,10.8.8.130,tunneling http trafficc,6.31391489982944e-05,5.471636281054685e-94,regular http traffic
207.241.236.176,10.8.8.130,tunneling http trafficc,6.314055726689834e-05,5.402876960762606e-94,regular http traffic
207.241.237.128,10.8.8.130,tunneling http trafficc,6.31391489982944e-05,5.283384062179201e-94,regular http traffic
