src_ip,dest_ip,original_class,z_n,s_n,new_class
10.8.8.138,185.2.220.137,tunneling http trafficc,0.00017509312535677287,2.488563353161158e-94,regular http traffic
185.2.220.137,10.8.8.138,tunneling http trafficc,6.387670746574496e-05,4.049200312560551e-94,regular http traffic
207.241.227.212,10.8.8.130,tunneling http trafficc,0.00014139668606567938,6.011276678871708e-94,regular http traffic
207.241.227.82,10.8.8.130,tunneling http trafficc,6.31391489982944e-05,6.09470250771606e-94,regular http traffic
207.241.228.122,10.8.8.130,tunneling http trafficc,6.858688171336249e-05,6.118998139888231e-94,regular http traffic
207.241.236.176,10.8.8.130,tunneling http trafficc,7.286766135280609e-05,6.040116350901181e-94,regular http traffic
207.241.237.128,10.8.8.130,tunneling http trafficc,6.550910813557974e-05,5.960778607300914e-94,regular http traffic
