src_ip,dest_ip,original_class,z_n,s_n,new_class
10.8.8.138,185.2.220.137,tunneling http trafficc,0.00017529727348168731,2.6723248716837024e-94,regular http traffic
185.2.220.137,10.8.8.138,tunneling http trafficc,7.163292783141374e-05,4.3233536330234336e-94,regular http traffic
207.241.227.212,10.8.8.130,tunneling http trafficc,9.812078743620308e-05,6.292029388488168e-94,regular http traffic
207.241.227.82,10.8.8.130,tunneling http trafficc,6.836482474921314e-05,6.572794716441488e-94,regular http traffic
207.241.228.122,10.8.8.130,tunneling http trafficc,6.836482474921314e-05,6.572531570620073e-94,regular http traffic
207.241.236.176,10.8.8.130,tunneling http trafficc,0.00011694331341910567,6.379752465673437e-94,regular http traffic
207.241.237.128,10.8.8.130,tunneling http trafficc,0.0001044929386128218,6.33389630699374e-94,regular http traffic
