src_ip,dest_ip,original_class,z_n,s_n,new_class
10.8.8.138,185.2.220.137,tunneling http trafficc,0.00017509312535677287,2.425783897708136e-94,regular http traffic
185.2.220.137,10.8.8.138,tunneling http trafficc,5.631454768971493e-05,3.9263677525711305e-94,regular http traffic
207.241.227.212,10.8.8.130,tunneling http trafficc,6.77007410188814e-05,5.897579566016723e-94,regular http traffic
207.241.227.82,10.8.8.130,tunneling http trafficc,7.199963513165257e-05,5.934515627586878e-94,regular http traffic
207.241.228.122,10.8.8.130,tunneling http trafficc,6.81432022618589e-05,5.969570024043527e-94,regular http traffic
207.241.236.176,10.8.8.130,tunneling http trafficc,7.286766135280609e-05,5.884989962001648e-94,regular http traffic
207.241.237.128,10.8.8.130,tunneling http trafficc,6.616295335677473e-05,5.796180327928419e-94,regular http traffic
