src_ip,dest_ip,original_class,z_n,s_n,new_class
10.8.8.138,185.2.220.137,tunneling http trafficc,0.00017529727348168731,1.8148695462202865e-94,regular http traffic
185.2.220.137,10.8.8.138,tunneling http trafficc,4.407375895473933e-05,2.979609351673563e-94,regular http traffic
207.241.227.212,10.8.8.130,tunneling http trafficc,6.550910813557974e-05,4.3226877455669364e-94,regular http traffic
207.241.227.82,10.8.8.130,tunneling http trafficc,7.286766135280609e-05,4.417253763280654e-94,regular http traffic
207.241.228.122,10.8.8.130,tunneling http trafficc,6.550910870352287e-05,4.4536015239575386e-94,regular http traffic
207.241.236.176,10.8.8.130,tunneling http trafficc,6.550910813557974e-05,4.5549728500633396e-94,regular http traffic
207.241.237.128,10.8.8.130,tunneling http trafficc,7.378344221904721e-05,4.230589179855541e-94,regular http traffic
