src_ip,dest_ip,original_class,z_n,s_n,new_class
10.8.8.138,185.2.220.137,tunneling http trafficc,0.00017509312535677287,1.9405069080768944e-94,regular http traffic
185.2.220.137,10.8.8.138,tunneling http trafficc,0.00014920090243117763,3.1824727039425267e-94,regular http traffic
207.241.227.212,10.8.8.130,tunneling http trafficc,7.309633021044687e-05,4.6420321142900726e-94,regular http traffic
207.241.227.82,10.8.8.130,tunneling http trafficc,7.493446385438077e-05,4.7245926988990105e-94,regular http traffic
207.241.228.122,10.8.8.130,tunneling http trafficc,6.970629968675616e-05,4.7729751987306886e-94,regular http traffic
207.241.236.176,10.8.8.130,tunneling http trafficc,0.00010969518282079751,4.790486662990085e-94,regular http traffic
207.241.237.128,10.8.8.130,tunneling http trafficc,7.33345712934893e-05,4.549361169126613e-94,regular http traffic
