src_ip,dest_ip,original_class,z_n,s_n,new_class
10.8.8.138,185.2.220.137,tunneling http trafficc,0.00017529727348168731,1.2480643599176455e-94,regular http traffic
185.2.220.137,10.8.8.138,tunneling http trafficc,7.008019553565435e-05,2.0492282921418187e-94,regular http traffic
207.241.227.212,10.8.8.130,tunneling http trafficc,6.550910813557974e-05,2.911561749848297e-94,regular http traffic
207.241.227.82,10.8.8.130,tunneling http trafficc,6.63815893827497e-05,2.984921242457391e-94,regular http traffic
207.241.228.122,10.8.8.130,tunneling http trafficc,7.286766135280609e-05,3.0420551380197794e-94,regular http traffic
207.241.236.176,10.8.8.130,tunneling http trafficc,7.286766135280609e-05,3.1455443272754803e-94,regular http traffic
207.241.237.128,10.8.8.130,tunneling http trafficc,6.836482474921314e-05,2.7934110209545674e-94,regular http traffic
