src_ip,dest_ip,original_class,z_n,s_n,new_class
10.8.8.138,185.2.220.137,tunneling http trafficc,0.00017529727348168731,1.2537679552039176e-94,regular http traffic
185.2.220.137,10.8.8.138,tunneling http trafficc,4.140491289418309e-05,2.0733790154543554e-94,regular http traffic
207.241.227.212,10.8.8.130,tunneling http trafficc,6.836482474921314e-05,2.9261881551501957e-94,regular http traffic
207.241.227.82,10.8.8.130,tunneling http trafficc,7.586065389896928e-05,2.998102306526227e-94,regular http traffic
207.241.228.122,10.8.8.130,tunneling http trafficc,7.286766135280609e-05,3.055777646932166e-94,regular http traffic
207.241.236.176,10.8.8.130,tunneling http trafficc,7.286766135280609e-05,3.159266836187867e-94,regular http traffic
207.241.237.128,10.8.8.130,tunneling http trafficc,6.836482474921314e-05,2.808037426256466e-94,regular http traffic
