src_ip,dest_ip,original_class,z_n,s_n,new_class
10.8.8.138,185.2.220.137,tunneling http trafficc,0.00017529727348168731,1.8491562664538123e-94,regular http traffic
185.2.220.137,10.8.8.138,tunneling http trafficc,0.0001106009030565396,3.0426591584360527e-94,regular http traffic
207.241.227.212,10.8.8.130,tunneling http trafficc,6.550910813557974e-05,4.4112540531487013e-94,regular http traffic
207.241.227.82,10.8.8.130,tunneling http trafficc,6.31391489982944e-05,4.5055491588274554e-94,regular http traffic
207.241.228.122,10.8.8.130,tunneling http trafficc,6.836482474921314e-05,4.5423358722942524e-94,regular http traffic
207.241.236.176,10.8.8.130,tunneling http trafficc,6.550910813557974e-05,4.641568209522272e-94,regular http traffic
207.241.237.128,10.8.8.130,tunneling http trafficc,6.858688171336249e-05,4.3189715992466807e-94,regular http traffic
