src_ip,dest_ip,original_class,z_n,s_n,new_class
10.8.8.138,185.2.220.137,tunneling http trafficc,0.00017529727348168731,1.396999710581547e-94,regular http traffic
185.2.220.137,10.8.8.138,tunneling http trafficc,7.376208981349013e-05,2.2915257788749005e-94,regular http traffic
207.241.227.212,10.8.8.130,tunneling http trafficc,7.586065389896928e-05,3.274762434644032e-94,regular http traffic
207.241.227.82,10.8.8.130,tunneling http trafficc,7.451258853412834e-05,3.360132890057124e-94,regular http traffic
207.241.228.122,10.8.8.130,tunneling http trafficc,7.10511978384713e-05,3.4181265341987953e-94,regular http traffic
207.241.236.176,10.8.8.130,tunneling http trafficc,7.263967037727034e-05,3.47817397207419e-94,regular http traffic
207.241.237.128,10.8.8.130,tunneling http trafficc,6.836482474921314e-05,3.172850950610622e-94,regular http traffic
