src_ip,dest_ip,original_class,z_n,s_n,new_class
10.8.8.138,185.2.220.137,tunneling http trafficc,0.0001719122218568134,1.7805229260611767e-94,regular http traffic
185.2.220.137,10.8.8.138,tunneling http trafficc,0.0001524877584280667,2.9014886222787445e-94,regular http traffic
207.241.227.212,10.8.8.130,tunneling http trafficc,6.550910813557974e-05,4.234134909962387e-94,regular http traffic
207.241.227.82,10.8.8.130,tunneling http trafficc,7.493446385438077e-05,4.3338440078539174e-94,regular http traffic
207.241.228.122,10.8.8.130,tunneling http trafficc,6.378147356453023e-05,4.3644716693635286e-94,regular http traffic
207.241.236.176,10.8.8.130,tunneling http trafficc,6.550910813557974e-05,4.4661106795293483e-94,regular http traffic
207.241.237.128,10.8.8.130,tunneling http trafficc,7.286766135280609e-05,4.1541427069822776e-94,regular http traffic
