src_ip,dest_ip,original_class,z_n,s_n,new_class
10.8.8.138,185.2.220.137,tunneling http trafficc,0.00017529727348168731,2.454315176574173e-94,regular http traffic
185.2.220.137,10.8.8.138,tunneling http trafficc,7.750476073480673e-05,3.99493159757491e-94,regular http traffic
207.241.227.212,10.8.8.130,tunneling http trafficc,0.00015461365066787844,5.964706930398676e-94,regular http traffic
207.241.227.82,10.8.8.130,tunneling http trafficc,7.609291813537467e-05,6.005273880273834e-94,regular http traffic
207.241.228.122,10.8.8.130,tunneling http trafficc,6.858718321094338e-05,6.040264947141698e-94,regular http traffic
207.241.236.176,10.8.8.130,tunneling http trafficc,7.286766135280609e-05,5.955144050534074e-94,regular http traffic
207.241.237.128,10.8.8.130,tunneling http trafficc,6.31391489982944e-05,5.872677992134617e-94,regular http traffic
