src_ip,dest_ip,original_class,z_n,s_n,new_class
10.8.8.138,185.2.220.137,tunneling http trafficc,0.00017529727348168731,1.3284009230675764e-94,regular http traffic
185.2.220.137,10.8.8.138,tunneling http trafficc,0.00014012076178027634,2.1820469318825127e-94,regular http traffic
207.241.227.212,10.8.8.130,tunneling http trafficc,7.10511978384713e-05,3.107636617559304e-94,regular http traffic
207.241.227.82,10.8.8.130,tunneling http trafficc,6.836482474921314e-05,3.1854681255436734e-94,regular http traffic
207.241.228.122,10.8.8.130,tunneling http trafficc,6.972860865089393e-05,3.2399669595823304e-94,regular http traffic
207.241.236.176,10.8.8.130,tunneling http trafficc,4.5459559574381704e-05,3.346242854771789e-94,regular http traffic
207.241.237.128,10.8.8.130,tunneling http trafficc,6.836482474921314e-05,2.992812186777542e-94,regular http traffic
