src_ip,dest_ip,original_class,z_n,s_n,new_class
10.8.8.138,185.2.220.137,tunneling http trafficc,0.0001725665219465361,1.2021174619873202e-94,regular http traffic
185.2.220.137,10.8.8.138,tunneling http trafficc,7.85592324282828e-05,1.9825258899670176e-94,regular http traffic
207.241.227.212,10.8.8.130,tunneling http trafficc,7.286766135280609e-05,2.79509593804464e-94,regular http traffic
207.241.227.82,10.8.8.130,tunneling http trafficc,6.836482474921314e-05,2.867219630989025e-94,regular http traffic
207.241.228.122,10.8.8.130,tunneling http trafficc,7.286766135280609e-05,2.9293428304860084e-94,regular http traffic
207.241.236.176,10.8.8.130,tunneling http trafficc,6.7479972022513e-05,3.0301824556942206e-94,regular http traffic
207.241.237.128,10.8.8.130,tunneling http trafficc,6.616295335677473e-05,2.678225911845482e-94,regular http traffic
