src_ip,dest_ip,original_class,z_n,s_n,new_class
10.8.8.138,185.2.220.137,tunneling http trafficc,0.00017529727348168731,2.4486115812879007e-94,regular http traffic
185.2.220.137,10.8.8.138,tunneling http trafficc,0.00016671351743761026,3.9820301643499156e-94,regular http traffic
207.241.227.212,10.8.8.130,tunneling http trafficc,6.31391489982944e-05,5.958240196174173e-94,regular http traffic
207.241.227.82,10.8.8.130,tunneling http trafficc,7.21845233194491e-05,5.992133052827804e-94,regular http traffic
207.241.228.122,10.8.8.130,tunneling http trafficc,7.447319122554839e-05,6.025685963634802e-94,regular http traffic
207.241.236.176,10.8.8.130,tunneling http trafficc,6.550910813557974e-05,5.941421541621687e-94,regular http traffic
207.241.237.128,10.8.8.130,tunneling http trafficc,6.31391489982944e-05,5.856840957953526e-94,regular http traffic
