src_ip,dest_ip,original_class,z_n,s_n,new_class
10.8.8.138,185.2.220.137,tunneling http trafficc,0.00017529727348168731,1.8263285828740485e-94,regular http traffic
185.2.220.137,10.8.8.138,tunneling http trafficc,4.4413094582259386e-05,3.011584485149134e-94,regular http traffic
207.241.227.212,10.8.8.130,tunneling http trafficc,6.550912800687894e-05,4.353576787879947e-94,regular http traffic
207.241.227.82,10.8.8.130,tunneling http trafficc,6.594467115037001e-05,4.4476810437281813e-94,regular http traffic
207.241.228.122,10.8.8.130,tunneling http trafficc,7.586065389896928e-05,4.482619622207466e-94,regular http traffic
207.241.236.176,10.8.8.130,tunneling http trafficc,6.770076665330259e-05,4.583595085931737e-94,regular http traffic
207.241.237.128,10.8.8.130,tunneling http trafficc,7.105119592870179e-05,4.259766718704206e-94,regular http traffic
