src_ip,dest_ip,original_class,z_n,s_n,new_class
10.8.8.138,185.2.220.137,tunneling http trafficc,0.00017509312535677287,2.3858121721828655e-94,regular http traffic
185.2.220.137,10.8.8.138,tunneling http trafficc,0.0001112454590563358,3.8682790498054e-94,regular http traffic
207.241.227.212,10.8.8.130,tunneling http trafficc,7.332487457339357e-05,5.797104745012023e-94,regular http traffic
207.241.227.82,10.8.8.130,tunneling http trafficc,7.286766135280609e-05,5.835956226224176e-94,regular http traffic
207.241.228.122,10.8.8.130,tunneling http trafficc,6.550910813557974e-05,5.87285186499631e-94,regular http traffic
207.241.236.176,10.8.8.130,tunneling http trafficc,7.286766135280609e-05,5.788932399614944e-94,regular http traffic
207.241.237.128,10.8.8.130,tunneling http trafficc,6.442652122020646e-05,5.697480557027564e-94,regular http traffic
