src_ip,dest_ip,original_class,z_n,s_n,new_class
10.8.8.138,185.2.220.137,tunneling http trafficc,0.00017161035113235032,2.7526927257161405e-94,regular http traffic
185.2.220.137,10.8.8.138,tunneling http trafficc,0.00014334518200701454,4.457583606428816e-94,regular http traffic
207.241.227.212,10.8.8.130,tunneling http trafficc,0.00011667332432793899,6.408338780226029e-94,regular http traffic
207.241.227.82,10.8.8.130,tunneling http trafficc,6.594464697231854e-05,6.778494541753558e-94,regular http traffic
207.241.228.122,10.8.8.130,tunneling http trafficc,0.00011297896708295258,6.734012688581035e-94,regular http traffic
207.241.236.176,10.8.8.130,tunneling http trafficc,0.00011393059347907523,6.523638836926667e-94,regular http traffic
207.241.237.128,10.8.8.130,tunneling http trafficc,0.0001078503527998466,6.43880913328461e-94,regular http traffic
