src_ip,dest_ip,original_class,z_n,s_n,new_class
10.8.8.138,185.2.220.137,tunneling http trafficc,0.0001725665219465361,2.5687219862457156e-94,regular http traffic
185.2.220.137,10.8.8.138,tunneling http trafficc,0.00014433888902804892,4.154141049400165e-94,regular http traffic
207.241.227.212,10.8.8.130,tunneling http trafficc,0.00013463178224928815,6.132731595768898e-94,regular http traffic
207.241.227.82,10.8.8.130,tunneling http trafficc,6.681994298677977e-05,6.309455393915436e-94,regular http traffic
207.241.228.122,10.8.8.130,tunneling http trafficc,0.00014045818727482514,6.31038215747826e-94,regular http traffic
207.241.236.176,10.8.8.130,tunneling http trafficc,0.00011716556478885024,6.20221570584227e-94,regular http traffic
207.241.237.128,10.8.8.130,tunneling http trafficc,7.286766135280609e-05,6.165646882250687e-94,regular http traffic
