src_ip,dest_ip,original_class,z_n,s_n,new_class
10.8.8.138,185.2.220.137,tunneling http trafficc,0.00017509312535677287,2.1688893172190688e-94,regular http traffic
185.2.220.137,10.8.8.138,tunneling http trafficc,8.585989250897369e-05,3.5247502332216266e-94,regular http traffic
207.241.227.212,10.8.8.130,tunneling http trafficc,6.378147356453023e-05,5.222471791445449e-94,regular http traffic
207.241.227.82,10.8.8.130,tunneling http trafficc,7.586065389896928e-05,5.300382185020552e-94,regular http traffic
207.241.228.122,10.8.8.130,tunneling http trafficc,7.286766135280609e-05,5.321111661493514e-94,regular http traffic
207.241.236.176,10.8.8.130,tunneling http trafficc,7.51656217258588e-05,5.254734276842173e-94,regular http traffic
207.241.237.128,10.8.8.130,tunneling http trafficc,6.550910813557974e-05,5.136128863281727e-94,regular http traffic
