src_ip,dest_ip,original_class,z_n,s_n,new_class
10.8.8.138,185.2.220.137,tunneling http trafficc,0.00017509312535677287,1.951927401084114e-94,regular http traffic
185.2.220.137,10.8.8.138,tunneling http trafficc,0.00010010124282155916,3.1985147709757687e-94,regular http traffic
207.241.227.212,10.8.8.130,tunneling http trafficc,6.594464697231854e-05,4.6723585805390397e-94,regular http traffic
207.241.227.82,10.8.8.130,tunneling http trafficc,7.286766135280609e-05,4.752037716723784e-94,regular http traffic
207.241.228.122,10.8.8.130,tunneling http trafficc,6.681994298677977e-05,4.802424822204169e-94,regular http traffic
207.241.236.176,10.8.8.130,tunneling http trafficc,0.00011519149849916056,4.808299659395825e-94,regular http traffic
207.241.237.128,10.8.8.130,tunneling http trafficc,6.703965310192625e-05,4.57885441140384e-94,regular http traffic
