src_ip,dest_ip,original_class,z_n,s_n,new_class
10.8.8.138,185.2.220.137,tunneling http trafficc,0.00017303721087978536,2.637901211760412e-94,regular http traffic
185.2.220.137,10.8.8.138,tunneling http trafficc,0.00016059987431131842,4.266038565017165e-94,regular http traffic
207.241.227.212,10.8.8.130,tunneling http trafficc,0.00010948345468307638,6.243226375690502e-94,regular http traffic
207.241.227.82,10.8.8.130,tunneling http trafficc,7.286766135280609e-05,6.485591779731151e-94,regular http traffic
207.241.228.122,10.8.8.130,tunneling http trafficc,6.836482474921314e-05,6.489205501158743e-94,regular http traffic
207.241.236.176,10.8.8.130,tunneling http trafficc,0.00017348969079794668,6.314949200192749e-94,regular http traffic
207.241.237.128,10.8.8.130,tunneling http trafficc,0.00012429395656408845,6.291178777477494e-94,regular http traffic
