src_ip,dest_ip,original_class,z_n,s_n,new_class
10.8.8.138,185.2.220.137,tunneling http trafficc,0.00017509312535677287,2.2202482796648687e-94,regular http traffic
185.2.220.137,10.8.8.138,tunneling http trafficc,8.040985957269244e-05,3.602228563580382e-94,regular http traffic
207.241.227.212,10.8.8.130,tunneling http trafficc,6.399592858690813e-05,5.361770003636991e-94,regular http traffic
207.241.227.82,10.8.8.130,tunneling http trafficc,6.7479972022513e-05,5.427679582122805e-94,regular http traffic
207.241.228.122,10.8.8.130,tunneling http trafficc,6.550910813557974e-05,5.455799246873594e-94,regular http traffic
207.241.236.176,10.8.8.130,tunneling http trafficc,6.550910813557974e-05,5.387040279828418e-94,regular http traffic
207.241.237.128,10.8.8.130,tunneling http trafficc,7.286766135280609e-05,5.26754702799811e-94,regular http traffic
