src_ip,dest_ip,original_class,z_n,s_n,new_class
10.8.8.138,185.2.220.137,tunneling http trafficc,0.00017509312535677287,2.4143634047009155e-94,regular http traffic
185.2.220.137,10.8.8.138,tunneling http trafficc,0.00017164680608052561,3.9000145273427223e-94,regular http traffic
207.241.227.212,10.8.8.130,tunneling http trafficc,6.836482474921314e-05,5.868957293846157e-94,regular http traffic
207.241.227.82,10.8.8.130,tunneling http trafficc,7.516558490584282e-05,5.906001263012179e-94,regular http traffic
207.241.228.122,10.8.8.130,tunneling http trafficc,7.286766135280609e-05,5.941173537043711e-94,regular http traffic
207.241.236.176,10.8.8.130,tunneling http trafficc,7.286766135280609e-05,5.857544944176875e-94,regular http traffic
207.241.237.128,10.8.8.130,tunneling http trafficc,6.836482474921314e-05,5.765654030373096e-94,regular http traffic
