src_ip,dest_ip,original_class,z_n,s_n,new_class
10.8.8.138,185.2.220.137,tunneling http trafficc,0.00017383522804776156,2.6089891795824255e-94,regular http traffic
185.2.220.137,10.8.8.138,tunneling http trafficc,0.00016801398114750233,4.21328920572982e-94,regular http traffic
207.241.227.212,10.8.8.130,tunneling http trafficc,8.370394876833425e-05,6.200930578768717e-94,regular http traffic
207.241.227.82,10.8.8.130,tunneling http trafficc,7.286766135280609e-05,6.411912268299416e-94,regular http traffic
207.241.228.122,10.8.8.130,tunneling http trafficc,7.286766135280609e-05,6.413759524065575e-94,regular http traffic
207.241.236.176,10.8.8.130,tunneling http trafficc,0.0001299882171063929,6.254563090089698e-94,regular http traffic
207.241.237.128,10.8.8.130,tunneling http trafficc,0.00011875990783506102,6.245704655302628e-94,regular http traffic
