src_ip,dest_ip,original_class,z_n,s_n,new_class
10.8.8.138,185.2.220.137,tunneling http trafficc,0.00017509312535677287,2.4200736512045257e-94,regular http traffic
185.2.220.137,10.8.8.138,tunneling http trafficc,0.00011630849412103395,3.908611351668084e-94,regular http traffic
207.241.227.212,10.8.8.130,tunneling http trafficc,7.21845233194491e-05,5.882809678948868e-94,regular http traffic
207.241.227.82,10.8.8.130,tunneling http trafficc,6.836482474921314e-05,5.920627668314078e-94,regular http traffic
207.241.228.122,10.8.8.130,tunneling http trafficc,7.286766135280609e-05,5.954896045956097e-94,regular http traffic
207.241.236.176,10.8.8.130,tunneling http trafficc,7.286766135280609e-05,5.871267453089262e-94,regular http traffic
207.241.237.128,10.8.8.130,tunneling http trafficc,6.487566910218432e-05,5.781067129585312e-94,regular http traffic
