src_ip,dest_ip,original_class,z_n,s_n,new_class
10.8.8.138,185.2.220.137,tunneling http trafficc,0.000173955732638162,2.643648800696426e-94,regular http traffic
185.2.220.137,10.8.8.138,tunneling http trafficc,8.090777559822217e-05,4.2783973165071317e-94,regular http traffic
207.241.227.212,10.8.8.130,tunneling http trafficc,0.0001101939820270893,6.252300281430402e-94,regular http traffic
207.241.227.82,10.8.8.130,tunneling http trafficc,7.286766135280609e-05,6.499314288643538e-94,regular http traffic
207.241.228.122,10.8.8.130,tunneling http trafficc,7.632576512387695e-05,6.502306236835771e-94,regular http traffic
207.241.236.176,10.8.8.130,tunneling http trafficc,9.115588828931269e-05,6.32591841856006e-94,regular http traffic
207.241.237.128,10.8.8.130,tunneling http trafficc,0.00012103621715770235,6.299439767346997e-94,regular http traffic
