src_ip,dest_ip,original_class,z_n,s_n,new_class
10.8.8.138,185.2.220.137,tunneling http trafficc,0.00017331936638674222,1.608731554016445e-94,regular http traffic
185.2.220.137,10.8.8.138,tunneling http trafficc,0.00017350050482063274,2.597791405776296e-94,regular http traffic
207.241.227.212,10.8.8.130,tunneling http trafficc,6.550910813557974e-05,3.802837735931581e-94,regular http traffic
207.241.227.82,10.8.8.130,tunneling http trafficc,7.286766135280609e-05,3.8943799166532754e-94,regular http traffic
207.241.228.122,10.8.8.130,tunneling http trafficc,6.31391489982944e-05,3.935982476845215e-94,regular http traffic
207.241.236.176,10.8.8.130,tunneling http trafficc,6.550910813557974e-05,4.031553508868259e-94,regular http traffic
207.241.237.128,10.8.8.130,tunneling http trafficc,7.447315098947651e-05,3.7208233286017233e-94,regular http traffic
