src_ip,dest_ip,original_class,z_n,s_n,new_class
10.8.8.138,185.2.220.137,tunneling http trafficc,0.00017529727348168731,1.534357419602263e-94,regular http traffic
185.2.220.137,10.8.8.138,tunneling http trafficc,9.138947471075969e-05,2.4879954355911004e-94,regular http traffic
207.241.227.212,10.8.8.130,tunneling http trafficc,6.550910813557974e-05,3.608326416324387e-94,regular http traffic
207.241.227.82,10.8.8.130,tunneling http trafficc,6.63815893827497e-05,3.7081809742673483e-94,regular http traffic
207.241.228.122,10.8.8.130,tunneling http trafficc,6.836482474921314e-05,3.767028391120894e-94,regular http traffic
207.241.236.176,10.8.8.130,tunneling http trafficc,6.550910813557974e-05,3.836203909596481e-94,regular http traffic
207.241.237.128,10.8.8.130,tunneling http trafficc,7.105119592870179e-05,3.5283488495413925e-94,regular http traffic
