src_ip,dest_ip,original_class,z_n,s_n,new_class
10.8.8.138,185.2.220.137,tunneling http trafficc,0.00017529727348168731,1.2250457752211727e-94,regular http traffic
185.2.220.137,10.8.8.138,tunneling http trafficc,0.00011132095448613759,2.0154602431179577e-94,regular http traffic
207.241.227.212,10.8.8.130,tunneling http trafficc,7.286766135280609e-05,2.851527517664681e-94,regular http traffic
207.241.227.82,10.8.8.130,tunneling http trafficc,7.401297391541433e-05,2.9250954680952444e-94,regular http traffic
207.241.228.122,10.8.8.130,tunneling http trafficc,7.286766135280609e-05,2.9857744101060496e-94,regular http traffic
207.241.236.176,10.8.8.130,tunneling http trafficc,7.286766135280609e-05,3.0890121175010586e-94,regular http traffic
207.241.237.128,10.8.8.130,tunneling http trafficc,6.881506329369197e-05,2.7361303554125446e-94,regular http traffic
