src_ip,dest_ip,original_class,z_n,s_n,new_class
10.8.8.138,185.2.220.137,tunneling http trafficc,0.00017520897080338022,2.534228246567998e-94,regular http traffic
185.2.220.137,10.8.8.138,tunneling http trafficc,9.404219115710809e-05,4.107565202942681e-94,regular http traffic
207.241.227.212,10.8.8.130,tunneling http trafficc,0.00011875990783506102,6.076665795922928e-94,regular http traffic
207.241.227.82,10.8.8.130,tunneling http trafficc,6.7479972022513e-05,6.218865688076203e-94,regular http traffic
207.241.228.122,10.8.8.130,tunneling http trafficc,7.263967037727034e-05,6.230695725677933e-94,regular http traffic
207.241.236.176,10.8.8.130,tunneling http trafficc,0.00011137535766162789,6.152753270957523e-94,regular http traffic
207.241.237.128,10.8.8.130,tunneling http trafficc,6.836482474921314e-05,6.078565089106484e-94,regular http traffic
