src_ip,dest_ip,original_class,z_n,s_n,new_class
10.8.8.138,185.2.220.137,tunneling http trafficc,0.00017509312535677287,2.248799512182918e-94,regular http traffic
185.2.220.137,10.8.8.138,tunneling http trafficc,0.00010735651856064467,3.66097967474667e-94,regular http traffic
207.241.227.212,10.8.8.130,tunneling http trafficc,6.66008051444119e-05,5.438048169939801e-94,regular http traffic
207.241.227.82,10.8.8.130,tunneling http trafficc,7.286766135280609e-05,5.496521650365702e-94,regular http traffic
207.241.228.122,10.8.8.130,tunneling http trafficc,6.464231183507326e-05,5.53201495551854e-94,regular http traffic
207.241.236.176,10.8.8.130,tunneling http trafficc,7.286766135280609e-05,5.459659389412405e-94,regular http traffic
207.241.237.128,10.8.8.130,tunneling http trafficc,6.31391489982944e-05,5.344789153357318e-94,regular http traffic
