src_ip,dest_ip,original_class,z_n,s_n,new_class
10.8.8.138,185.2.220.137,tunneling http trafficc,0.00017509312535677287,1.5171343069447207e-94,regular http traffic
185.2.220.137,10.8.8.138,tunneling http trafficc,0.00017197349184778788,2.464700989641231e-94,regular http traffic
207.241.227.212,10.8.8.130,tunneling http trafficc,7.586065389896928e-05,3.562694130162751e-94,regular http traffic
207.241.227.82,10.8.8.130,tunneling http trafficc,6.550910813557974e-05,3.6656725385927086e-94,regular http traffic
207.241.228.122,10.8.8.130,tunneling http trafficc,6.770076665330259e-05,3.7218848657432015e-94,regular http traffic
207.241.236.176,10.8.8.130,tunneling http trafficc,6.550910813557974e-05,3.7904117509478383e-94,regular http traffic
207.241.237.128,10.8.8.130,tunneling http trafficc,6.836482474921314e-05,3.482601425172826e-94,regular http traffic
