src_ip,dest_ip,original_class,z_n,s_n,new_class
10.8.8.138,185.2.220.137,tunneling http trafficc,0.00017529727348168731,1.8434526711675403e-94,regular http traffic
185.2.220.137,10.8.8.138,tunneling http trafficc,0.00014346339682717318,3.033618640940587e-94,regular http traffic
207.241.227.212,10.8.8.130,tunneling http trafficc,6.550910870352287e-05,4.3959900002658204e-94,regular http traffic
207.241.227.82,10.8.8.130,tunneling http trafficc,7.286766135280609e-05,4.489712124646364e-94,regular http traffic
207.241.228.122,10.8.8.130,tunneling http trafficc,6.31391489982944e-05,4.527709466992354e-94,regular http traffic
207.241.236.176,10.8.8.130,tunneling http trafficc,6.550910813557974e-05,4.626304156639391e-94,regular http traffic
207.241.237.128,10.8.8.130,tunneling http trafficc,6.358959445216439e-05,4.3043925516483777e-94,regular http traffic
