src_ip,dest_ip,original_class,z_n,s_n,new_class
10.8.8.138,185.2.220.137,tunneling http trafficc,0.00017509312535677287,2.288764586490849e-94,regular http traffic
185.2.220.137,10.8.8.138,tunneling http trafficc,0.00012103621715770235,3.714679875991554e-94,regular http traffic
207.241.227.212,10.8.8.130,tunneling http trafficc,6.947909502827852e-05,5.543563307660157e-94,regular http traffic
207.241.227.82,10.8.8.130,tunneling http trafficc,7.586065389896928e-05,5.592872201503854e-94,regular http traffic
207.241.228.122,10.8.8.130,tunneling http trafficc,6.31391489982944e-05,5.633954322035154e-94,regular http traffic
207.241.236.176,10.8.8.130,tunneling http trafficc,7.286766135280609e-05,5.557739190658714e-94,regular http traffic
207.241.237.128,10.8.8.130,tunneling http trafficc,6.550910870352287e-05,5.448166894562351e-94,regular http traffic
