src_ip,dest_ip,original_class,z_n,s_n,new_class
10.8.8.138,185.2.220.137,tunneling http trafficc,0.00017529727348168731,1.969051489377606e-94,regular http traffic
185.2.220.137,10.8.8.138,tunneling http trafficc,0.0001759482296391222,3.2213601663645137e-94,regular http traffic
207.241.227.212,10.8.8.130,tunneling http trafficc,6.594464697231854e-05,4.7158661108568426e-94,regular http traffic
207.241.227.82,10.8.8.130,tunneling http trafficc,7.286766135280609e-05,4.794746787431438e-94,regular http traffic
207.241.228.122,10.8.8.130,tunneling http trafficc,6.903201870630879e-05,4.847906976356517e-94,regular http traffic
207.241.236.176,10.8.8.130,tunneling http trafficc,4.503669945515635e-05,4.855962057271387e-94,regular http traffic
207.241.237.128,10.8.8.130,tunneling http trafficc,7.10511978384713e-05,4.622042763161576e-94,regular http traffic
