src_ip,dest_ip,original_class,z_n,s_n,new_class
10.8.8.138,185.2.220.137,tunneling http trafficc,0.00017529727348168731,2.4600187718604454e-94,regular http traffic
185.2.220.137,10.8.8.138,tunneling http trafficc,0.0001536155681225171,4.0014403544454016e-94,regular http traffic
207.241.227.212,10.8.8.130,tunneling http trafficc,0.00012038160348931997,5.9730128474941e-94,regular http traffic
207.241.227.82,10.8.8.130,tunneling http trafficc,7.286766135280609e-05,6.01899638918622e-94,regular http traffic
207.241.228.122,10.8.8.130,tunneling http trafficc,0.00013463178224928815,6.047691613798805e-94,regular http traffic
207.241.236.176,10.8.8.130,tunneling http trafficc,7.286766135280609e-05,5.96886655944646e-94,regular http traffic
207.241.237.128,10.8.8.130,tunneling http trafficc,6.836482474921314e-05,5.887304397436515e-94,regular http traffic
