src_ip,dest_ip,original_class,z_n,s_n,new_class
10.8.8.138,185.2.220.137,tunneling http trafficc,0.0001749072182659004,1.5457773318175584e-94,regular http traffic
185.2.220.137,10.8.8.138,tunneling http trafficc,0.00014816206405827997,2.50167309777605e-94,regular http traffic
207.241.227.212,10.8.8.130,tunneling http trafficc,6.464237566808775e-05,3.639059197689009e-94,regular http traffic
207.241.227.82,10.8.8.130,tunneling http trafficc,7.286766135280609e-05,3.735625992092122e-94,regular http traffic
207.241.228.122,10.8.8.130,tunneling http trafficc,6.31391489982944e-05,3.797491830603884e-94,regular http traffic
207.241.236.176,10.8.8.130,tunneling http trafficc,6.550910870352287e-05,3.8667320152299e-94,regular http traffic
207.241.237.128,10.8.8.130,tunneling http trafficc,6.31391489982944e-05,3.558812289024382e-94,regular http traffic
