packet_size,time_diff
165,0.0
241,0.0
336,0.0
388,0.0
165,0.0
241,0.0
1576,0.0
226,0.0
165,0.0
241,0.0
165,0.0
241,0.0
340,0.0
386,0.0
310,0.0
340,0.0
455,0.0
413,0.0
281,0.0
317,0.0
336,4.336712121963501
387,4.346530914306641
340,0.12436985969543457
385,0.11492800712585449
