src_ip,dest_ip,pkt_size,time_diff,original_class
131.202.240.150,54.230.53.71,266,3.557668924331665,tunneled http traffic
131.202.240.150,54.230.53.71,266,0.27162790298461914,tunneled http traffic
131.202.240.150,54.230.53.71,266,3.896437168121338,tunneled http traffic
131.202.240.150,54.230.53.71,266,0.7179579734802246,tunneled http traffic
