src_ip,dest_ip,pkt_size,time_diff,original_class
10.0.2.15,209.148.205.33,212,1959.7584228515625,regular http traffic
10.0.2.15,209.148.205.33,203,0.00025010108947753906,regular http traffic
10.0.2.15,209.148.205.33,188,0.024554967880249023,regular http traffic
10.0.2.15,209.148.205.33,235,0.022602081298828125,regular http traffic
