src_ip,dest_ip,pkt_size,time_diff,original_class
10.0.2.15,68.67.176.20,1571,144.70808792114258,regular http traffic
10.0.2.15,68.67.176.20,1570,269.1400361061096,regular http traffic
10.0.2.15,68.67.176.20,1571,300.81117391586304,regular http traffic
10.0.2.15,68.67.176.20,1571,326.73247718811035,regular http traffic
10.0.2.15,68.67.176.20,1575,301.3317868709564,regular http traffic
10.0.2.15,68.67.176.20,1576,300.89618706703186,regular http traffic
