src_ip,dest_ip,pkt_size,time_diff,original_class
10.10.6.233,45.63.107.173,73,2.8114590000004682,regular http traffic
10.10.6.233,45.63.107.173,73,0.27710599999954866,regular http traffic
10.10.6.233,45.63.107.173,72,0.2816510000002381,regular http traffic
