src_ip,dest_ip,pkt_size,time_diff,original_class
10.10.6.233,45.63.40.199,73,0.1654129999997167,regular http traffic
10.10.6.233,45.63.40.199,73,0.06183099999998376,regular http traffic
10.10.6.233,45.63.40.199,73,0.05622700000003533,regular http traffic
10.10.6.233,45.63.40.199,73,0.04285000000072614,regular http traffic
10.10.6.233,45.63.40.199,73,0.056562999999187014,regular http traffic
10.10.6.233,45.63.40.199,73,0.02477100000032806,regular http traffic
10.10.6.233,45.63.40.199,73,0.034434000000146625,regular http traffic
10.10.6.233,45.63.40.199,73,0.03310299999975541,regular http traffic
10.10.6.233,45.63.40.199,73,0.042849000000387605,regular http traffic
10.10.6.233,45.63.40.199,73,0.10323699999935343,regular http traffic
10.10.6.233,45.63.40.199,73,0.05337000000054104,regular http traffic
10.10.6.233,45.63.40.199,73,0.11851800000022195,regular http traffic
10.10.6.233,45.63.40.199,73,0.1668629999994664,regular http traffic
10.10.6.233,45.63.40.199,73,1.7033680000004097,regular http traffic
10.10.6.233,45.63.40.199,72,0.12202799999977287,regular http traffic
