src_ip,dest_ip,pkt_size,time_diff,original_class
10.10.6.233,139.162.160.112,73,0.09254699999291915,regular http traffic
10.10.6.233,139.162.160.112,73,0.09446000000752974,regular http traffic
10.10.6.233,139.162.160.112,73,0.06800899999507237,regular http traffic
10.10.6.233,139.162.160.112,73,0.027723999999579974,regular http traffic
10.10.6.233,139.162.160.112,73,0.06202700000721961,regular http traffic
10.10.6.233,139.162.160.112,73,0.0664449999894714,regular http traffic
10.10.6.233,139.162.160.112,72,0.030399000010220334,regular http traffic
