src_ip,dest_ip,pkt_size,time_diff,original_class
10.10.6.233,139.162.32.4,73,0.2543889999997191,regular http traffic
10.10.6.233,139.162.32.4,72,0.19901500000014494,regular http traffic
