src_ip,dest_ip,pkt_size,time_diff,original_class
10.10.6.233,173.255.220.148,73,0.19713700000011158,regular http traffic
10.10.6.233,173.255.220.148,73,0.1512829999992391,regular http traffic
10.10.6.233,173.255.220.148,73,0.15640500000063184,regular http traffic
10.10.6.233,173.255.220.148,73,0.23138699999981327,regular http traffic
10.10.6.233,173.255.220.148,73,1.8008060000001933,regular http traffic
10.10.6.233,173.255.220.148,72,0.12180199999966135,regular http traffic
