src_ip,dest_ip,pkt_size,time_diff,original_class
10.10.6.233,45.79.144.76,73,3.2561839999998483,regular http traffic
10.10.6.233,45.79.144.76,72,0.09458100000028935,regular http traffic
