src_ip,dest_ip,pkt_size,time_diff,original_class
10.10.6.233,139.162.12.17,73,0.3673701286315918,regular http traffic
10.10.6.233,139.162.12.17,72,0.2388148307800293,regular http traffic
