src_ip,dest_ip,pkt_size,time_diff,original_class
10.10.6.233,104.156.252.28,73,0.2279500000004191,regular http traffic
10.10.6.233,104.156.252.28,73,0.20444399999996676,regular http traffic
10.10.6.233,104.156.252.28,73,0.17391499999939697,regular http traffic
10.10.6.233,104.156.252.28,72,0.13223400000060792,regular http traffic
