src_ip,dest_ip,pkt_size,time_diff,original_class
10.10.6.233,173.255.229.249,73,0.08573699999942619,regular http traffic
10.10.6.233,173.255.229.249,73,0.11519000000043889,regular http traffic
10.10.6.233,173.255.229.249,73,0.10438900000008289,regular http traffic
10.10.6.233,173.255.229.249,73,0.1202579999999216,regular http traffic
10.10.6.233,173.255.229.249,73,0.15731599999980972,regular http traffic
10.10.6.233,173.255.229.249,73,0.4649540000000343,regular http traffic
10.10.6.233,173.255.229.249,73,1.2566289999995206,regular http traffic
10.10.6.233,173.255.229.249,72,1.3400470000005953,regular http traffic
