src_ip,dest_ip,pkt_size,time_diff,original_class
10.10.6.233,45.32.151.198,73,2.074456999999711,regular http traffic
10.10.6.233,45.32.151.198,73,1.0062950000001365,regular http traffic
10.10.6.233,45.32.151.198,73,0.15455300000030547,regular http traffic
10.10.6.233,45.32.151.198,72,0.3527109999995446,regular http traffic
