src_ip,dest_ip,pkt_size,time_diff,original_class
10.10.6.233,107.191.49.42,73,3.238173000000643,regular http traffic
10.10.6.233,107.191.49.42,73,0.22207299999990937,regular http traffic
10.10.6.233,107.191.49.42,73,0.12192499999946449,regular http traffic
10.10.6.233,107.191.49.42,73,0.11888700000054087,regular http traffic
10.10.6.233,107.191.49.42,73,0.11937899999975343,regular http traffic
10.10.6.233,107.191.49.42,72,0.3258219999997891,regular http traffic
