src_ip,dest_ip,pkt_size,time_diff,original_class
10.10.6.233,104.207.151.202,73,0.7358629999998811,regular http traffic
10.10.6.233,104.207.151.202,72,1.3392750000002707,regular http traffic
