src_ip,dest_ip,pkt_size,time_diff,original_class
10.10.6.233,23.239.10.26,73,2.627038999999968,regular http traffic
10.10.6.233,23.239.10.26,73,0.840238999999201,regular http traffic
10.10.6.233,23.239.10.26,72,0.002013000000260945,regular http traffic
