src_ip,dest_ip,pkt_size,time_diff,original_class
10.10.6.233,45.63.27.110,73,0.3652510000001712,regular http traffic
10.10.6.233,45.63.27.110,73,1.528545000000122,regular http traffic
10.10.6.233,45.63.27.110,72,1.53268399999979,regular http traffic
