src_ip,dest_ip,pkt_size,time_diff,original_class
10.10.6.233,45.56.123.206,73,0.1898510456085205,regular http traffic
10.10.6.233,45.56.123.206,73,0.1561579704284668,regular http traffic
10.10.6.233,45.56.123.206,73,0.15433907508850098,regular http traffic
10.10.6.233,45.56.123.206,73,0.1583089828491211,regular http traffic
10.10.6.233,45.56.123.206,72,0.0804588794708252,regular http traffic
