src_ip,dest_ip,pkt_size,time_diff,original_class
10.10.6.233,139.162.62.52,73,1.1663879999996425,regular http traffic
10.10.6.233,139.162.62.52,73,0.381321000000753,regular http traffic
10.10.6.233,139.162.62.52,73,0.4123810000000958,regular http traffic
10.10.6.233,139.162.62.52,73,0.41949299999942014,regular http traffic
10.10.6.233,139.162.62.52,73,0.3474239999995916,regular http traffic
10.10.6.233,139.162.62.52,73,0.4430930000016815,regular http traffic
10.10.6.233,139.162.62.52,72,0.006013999998685904,regular http traffic
