src_ip,dest_ip,pkt_size,time_diff,original_class
10.10.6.233,139.162.38.242,73,0.2734889999992447,regular http traffic
10.10.6.233,139.162.38.242,72,0.19910900000013498,regular http traffic
