src_ip,dest_ip,pkt_size,time_diff,original_class
10.10.6.233,45.33.100.214,73,0.1712969999998677,regular http traffic
10.10.6.233,45.33.100.214,73,0.17237199999999575,regular http traffic
10.10.6.233,45.33.100.214,73,0.14272600000003877,regular http traffic
10.10.6.233,45.33.100.214,73,0.12084200000026613,regular http traffic
10.10.6.233,45.33.100.214,73,0.13172599999961676,regular http traffic
10.10.6.233,45.33.100.214,73,0.14433000000008178,regular http traffic
10.10.6.233,45.33.100.214,72,0.1022080000002461,regular http traffic
