src_ip,dest_ip,pkt_size,time_diff,original_class
10.10.6.233,192.155.86.233,73,4.58423700000003,regular http traffic
10.10.6.233,192.155.86.233,72,0.00025800000003073364,regular http traffic
