src_ip,dest_ip,pkt_size,time_diff,original_class
10.10.6.233,45.32.187.251,73,0.11055900000064867,regular http traffic
10.10.6.233,45.32.187.251,73,0.1185299999997369,regular http traffic
10.10.6.233,45.32.187.251,73,0.07433299999956944,regular http traffic
10.10.6.233,45.32.187.251,73,0.056634999999914726,regular http traffic
10.10.6.233,45.32.187.251,73,0.14650800000072195,regular http traffic
10.10.6.233,45.32.187.251,73,0.11046299999998155,regular http traffic
10.10.6.233,45.32.187.251,73,0.06456900000011956,regular http traffic
10.10.6.233,45.32.187.251,73,0.07254199999988487,regular http traffic
10.10.6.233,45.32.187.251,73,0.047238999999535736,regular http traffic
10.10.6.233,45.32.187.251,73,0.05032900000060181,regular http traffic
10.10.6.233,45.32.187.251,73,0.04189799999949173,regular http traffic
10.10.6.233,45.32.187.251,73,0.05256900000040332,regular http traffic
10.10.6.233,45.32.187.251,73,0.1401369999994131,regular http traffic
10.10.6.233,45.32.187.251,73,0.21758500000032654,regular http traffic
10.10.6.233,45.32.187.251,73,0.08495500000026368,regular http traffic
10.10.6.233,45.32.187.251,73,0.04323199999998906,regular http traffic
10.10.6.233,45.32.187.251,72,0.011539999999513384,regular http traffic
