src_ip,dest_ip,pkt_size,time_diff,original_class
10.10.6.233,104.207.141.178,73,0.24691700000039418,regular http traffic
10.10.6.233,104.207.141.178,73,0.19992999999885797,regular http traffic
10.10.6.233,104.207.141.178,73,0.21713799999997718,regular http traffic
10.10.6.233,104.207.141.178,73,0.1989850000009028,regular http traffic
10.10.6.233,104.207.141.178,72,0.015535000000454602,regular http traffic
