src_ip,dest_ip,pkt_size,time_diff,original_class
10.10.6.233,96.126.124.147,73,1.1873800000012125,regular http traffic
10.10.6.233,96.126.124.147,73,0.45546899999862944,regular http traffic
10.10.6.233,96.126.124.147,73,0.34455500000149186,regular http traffic
10.10.6.233,96.126.124.147,73,0.3057250000001659,regular http traffic
10.10.6.233,96.126.124.147,73,0.3210899999994581,regular http traffic
10.10.6.233,96.126.124.147,73,0.3520699999990029,regular http traffic
10.10.6.233,96.126.124.147,73,0.31616700000085984,regular http traffic
10.10.6.233,96.126.124.147,72,0.2292749999996886,regular http traffic
