src_ip,dest_ip,pkt_size,time_diff,original_class
10.10.6.233,45.79.219.214,73,0.15854200000012497,regular http traffic
10.10.6.233,45.79.219.214,73,0.13243899999997666,regular http traffic
10.10.6.233,45.79.219.214,73,0.14259099999981117,regular http traffic
10.10.6.233,45.79.219.214,73,0.10853800000040792,regular http traffic
10.10.6.233,45.79.219.214,73,0.12084599999980128,regular http traffic
10.10.6.233,45.79.219.214,72,0.07778599999983271,regular http traffic
