src_ip,dest_ip,pkt_size,time_diff,original_class
10.10.6.233,45.33.112.28,73,0.19872600000235252,regular http traffic
10.10.6.233,45.33.112.28,73,0.16542699999990873,regular http traffic
10.10.6.233,45.33.112.28,73,0.1325069999875268,regular http traffic
10.10.6.233,45.33.112.28,73,0.16853999999875668,regular http traffic
10.10.6.233,45.33.112.28,73,0.14652900000510272,regular http traffic
10.10.6.233,45.33.112.28,73,0.15492400000221096,regular http traffic
10.10.6.233,45.33.112.28,72,0.09721900000295136,regular http traffic
