src_ip,dest_ip,pkt_size,time_diff,original_class
10.10.6.233,104.238.165.72,73,0.17111499999919033,regular http traffic
10.10.6.233,104.238.165.72,73,0.19085700000050565,regular http traffic
10.10.6.233,104.238.165.72,73,0.1319629999998142,regular http traffic
10.10.6.233,104.238.165.72,73,0.14140000000043074,regular http traffic
10.10.6.233,104.238.165.72,73,0.1314039999997476,regular http traffic
10.10.6.233,104.238.165.72,72,0.016754999999648135,regular http traffic
