src_ip,dest_ip,pkt_size,time_diff,original_class
10.10.6.233,139.162.181.221,73,0.03161400000044523,regular http traffic
10.10.6.233,139.162.181.221,73,0.0561809999999241,regular http traffic
10.10.6.233,139.162.181.221,73,0.042801999999937834,regular http traffic
10.10.6.233,139.162.181.221,73,0.05600299999969138,regular http traffic
10.10.6.233,139.162.181.221,73,0.0597010000001319,regular http traffic
10.10.6.233,139.162.181.221,73,0.03280400000039663,regular http traffic
10.10.6.233,139.162.181.221,73,0.04319699999996374,regular http traffic
10.10.6.233,139.162.181.221,73,0.039619999999558786,regular http traffic
10.10.6.233,139.162.181.221,73,0.06465000000025611,regular http traffic
10.10.6.233,139.162.181.221,73,0.11740699999973003,regular http traffic
10.10.6.233,139.162.181.221,73,0.22021000000040658,regular http traffic
10.10.6.233,139.162.181.221,73,1.6516849999998158,regular http traffic
10.10.6.233,139.162.181.221,73,0.1616039999998975,regular http traffic
10.10.6.233,139.162.181.221,72,0.012220999999954074,regular http traffic
