src_ip,dest_ip,pkt_size,time_diff,original_class
10.10.6.233,103.43.75.238,73,3.016532000000552,regular http traffic
10.10.6.233,103.43.75.238,72,0.08498499999950582,regular http traffic
