src_ip,dest_ip,pkt_size,time_diff,original_class
10.10.6.233,104.207.140.171,73,0.1464689999993425,regular http traffic
10.10.6.233,104.207.140.171,73,0.17651800000021467,regular http traffic
10.10.6.233,104.207.140.171,73,0.211819000000105,regular http traffic
10.10.6.233,104.207.140.171,73,1.4873290000005,regular http traffic
10.10.6.233,104.207.140.171,72,1.5759049999996932,regular http traffic
