src_ip,dest_ip,pkt_size,time_diff,original_class
10.10.6.233,192.81.134.125,73,0.17118310928344727,regular http traffic
10.10.6.233,192.81.134.125,73,0.18832087516784668,regular http traffic
10.10.6.233,192.81.134.125,73,0.14895105361938477,regular http traffic
10.10.6.233,192.81.134.125,73,0.1682291030883789,regular http traffic
10.10.6.233,192.81.134.125,72,0.04345989227294922,regular http traffic
