src_ip,dest_ip,pkt_size,time_diff,original_class
10.10.6.233,45.63.104.123,73,0.15490800000043237,regular http traffic
10.10.6.233,45.63.104.123,73,0.1919769999994969,regular http traffic
10.10.6.233,45.63.104.123,73,0.1982530000004772,regular http traffic
10.10.6.233,45.63.104.123,73,1.4855639999996129,regular http traffic
10.10.6.233,45.63.104.123,72,1.5759610000004614,regular http traffic
