src_ip,dest_ip,pkt_size,time_diff,original_class
10.10.6.233,173.255.213.232,73,0.17680600000039703,regular http traffic
10.10.6.233,173.255.213.232,73,0.18445099999917147,regular http traffic
10.10.6.233,173.255.213.232,73,0.19187400000009802,regular http traffic
10.10.6.233,173.255.213.232,73,1.4894180000001143,regular http traffic
10.10.6.233,173.255.213.232,72,1.5374350000001868,regular http traffic
