src_ip,dest_ip,pkt_size,time_diff,original_class
10.10.6.233,45.79.217.168,73,3.0098929999994652,regular http traffic
10.10.6.233,45.79.217.168,72,1.8517620000002353,regular http traffic
