src_ip,dest_ip,pkt_size,time_diff,original_class
10.10.6.233,23.239.10.26,73,0.180370000000039,regular http traffic
10.10.6.233,23.239.10.26,73,0.14700099999936356,regular http traffic
10.10.6.233,23.239.10.26,73,0.14776700000038545,regular http traffic
10.10.6.233,23.239.10.26,73,0.13716800000020157,regular http traffic
10.10.6.233,23.239.10.26,73,0.1354959999998755,regular http traffic
10.10.6.233,23.239.10.26,73,0.1440229999998337,regular http traffic
10.10.6.233,23.239.10.26,72,0.10279400000035821,regular http traffic
