src_ip,dest_ip,pkt_size,time_diff,original_class
10.10.6.233,178.79.185.4,73,3.238796000000548,regular http traffic
10.10.6.233,178.79.185.4,73,0.22119500000007974,regular http traffic
10.10.6.233,178.79.185.4,73,0.016063999999460066,regular http traffic
10.10.6.233,178.79.185.4,73,0.01733700000022509,regular http traffic
10.10.6.233,178.79.185.4,73,0.021273000000292086,regular http traffic
10.10.6.233,178.79.185.4,73,0.01390599999922415,regular http traffic
10.10.6.233,178.79.185.4,73,0.015105000000403379,regular http traffic
10.10.6.233,178.79.185.4,73,0.01368800000000192,regular http traffic
10.10.6.233,178.79.185.4,73,0.013517000000319968,regular http traffic
10.10.6.233,178.79.185.4,73,0.016388000000006286,regular http traffic
10.10.6.233,178.79.185.4,73,0.013690999999198539,regular http traffic
10.10.6.233,178.79.185.4,73,0.013447000000269327,regular http traffic
10.10.6.233,178.79.185.4,73,0.014573999999811349,regular http traffic
10.10.6.233,178.79.185.4,73,0.014078000000154134,regular http traffic
10.10.6.233,178.79.185.4,73,0.013539999999920838,regular http traffic
10.10.6.233,178.79.185.4,73,0.013601000000562635,regular http traffic
10.10.6.233,178.79.185.4,73,0.013625999999931082,regular http traffic
10.10.6.233,178.79.185.4,73,0.013656999999511754,regular http traffic
10.10.6.233,178.79.185.4,73,0.015645999999833293,regular http traffic
10.10.6.233,178.79.185.4,73,0.01444800000081159,regular http traffic
10.10.6.233,178.79.185.4,73,0.01419499999974505,regular http traffic
10.10.6.233,178.79.185.4,73,0.013492000000042026,regular http traffic
10.10.6.233,178.79.185.4,73,0.06451999999990221,regular http traffic
10.10.6.233,178.79.185.4,72,0.32712400000036723,regular http traffic
