src_ip,dest_ip,pkt_size,time_diff,original_class
10.10.6.233,139.162.189.215,73,2.632948999999826,regular http traffic
10.10.6.233,139.162.189.215,73,0.8387360000006083,regular http traffic
10.10.6.233,139.162.189.215,72,0.0035579999994297395,regular http traffic
