src_ip,dest_ip,pkt_size,time_diff,original_class
10.10.6.233,139.162.11.89,73,2.666584000000512,regular http traffic
10.10.6.233,139.162.11.89,72,0.5586349999994127,regular http traffic
