src_ip,dest_ip,pkt_size,time_diff,original_class
10.10.6.233,173.230.156.102,73,3.2938860000003842,regular http traffic
10.10.6.233,173.230.156.102,72,0.12009299999954237,regular http traffic
