src_ip,dest_ip,pkt_size,time_diff,original_class
10.10.6.233,108.61.242.222,73,0.15374999999949068,regular http traffic
10.10.6.233,108.61.242.222,73,0.17686800000046787,regular http traffic
10.10.6.233,108.61.242.222,73,0.21180399999957444,regular http traffic
10.10.6.233,108.61.242.222,73,1.487315000000308,regular http traffic
10.10.6.233,108.61.242.222,72,1.5759749999997439,regular http traffic
