src_ip,dest_ip,pkt_size,time_diff,original_class
10.10.6.233,45.76.101.99,73,0.3359740000014426,regular http traffic
10.10.6.233,45.76.101.99,73,0.2553439999901457,regular http traffic
10.10.6.233,45.76.101.99,73,0.3156230000022333,regular http traffic
10.10.6.233,45.76.101.99,72,0.0301610000024084,regular http traffic
