src_ip,dest_ip,pkt_size,time_diff,original_class
10.10.6.233,104.156.233.25,73,0.3288090000005468,regular http traffic
10.10.6.233,104.156.233.25,73,0.3321040000009816,regular http traffic
10.10.6.233,104.156.233.25,72,0.09948199999962526,regular http traffic
