src_ip,dest_ip,pkt_size,time_diff,original_class
10.10.6.233,104.156.245.134,73,2.8116620000000694,regular http traffic
10.10.6.233,104.156.245.134,73,0.277021999999306,regular http traffic
10.10.6.233,104.156.245.134,72,0.28180000000065775,regular http traffic
