src_ip,dest_ip,pkt_size,time_diff,original_class
10.10.6.233,45.33.99.126,73,0.12245100000018283,regular http traffic
10.10.6.233,45.33.99.126,73,0.13017500000023574,regular http traffic
10.10.6.233,45.33.99.126,73,0.11577799999940908,regular http traffic
10.10.6.233,45.33.99.126,73,0.11587800000052084,regular http traffic
10.10.6.233,45.33.99.126,73,0.11678799999936018,regular http traffic
10.10.6.233,45.33.99.126,73,0.18784300000061194,regular http traffic
10.10.6.233,45.33.99.126,73,1.4288479999995616,regular http traffic
10.10.6.233,45.33.99.126,73,0.3875690000004397,regular http traffic
10.10.6.233,45.33.99.126,72,0.10635199999978795,regular http traffic
