src_ip,dest_ip,pkt_size,time_diff,original_class
10.10.6.233,104.207.151.202,73,3.293775000000096,regular http traffic
10.10.6.233,104.207.151.202,72,0.12008999999943626,regular http traffic
