src_ip,dest_ip,pkt_size,time_diff,original_class
10.10.6.233,45.32.184.218,73,0.14603299999726005,regular http traffic
10.10.6.233,45.32.184.218,73,0.06684800000221003,regular http traffic
10.10.6.233,45.32.184.218,73,0.10045100000570528,regular http traffic
10.10.6.233,45.32.184.218,73,0.0489510000043083,regular http traffic
10.10.6.233,45.32.184.218,73,0.07296799999312498,regular http traffic
10.10.6.233,45.32.184.218,73,0.015977999995811842,regular http traffic
10.10.6.233,45.32.184.218,73,0.09824200000730343,regular http traffic
10.10.6.233,45.32.184.218,73,0.029542999996920116,regular http traffic
10.10.6.233,45.32.184.218,73,0.11520000000018626,regular http traffic
10.10.6.233,45.32.184.218,73,0.10025899999891408,regular http traffic
10.10.6.233,45.32.184.218,73,0.04438300000037998,regular http traffic
10.10.6.233,45.32.184.218,73,0.05532400000083726,regular http traffic
10.10.6.233,45.32.184.218,73,0.06564200000138953,regular http traffic
10.10.6.233,45.32.184.218,73,0.025248000005376525,regular http traffic
10.10.6.233,45.32.184.218,73,0.06403999999747612,regular http traffic
10.10.6.233,45.32.184.218,73,0.06690799999341834,regular http traffic
10.10.6.233,45.32.184.218,72,0.030675999994855374,regular http traffic
