src_ip,dest_ip,pkt_size,time_diff,original_class
10.10.6.233,139.162.184.174,73,0.06347400000049674,regular http traffic
10.10.6.233,139.162.184.174,73,0.056552000000010594,regular http traffic
10.10.6.233,139.162.184.174,73,0.1465520000001561,regular http traffic
10.10.6.233,139.162.184.174,73,0.11041799999929935,regular http traffic
10.10.6.233,139.162.184.174,73,0.06472100000064529,regular http traffic
10.10.6.233,139.162.184.174,73,0.07245699999930366,regular http traffic
10.10.6.233,139.162.184.174,73,0.047140000000581495,regular http traffic
10.10.6.233,139.162.184.174,73,0.05218299999978626,regular http traffic
10.10.6.233,139.162.184.174,73,0.055161999999654654,regular http traffic
10.10.6.233,139.162.184.174,73,0.038188000000445754,regular http traffic
10.10.6.233,139.162.184.174,73,0.1392310000001089,regular http traffic
10.10.6.233,139.162.184.174,73,0.2234039999993911,regular http traffic
10.10.6.233,139.162.184.174,73,0.07954200000040146,regular http traffic
10.10.6.233,139.162.184.174,73,0.04293599999982689,regular http traffic
10.10.6.233,139.162.184.174,72,0.011314000000311353,regular http traffic
