src_ip,dest_ip,pkt_size,time_diff,original_class
10.10.6.233,50.116.58.30,73,2.2438709999996718,regular http traffic
10.10.6.233,50.116.58.30,72,1.1698379999997996,regular http traffic
