src_ip,dest_ip,pkt_size,time_diff,original_class
10.10.6.233,104.207.141.178,73,1.285797000000457,regular http traffic
10.10.6.233,104.207.141.178,73,0.3797809999996389,regular http traffic
10.10.6.233,104.207.141.178,73,0.3056990000004589,regular http traffic
10.10.6.233,104.207.141.178,73,0.31702899999982037,regular http traffic
10.10.6.233,104.207.141.178,73,0.3310480000000098,regular http traffic
10.10.6.233,104.207.141.178,73,0.3316149999991467,regular http traffic
10.10.6.233,104.207.141.178,73,0.34459700000115845,regular http traffic
10.10.6.233,104.207.141.178,72,0.00018899999849963933,regular http traffic
