src_ip,dest_ip,pkt_size,time_diff,original_class
10.10.6.233,45.79.144.76,73,0.1087070000003223,regular http traffic
10.10.6.233,45.79.144.76,73,0.08669300000019575,regular http traffic
10.10.6.233,45.79.144.76,73,0.08754799999951501,regular http traffic
10.10.6.233,45.79.144.76,73,0.0919980000007854,regular http traffic
10.10.6.233,45.79.144.76,72,0.020155999999587948,regular http traffic
