src_ip,dest_ip,pkt_size,time_diff,original_class
10.10.6.233,104.207.146.58,73,0.12131500000032247,regular http traffic
10.10.6.233,104.207.146.58,73,0.16508100000010018,regular http traffic
10.10.6.233,104.207.146.58,73,0.13198000000011234,regular http traffic
10.10.6.233,104.207.146.58,72,0.06758999999965454,regular http traffic
