src_ip,dest_ip,pkt_size,time_diff,original_class
10.10.6.233,139.162.196.110,73,0.08394900000075722,regular http traffic
10.10.6.233,139.162.196.110,73,0.1094729999995252,regular http traffic
10.10.6.233,139.162.196.110,73,0.06610900000032416,regular http traffic
10.10.6.233,139.162.196.110,73,0.07889199999954144,regular http traffic
10.10.6.233,139.162.196.110,73,0.07030100000065431,regular http traffic
10.10.6.233,139.162.196.110,73,0.07745199999953911,regular http traffic
10.10.6.233,139.162.196.110,73,0.040407999999843014,regular http traffic
10.10.6.233,139.162.196.110,73,0.02272700000048644,regular http traffic
10.10.6.233,139.162.196.110,73,0.015448000000105822,regular http traffic
10.10.6.233,139.162.196.110,73,0.05528099999992264,regular http traffic
10.10.6.233,139.162.196.110,73,0.04205999999976484,regular http traffic
10.10.6.233,139.162.196.110,73,0.03331499999967491,regular http traffic
10.10.6.233,139.162.196.110,73,0.030982000000221888,regular http traffic
10.10.6.233,139.162.196.110,73,0.036728000000039174,regular http traffic
10.10.6.233,139.162.196.110,73,0.027299000000311935,regular http traffic
10.10.6.233,139.162.196.110,72,0.017980999999963387,regular http traffic
