src_ip,dest_ip,pkt_size,time_diff,original_class
10.10.6.233,139.162.52.34,73,3.2915279999997438,regular http traffic
10.10.6.233,139.162.52.34,72,0.11994200000026467,regular http traffic
