src_ip,dest_ip,pkt_size,time_diff,original_class
10.10.6.233,108.61.199.111,73,1.1872070000008534,regular http traffic
10.10.6.233,108.61.199.111,73,0.4553439999999682,regular http traffic
10.10.6.233,108.61.199.111,73,0.23835300000064308,regular http traffic
10.10.6.233,108.61.199.111,73,0.20776699999987613,regular http traffic
10.10.6.233,108.61.199.111,73,0.20468299999993178,regular http traffic
10.10.6.233,108.61.199.111,73,0.21068299999933515,regular http traffic
10.10.6.233,108.61.199.111,73,0.21090299999923445,regular http traffic
10.10.6.233,108.61.199.111,73,0.2514790000004723,regular http traffic
10.10.6.233,108.61.199.111,73,0.1999100000011822,regular http traffic
10.10.6.233,108.61.199.111,73,0.23206199999913224,regular http traffic
10.10.6.233,108.61.199.111,72,0.11337000000094122,regular http traffic
