src_ip,dest_ip,pkt_size,time_diff,original_class
10.10.6.233,45.32.94.17,73,0.19158482551574707,regular http traffic
10.10.6.233,45.32.94.17,73,0.23215103149414062,regular http traffic
10.10.6.233,45.32.94.17,73,0.1944260597229004,regular http traffic
10.10.6.233,45.32.94.17,72,0.04434394836425781,regular http traffic
