src_ip,dest_ip,pkt_size,time_diff,original_class
10.10.6.233,45.63.28.7,73,1.1662770000002638,regular http traffic
10.10.6.233,45.63.28.7,73,0.48588199999903736,regular http traffic
10.10.6.233,45.63.28.7,73,0.4074140000011539,regular http traffic
10.10.6.233,45.63.28.7,73,0.4401819999984582,regular http traffic
10.10.6.233,45.63.28.7,73,0.44710500000110187,regular http traffic
10.10.6.233,45.63.28.7,72,0.22913800000060291,regular http traffic
