src_ip,dest_ip,pkt_size,time_diff,original_class
10.10.6.233,45.79.136.138,73,3.010127000000466,regular http traffic
10.10.6.233,45.79.136.138,72,1.851676000000225,regular http traffic
