src_ip,dest_ip,pkt_size,time_diff,original_class
10.10.6.233,45.56.118.108,73,0.12639200000012352,regular http traffic
10.10.6.233,45.56.118.108,73,0.11385499999960302,regular http traffic
10.10.6.233,45.56.118.108,73,0.15175900000031106,regular http traffic
10.10.6.233,45.56.118.108,73,0.15998899999976857,regular http traffic
10.10.6.233,45.56.118.108,73,0.46493499999996857,regular http traffic
10.10.6.233,45.56.118.108,73,1.2566219999998793,regular http traffic
10.10.6.233,45.56.118.108,72,1.3399760000002061,regular http traffic
