src_ip,dest_ip,pkt_size,time_diff,original_class
10.10.6.233,45.63.111.42,73,0.13231600000017352,regular http traffic
10.10.6.233,45.63.111.42,73,0.13823899999988498,regular http traffic
10.10.6.233,45.63.111.42,73,0.13882600000033563,regular http traffic
10.10.6.233,45.63.111.42,73,0.13943099999960396,regular http traffic
10.10.6.233,45.63.111.42,72,0.04963600000064616,regular http traffic
