src_ip,dest_ip,pkt_size,time_diff,original_class
10.10.6.233,104.237.157.25,73,1.2858529999994062,regular http traffic
10.10.6.233,104.237.157.25,73,0.25258600000051956,regular http traffic
10.10.6.233,104.237.157.25,73,0.24579399999856832,regular http traffic
10.10.6.233,104.237.157.25,73,0.2954990000016551,regular http traffic
10.10.6.233,104.237.157.25,73,0.3189319999983127,regular http traffic
10.10.6.233,104.237.157.25,73,0.3520090000001801,regular http traffic
10.10.6.233,104.237.157.25,73,0.31587000000035914,regular http traffic
10.10.6.233,104.237.157.25,72,0.22932800000126008,regular http traffic
