src_ip,dest_ip,pkt_size,time_diff,original_class
10.10.6.233,66.228.50.194,73,2.166841999999633,regular http traffic
10.10.6.233,66.228.50.194,73,0.9137940000000526,regular http traffic
10.10.6.233,66.228.50.194,72,0.5072159999999712,regular http traffic
