src_ip,dest_ip,pkt_size,time_diff,original_class
10.10.6.233,45.56.70.102,73,0.14178099999935512,regular http traffic
10.10.6.233,45.56.70.102,73,0.18220800000017334,regular http traffic
10.10.6.233,45.56.70.102,73,0.22048300000005838,regular http traffic
10.10.6.233,45.56.70.102,73,1.7073929999996835,regular http traffic
10.10.6.233,45.56.70.102,72,0.11757699999998295,regular http traffic
