src_ip,dest_ip,pkt_size,time_diff,original_class
10.10.6.233,45.32.164.61,73,3.258526000000529,regular http traffic
10.10.6.233,45.32.164.61,72,0.09218799999962357,regular http traffic
