src_ip,dest_ip,pkt_size,time_diff,original_class
10.10.6.233,108.61.242.222,73,3.4074149999996735,regular http traffic
10.10.6.233,108.61.242.222,72,0.000818000000435859,regular http traffic
