src_ip,dest_ip,pkt_size,time_diff,original_class
10.10.6.233,139.162.58.180,73,3.258057000000008,regular http traffic
10.10.6.233,139.162.58.180,72,0.0005069999997431296,regular http traffic
