src_ip,dest_ip,pkt_size,time_diff,original_class
10.10.6.233,45.79.193.68,73,0.11604905128479004,regular http traffic
10.10.6.233,45.79.193.68,73,0.10416197776794434,regular http traffic
10.10.6.233,45.79.193.68,73,0.1461620330810547,regular http traffic
10.10.6.233,45.79.193.68,73,0.12636899948120117,regular http traffic
10.10.6.233,45.79.193.68,73,0.1264960765838623,regular http traffic
10.10.6.233,45.79.193.68,73,0.1280839443206787,regular http traffic
10.10.6.233,45.79.193.68,72,0.01338505744934082,regular http traffic
