src_ip,dest_ip,pkt_size,time_diff,original_class
10.10.6.233,45.79.138.43,73,0.11709800000244286,regular http traffic
10.10.6.233,45.79.138.43,73,0.132329000000027,regular http traffic
10.10.6.233,45.79.138.43,73,0.10921899999084417,regular http traffic
10.10.6.233,45.79.138.43,73,0.1613870000001043,regular http traffic
10.10.6.233,45.79.138.43,73,0.12160500000754837,regular http traffic
10.10.6.233,45.79.138.43,73,0.12396299999090843,regular http traffic
10.10.6.233,45.79.138.43,73,0.09287700000277255,regular http traffic
10.10.6.233,45.79.138.43,72,0.0907630000001518,regular http traffic
