src_ip,dest_ip,pkt_size,time_diff,original_class
10.10.6.233,45.79.99.69,547,75514.324677,regular http traffic
10.10.6.233,45.79.99.69,73,0.20632199999818113,regular http traffic
10.10.6.233,45.79.99.69,73,0.23073900000599679,regular http traffic
10.10.6.233,45.79.99.69,73,0.24940099999366794,regular http traffic
10.10.6.233,45.79.99.69,73,0.16871300000639167,regular http traffic
10.10.6.233,45.79.99.69,73,0.15322699998796452,regular http traffic
10.10.6.233,45.79.99.69,72,0.03022400000190828,regular http traffic
