src_ip,dest_ip,pkt_size,time_diff,original_class
10.10.6.233,139.162.12.17,73,4.456764999999905,regular http traffic
10.10.6.233,139.162.12.17,72,0.00025299999924754957,regular http traffic
