src_ip,dest_ip,pkt_size,time_diff,original_class
10.10.6.233,45.33.6.53,73,0.1878820000001724,regular http traffic
10.10.6.233,45.33.6.53,73,0.21857400000044436,regular http traffic
10.10.6.233,45.33.6.53,73,0.1710349999993923,regular http traffic
10.10.6.233,45.33.6.53,73,0.12566600000081962,regular http traffic
10.10.6.233,45.33.6.53,73,0.14289299999927607,regular http traffic
10.10.6.233,45.33.6.53,73,0.25571300000046904,regular http traffic
10.10.6.233,45.33.6.53,73,0.18631999999979598,regular http traffic
10.10.6.233,45.33.6.53,72,0.05478300000049785,regular http traffic
