src_ip,dest_ip,pkt_size,time_diff,original_class
10.10.6.233,104.238.152.130,73,0.21417699999983597,regular http traffic
10.10.6.233,104.238.152.130,73,0.17324699999971926,regular http traffic
10.10.6.233,104.238.152.130,73,0.18353800000022602,regular http traffic
10.10.6.233,104.238.152.130,73,0.15704999999979918,regular http traffic
10.10.6.233,104.238.152.130,72,0.017436000000088825,regular http traffic
