src_ip,dest_ip,pkt_size,time_diff,original_class
10.10.6.233,139.162.194.53,73,0.8713039999993271,regular http traffic
10.10.6.233,139.162.194.53,72,1.3393330000008064,regular http traffic
