src_ip,dest_ip,pkt_size,time_diff,original_class
10.10.6.233,45.32.166.108,73,0.15843605995178223,regular http traffic
10.10.6.233,45.32.166.108,73,0.13267302513122559,regular http traffic
10.10.6.233,45.32.166.108,73,0.16461706161499023,regular http traffic
10.10.6.233,45.32.166.108,73,0.21240997314453125,regular http traffic
10.10.6.233,45.32.166.108,72,0.07062005996704102,regular http traffic
