src_ip,dest_ip,pkt_size,time_diff,original_class
10.10.6.233,139.162.161.202,73,3.238965999999891,regular http traffic
10.10.6.233,139.162.161.202,73,0.17560800000046584,regular http traffic
10.10.6.233,139.162.161.202,73,0.047023999999510124,regular http traffic
10.10.6.233,139.162.161.202,73,0.016924999999901047,regular http traffic
10.10.6.233,139.162.161.202,73,0.036466000000473286,regular http traffic
10.10.6.233,139.162.161.202,73,0.030754999999771826,regular http traffic
10.10.6.233,139.162.161.202,73,0.015209000000140804,regular http traffic
10.10.6.233,139.162.161.202,73,0.027381999999306572,regular http traffic
10.10.6.233,139.162.161.202,73,0.015151000000514614,regular http traffic
10.10.6.233,139.162.161.202,73,0.02608299999974406,regular http traffic
10.10.6.233,139.162.161.202,73,0.015636000000085915,regular http traffic
10.10.6.233,139.162.161.202,73,0.022466999999778636,regular http traffic
10.10.6.233,139.162.161.202,73,0.015166000000135682,regular http traffic
10.10.6.233,139.162.161.202,73,0.026343999999880907,regular http traffic
10.10.6.233,139.162.161.202,73,0.018713000000389002,regular http traffic
10.10.6.233,139.162.161.202,73,0.017127999999502208,regular http traffic
10.10.6.233,139.162.161.202,73,0.07476900000074238,regular http traffic
10.10.6.233,139.162.161.202,72,0.3274359999995795,regular http traffic
