src_ip,dest_ip,pkt_size,time_diff,original_class
10.10.6.233,45.63.58.99,73,0.1859309999999823,regular http traffic
10.10.6.233,45.63.58.99,73,0.19002499999987776,regular http traffic
10.10.6.233,45.63.58.99,73,0.22337299999981042,regular http traffic
10.10.6.233,45.63.58.99,73,1.5491149999998015,regular http traffic
10.10.6.233,45.63.58.99,73,0.3902239999997619,regular http traffic
10.10.6.233,45.63.58.99,72,0.10621400000036374,regular http traffic
