src_ip,dest_ip,pkt_size,time_diff,original_class
10.10.6.233,107.191.50.159,73,4.5842750000001615,regular http traffic
10.10.6.233,107.191.50.159,72,0.00035600000046542846,regular http traffic
