src_ip,dest_ip,pkt_size,time_diff,original_class
10.10.6.233,45.32.145.145,73,0.06090211868286133,regular http traffic
10.10.6.233,45.32.145.145,73,0.03209400177001953,regular http traffic
10.10.6.233,45.32.145.145,73,0.03387188911437988,regular http traffic
10.10.6.233,45.32.145.145,73,0.03381705284118652,regular http traffic
10.10.6.233,45.32.145.145,73,0.03138303756713867,regular http traffic
10.10.6.233,45.32.145.145,73,0.037735939025878906,regular http traffic
10.10.6.233,45.32.145.145,73,0.05002999305725098,regular http traffic
10.10.6.233,45.32.145.145,73,0.042281150817871094,regular http traffic
10.10.6.233,45.32.145.145,73,0.05498695373535156,regular http traffic
10.10.6.233,45.32.145.145,73,0.08509087562561035,regular http traffic
10.10.6.233,45.32.145.145,73,0.04124307632446289,regular http traffic
10.10.6.233,45.32.145.145,73,0.0304410457611084,regular http traffic
10.10.6.233,45.32.145.145,73,0.06197404861450195,regular http traffic
10.10.6.233,45.32.145.145,73,0.1040959358215332,regular http traffic
10.10.6.233,45.32.145.145,73,0.029319047927856445,regular http traffic
10.10.6.233,45.32.145.145,73,0.03180098533630371,regular http traffic
10.10.6.233,45.32.145.145,72,0.010212898254394531,regular http traffic
