src_ip,dest_ip,pkt_size,time_diff,original_class
10.10.6.233,45.79.3.143,73,0.19616899999982707,regular http traffic
10.10.6.233,45.79.3.143,73,0.13484300000072835,regular http traffic
10.10.6.233,45.79.3.143,73,0.15180299999974523,regular http traffic
10.10.6.233,45.79.3.143,73,0.1258689999995113,regular http traffic
10.10.6.233,45.79.3.143,73,0.13452700000016193,regular http traffic
10.10.6.233,45.79.3.143,72,0.035160999999789055,regular http traffic
