src_ip,dest_ip,pkt_size,time_diff,original_class
10.10.6.233,66.228.44.32,73,0.12178599999970174,regular http traffic
10.10.6.233,66.228.44.32,73,0.12835500000073807,regular http traffic
10.10.6.233,66.228.44.32,73,0.08407599999918602,regular http traffic
10.10.6.233,66.228.44.32,73,0.1086700000005294,regular http traffic
10.10.6.233,66.228.44.32,73,0.11338999999952648,regular http traffic
10.10.6.233,66.228.44.32,73,0.16338700000051176,regular http traffic
10.10.6.233,66.228.44.32,73,1.4925059999995938,regular http traffic
10.10.6.233,66.228.44.32,73,0.38959500000055414,regular http traffic
10.10.6.233,66.228.44.32,72,0.11005399999976362,regular http traffic
