src_ip,dest_ip,pkt_size,time_diff,original_class
10.10.6.233,45.32.85.109,73,0.23157000000355765,regular http traffic
10.10.6.233,45.32.85.109,73,0.19959799999196548,regular http traffic
10.10.6.233,45.32.85.109,73,0.1655600000085542,regular http traffic
10.10.6.233,45.32.85.109,72,0.0864819999987958,regular http traffic
