src_ip,dest_ip,pkt_size,time_diff,original_class
10.10.6.233,45.79.223.86,73,1.187246999999843,regular http traffic
10.10.6.233,45.79.223.86,73,0.455337999999756,regular http traffic
10.10.6.233,45.79.223.86,73,0.24040799999966111,regular http traffic
10.10.6.233,45.79.223.86,73,0.2064410000002681,regular http traffic
10.10.6.233,45.79.223.86,73,0.3056570000007923,regular http traffic
10.10.6.233,45.79.223.86,73,0.21942499999931897,regular http traffic
10.10.6.233,45.79.223.86,73,0.35165500000039174,regular http traffic
10.10.6.233,45.79.223.86,73,0.20087400000011257,regular http traffic
10.10.6.233,45.79.223.86,73,0.23160599999937403,regular http traffic
10.10.6.233,45.79.223.86,72,0.11310299999968265,regular http traffic
