src_ip,dest_ip,pkt_size,time_diff,original_class
10.10.6.233,45.79.202.75,73,0.10883600000033766,regular http traffic
10.10.6.233,45.79.202.75,73,0.10876399999960995,regular http traffic
10.10.6.233,45.79.202.75,73,0.10361100000045553,regular http traffic
10.10.6.233,45.79.202.75,73,0.10905800000000454,regular http traffic
10.10.6.233,45.79.202.75,73,0.12784800000008545,regular http traffic
10.10.6.233,45.79.202.75,72,0.09098099999937403,regular http traffic
