src_ip,dest_ip,pkt_size,time_diff,original_class
10.10.6.233,45.33.117.187,73,0.12670600000001286,regular http traffic
10.10.6.233,45.33.117.187,73,0.11623599999984435,regular http traffic
10.10.6.233,45.33.117.187,73,0.15130000000044674,regular http traffic
10.10.6.233,45.33.117.187,73,0.13185299999986455,regular http traffic
10.10.6.233,45.33.117.187,72,0.0678170000001046,regular http traffic
