src_ip,dest_ip,pkt_size,time_diff,original_class
10.10.6.233,45.79.202.75,73,3.2380919999995967,regular http traffic
10.10.6.233,45.79.202.75,73,0.222037000000455,regular http traffic
10.10.6.233,45.79.202.75,73,0.0952419999994163,regular http traffic
10.10.6.233,45.79.202.75,73,0.09326099999998405,regular http traffic
10.10.6.233,45.79.202.75,73,0.09403300000030868,regular http traffic
10.10.6.233,45.79.202.75,72,0.4034700000001976,regular http traffic
