src_ip,dest_ip,pkt_size,time_diff,original_class
10.10.6.233,69.164.196.204,73,3.4073889999999665,regular http traffic
10.10.6.233,69.164.196.204,72,0.0008189999998649,regular http traffic
