src_ip,dest_ip,pkt_size,time_diff,original_class
10.10.6.233,45.32.229.227,73,3.2578829999993104,regular http traffic
10.10.6.233,45.32.229.227,72,0.0006250000005820766,regular http traffic
