src_ip,dest_ip,pkt_size,time_diff,original_class
10.10.6.233,45.76.67.59,73,0.18894900000032067,regular http traffic
10.10.6.233,45.76.67.59,73,0.17366499999934604,regular http traffic
10.10.6.233,45.76.67.59,73,0.17908800000077463,regular http traffic
10.10.6.233,45.76.67.59,72,0.11242799999945419,regular http traffic
