src_ip,dest_ip,pkt_size,time_diff,original_class
10.10.6.233,45.63.30.16,73,3.2578130000001693,regular http traffic
10.10.6.233,45.63.30.16,72,0.0006260000000111177,regular http traffic
