src_ip,dest_ip,pkt_size,time_diff,original_class
10.10.6.233,45.63.31.124,73,3.2577460000002247,regular http traffic
10.10.6.233,45.63.31.124,72,0.00061699999969278,regular http traffic
