src_ip,dest_ip,pkt_size,time_diff,original_class
10.10.6.233,107.191.49.207,73,3.258176999999705,regular http traffic
10.10.6.233,107.191.49.207,72,0.09205000000019936,regular http traffic
