src_ip,dest_ip,pkt_size,time_diff,original_class
10.10.6.233,104.156.233.25,73,1.166494999999486,regular http traffic
10.10.6.233,104.156.233.25,73,0.4858540000004723,regular http traffic
10.10.6.233,104.156.233.25,73,0.4074449999989156,regular http traffic
10.10.6.233,104.156.233.25,73,0.4403130000009696,regular http traffic
10.10.6.233,104.156.233.25,73,0.4469709999993938,regular http traffic
10.10.6.233,104.156.233.25,72,0.229139999999461,regular http traffic
