src_ip,dest_ip,pkt_size,time_diff,original_class
10.10.6.233,139.162.168.45,73,2.6270770000000994,regular http traffic
10.10.6.233,139.162.168.45,73,0.8402409999998781,regular http traffic
10.10.6.233,139.162.168.45,72,0.0020400000003064633,regular http traffic
