src_ip,dest_ip,pkt_size,time_diff,original_class
10.10.6.233,45.63.104.123,73,3.407824000000801,regular http traffic
10.10.6.233,45.63.104.123,72,0.00063999999929365,regular http traffic
