src_ip,dest_ip,pkt_size,time_diff,original_class
10.10.6.233,173.230.156.102,551,1.4305919999997059,regular http traffic
10.10.6.233,173.230.156.102,73,0.1428139999998166,regular http traffic
10.10.6.233,173.230.156.102,73,0.1693860000004861,regular http traffic
10.10.6.233,173.230.156.102,73,0.14048800000000483,regular http traffic
10.10.6.233,173.230.156.102,73,0.14512099999956263,regular http traffic
10.10.6.233,173.230.156.102,72,0.011081999999987602,regular http traffic
