src_ip,dest_ip,pkt_size,time_diff,original_class
10.10.6.233,139.162.189.162,73,2.1956279999994877,regular http traffic
10.10.6.233,139.162.189.162,73,1.1064350000006016,regular http traffic
10.10.6.233,139.162.189.162,72,0.04882499999985157,regular http traffic
