src_ip,dest_ip,pkt_size,time_diff,original_class
10.8.0.6,104.16.222.52,559,2.979221999999936,regular http traffic
10.8.0.6,104.16.222.52,559,0.005451999999422696,regular http traffic
10.8.0.6,104.16.222.52,559,0.005560000000514265,regular http traffic
10.8.0.6,104.16.222.52,559,0.01097699999991164,regular http traffic
10.8.0.6,104.16.222.52,559,4.9000000217347406e-05,regular http traffic
10.8.0.6,104.16.222.52,559,2.9205659999997806,regular http traffic
10.8.0.6,104.16.222.52,559,0.08937299999979587,regular http traffic
10.8.0.6,104.16.222.52,559,2.0740200000000186,regular http traffic
10.8.0.6,104.16.222.52,559,0.11827600000015082,regular http traffic
10.8.0.6,104.16.222.52,559,0.3119859999997061,regular http traffic
10.8.0.6,104.16.222.52,559,0.04805300000043644,regular http traffic
10.8.0.6,104.16.222.52,559,0.3322090000001481,regular http traffic
10.8.0.6,104.16.222.52,559,0.7832079999998314,regular http traffic
10.8.0.6,104.16.222.52,709,4.707032000000254,regular http traffic
10.8.0.6,104.16.222.52,709,0.059628999999404186,regular http traffic
10.8.0.6,104.16.222.52,494,0.11959300000035,regular http traffic
10.8.0.6,104.16.222.52,497,0.019693999999617517,regular http traffic
10.8.0.6,104.16.222.52,494,0.0016720000003260793,regular http traffic
10.8.0.6,104.16.222.52,497,0.013731000000007043,regular http traffic
10.8.0.6,104.16.222.52,494,0.043106999999508844,regular http traffic
10.8.0.6,104.16.222.52,497,0.2916380000006029,regular http traffic
10.8.0.6,104.16.222.52,494,0.037080999999488995,regular http traffic
10.8.0.6,104.16.222.52,494,0.02405300000009447,regular http traffic
10.8.0.6,104.16.222.52,627,0.2683600000000297,regular http traffic
10.8.0.6,104.16.222.52,627,0.02787200000057055,regular http traffic
10.8.0.6,104.16.222.52,627,0.0001519999996162369,regular http traffic
10.8.0.6,104.16.222.52,627,4.799999987881165e-05,regular http traffic
10.8.0.6,104.16.222.52,627,0.012568000000101165,regular http traffic
10.8.0.6,104.16.222.52,635,0.8916500000004817,regular http traffic
