src_ip,dest_ip,pkt_size,time_diff,original_class
10.8.0.6,54.230.14.19,491,0.0005170000000020991,regular http traffic
10.8.0.6,54.230.14.19,491,0.00011899999998377098,regular http traffic
10.8.0.6,54.230.14.19,492,0.08114499999999225,regular http traffic
10.8.0.6,54.230.14.19,492,0.1251280000000179,regular http traffic
10.8.0.6,54.230.14.19,492,0.00046299999996790575,regular http traffic
10.8.0.6,54.230.14.19,492,0.0014140000000111286,regular http traffic
