src_ip,dest_ip,pkt_size,time_diff,original_class
10.8.0.6,54.230.14.31,488,0.005629999999996471,regular http traffic
10.8.0.6,54.230.14.31,492,1.2144660000000158,regular http traffic
10.8.0.6,54.230.14.31,492,0.00010299999996732367,regular http traffic
10.8.0.6,54.230.14.31,492,4.7000000051866664e-05,regular http traffic
10.8.0.6,54.230.14.31,492,0.00011399999999639476,regular http traffic
10.8.0.6,54.230.14.31,492,3.1999999976051186e-05,regular http traffic
10.8.0.6,54.230.14.31,492,6.999999999379725e-05,regular http traffic
10.8.0.6,54.230.14.31,492,0.036942000000010466,regular http traffic
10.8.0.6,54.230.14.31,491,0.06479400000000624,regular http traffic
