src_ip,dest_ip,pkt_size,time_diff,original_class
10.8.0.6,104.20.19.254,718,1.5170979999998053,regular http traffic
10.8.0.6,104.20.19.254,718,0.0041530000003149325,regular http traffic
