src_ip,dest_ip,pkt_size,time_diff,original_class
10.8.0.6,47.99.14.52,468,0.0005030000029364601,regular http traffic
10.8.0.6,47.99.14.52,468,3.399999695830047e-05,regular http traffic
10.8.0.6,47.99.14.52,468,0.009391999992658384,regular http traffic
10.8.0.6,47.99.14.52,468,0.008077000005869195,regular http traffic
10.8.0.6,47.99.14.52,472,0.00046699999074917287,regular http traffic
