src_ip,dest_ip,pkt_size,time_diff,original_class
10.8.0.6,23.38.32.15,225,3.900000000101045e-05,regular http traffic
10.8.0.6,23.38.32.15,225,0.001326999999999856,regular http traffic
10.8.0.6,23.38.32.15,225,0.00035000000000096065,regular http traffic
10.8.0.6,23.38.32.15,225,0.01173599999999908,regular http traffic
10.8.0.6,23.38.32.15,225,0.02193099999999859,regular http traffic
10.8.0.6,23.38.32.15,225,0.004469000000000278,regular http traffic
10.8.0.6,23.38.32.15,225,0.003772000000001441,regular http traffic
10.8.0.6,23.38.32.15,225,1650.829341,regular http traffic
10.8.0.6,23.38.32.15,225,0.0015269999998963613,regular http traffic
10.8.0.6,23.38.32.15,225,0.004341000000067652,regular http traffic
10.8.0.6,23.38.32.15,225,0.0017339999999421707,regular http traffic
10.8.0.6,23.38.32.15,225,0.018896999999924446,regular http traffic
10.8.0.6,23.38.32.15,225,0.002934999999979482,regular http traffic
10.8.0.6,23.38.32.15,225,0.007535000000189029,regular http traffic
10.8.0.6,23.38.32.15,225,0.012558999999782827,regular http traffic
10.8.0.6,23.38.32.15,225,17.44235700000013,regular http traffic
10.8.0.6,23.38.32.15,225,0.04707400000006601,regular http traffic
10.8.0.6,23.38.32.15,225,0.05110999999988053,regular http traffic
10.8.0.6,23.38.32.15,225,0.030428000000028987,regular http traffic
10.8.0.6,23.38.32.15,225,1822.189907,regular http traffic
10.8.0.6,23.38.32.15,225,0.03523700000005192,regular http traffic
10.8.0.6,23.38.32.15,225,0.04798900000014328,regular http traffic
10.8.0.6,23.38.32.15,225,0.03807999999980893,regular http traffic
10.8.0.6,23.38.32.15,225,0.0522449999998571,regular http traffic
10.8.0.6,23.38.32.15,225,0.07967400000006819,regular http traffic
10.8.0.6,23.38.32.15,225,0.05743299999994633,regular http traffic
10.8.0.6,23.38.32.15,225,0.049354000000221276,regular http traffic
