src_ip,dest_ip,pkt_size,time_diff,original_class
10.8.0.6,178.154.131.216,435,0.0037700000102631748,regular http traffic
10.8.0.6,178.154.131.216,432,0.009321999998064712,regular http traffic
10.8.0.6,178.154.131.216,432,0.0026680000009946525,regular http traffic
10.8.0.6,178.154.131.216,432,0.0047950000007404014,regular http traffic
10.8.0.6,178.154.131.216,436,0.00138899999728892,regular http traffic
10.8.0.6,178.154.131.216,418,0.18065799999749288,regular http traffic
10.8.0.6,178.154.131.216,347,5.558275999996113,regular http traffic
