src_ip,dest_ip,pkt_size,time_diff,original_class
10.8.0.6,172.217.168.226,775,1642.944613,regular http traffic
10.8.0.6,172.217.168.226,792,1744.0394500000002,regular http traffic
10.8.0.6,172.217.168.226,555,5691.148894,regular http traffic
10.8.0.6,172.217.168.226,577,0.6683470000007219,regular http traffic
10.8.0.6,172.217.168.226,580,6.863544999998339,regular http traffic
10.8.0.6,172.217.168.226,1304,2.0041260000016337,regular http traffic
10.8.0.6,172.217.168.226,549,0.05778499999905762,regular http traffic
