src_ip,dest_ip,pkt_size,time_diff,original_class
10.8.0.6,104.24.11.72,382,0.006229000005987473,regular http traffic
10.8.0.6,104.24.11.72,382,0.16594000000623055,regular http traffic
10.8.0.6,104.24.11.72,382,0.0038289999938569963,regular http traffic
10.8.0.6,104.24.11.72,382,0.034490999998524785,regular http traffic
10.8.0.6,104.24.11.72,481,0.713222999998834,regular http traffic
10.8.0.6,104.24.11.72,230,2.5166380000009667,regular http traffic
