src_ip,dest_ip,pkt_size,time_diff,original_class
10.8.0.6,95.101.39.10,620,0.00021700000070268288,regular http traffic
10.8.0.6,95.101.39.10,896,0.004449000000022352,regular http traffic
10.8.0.6,95.101.39.10,660,0.055064999998649,regular http traffic
10.8.0.6,95.101.39.10,609,0.0005190000010770746,regular http traffic
