src_ip,dest_ip,pkt_size,time_diff,original_class
10.8.0.6,157.185.128.201,950,0.33243699999999876,regular http traffic
10.8.0.6,157.185.128.201,950,1650.246659,regular http traffic
10.8.0.6,157.185.128.201,950,0.4029190000001108,regular http traffic
10.8.0.6,157.185.128.201,950,3999.2169139999996,regular http traffic
10.8.0.6,157.185.128.201,950,0.3231630000000223,regular http traffic
10.8.0.6,157.185.128.201,982,3888.9640440000003,regular http traffic
10.8.0.6,157.185.128.201,982,1.1927450000002864,regular http traffic
