src_ip,dest_ip,pkt_size,time_diff,original_class
10.8.0.6,104.25.71.103,613,0.46618499999931373,regular http traffic
10.8.0.6,104.25.71.103,600,0.00682900000083464,regular http traffic
10.8.0.6,104.25.71.103,600,0.0004979999994247919,regular http traffic
10.8.0.6,104.25.71.103,607,0.0005080000000816653,regular http traffic
10.8.0.6,104.25.71.103,599,0.00899200000003475,regular http traffic
10.8.0.6,104.25.71.103,594,5.500000042957254e-05,regular http traffic
10.8.0.6,104.25.71.103,588,0.019570999999814376,regular http traffic
10.8.0.6,104.25.71.103,624,0.02711399999952846,regular http traffic
10.8.0.6,104.25.71.103,624,0.01908000000003085,regular http traffic
10.8.0.6,104.25.71.103,633,0.01843800000006013,regular http traffic
10.8.0.6,104.25.71.103,630,0.01782999999977619,regular http traffic
10.8.0.6,104.25.71.103,629,0.014776000000892964,regular http traffic
10.8.0.6,104.25.71.103,645,0.7413139999998748,regular http traffic
10.8.0.6,104.25.71.103,656,0.07222300000012183,regular http traffic
10.8.0.6,104.25.71.103,670,0.28201799999988,regular http traffic
10.8.0.6,104.25.71.103,430,1.1158009999999194,regular http traffic
10.8.0.6,104.25.71.103,618,0.28916099999969447,regular http traffic
10.8.0.6,104.25.71.103,639,0.0027540000000954024,regular http traffic
