src_ip,dest_ip,pkt_size,time_diff,original_class
10.8.0.6,23.222.56.51,499,0.11732599999959348,regular http traffic
10.8.0.6,23.222.56.51,486,1.008996999998999,regular http traffic
10.8.0.6,23.222.56.51,486,6.900000153109431e-05,regular http traffic
10.8.0.6,23.222.56.51,442,0.896467999999004,regular http traffic
10.8.0.6,23.222.56.51,486,5.067672000001039,regular http traffic
10.8.0.6,23.222.56.51,497,0.008149999999659485,regular http traffic
