src_ip,dest_ip,pkt_size,time_diff,original_class
10.8.0.6,88.221.164.240,543,0.0007809999951859936,regular http traffic
10.8.0.6,88.221.164.240,549,0.00010099999781232327,regular http traffic
10.8.0.6,88.221.164.240,548,0.02280099999916274,regular http traffic
10.8.0.6,88.221.164.240,554,0.8034429999970598,regular http traffic
10.8.0.6,88.221.164.240,552,0.00020300000323913991,regular http traffic
10.8.0.6,88.221.164.240,567,0.0009520000021439046,regular http traffic
10.8.0.6,88.221.164.240,553,0.2720030000054976,regular http traffic
10.8.0.6,88.221.164.240,561,0.01714199999696575,regular http traffic
10.8.0.6,88.221.164.240,561,0.003072999999858439,regular http traffic
10.8.0.6,88.221.164.240,565,0.003939000001992099,regular http traffic
10.8.0.6,88.221.164.240,564,0.012263999989954755,regular http traffic
10.8.0.6,88.221.164.240,536,0.001970000012079254,regular http traffic
10.8.0.6,88.221.164.240,542,0.004370999988168478,regular http traffic
10.8.0.6,88.221.164.240,544,0.011614000002737157,regular http traffic
10.8.0.6,88.221.164.240,551,0.00405000000318978,regular http traffic
10.8.0.6,88.221.164.240,556,0.04142900000442751,regular http traffic
