src_ip,dest_ip,pkt_size,time_diff,original_class
10.8.0.6,92.122.154.112,599,7.79999973019585e-05,regular http traffic
10.8.0.6,92.122.154.112,599,0.07490399999369401,regular http traffic
10.8.0.6,92.122.154.112,599,0.00011300000187475234,regular http traffic
10.8.0.6,92.122.154.112,599,0.4441240000014659,regular http traffic
10.8.0.6,92.122.154.112,628,0.14184799999929965,regular http traffic
10.8.0.6,92.122.154.112,628,0.005497000005561858,regular http traffic
10.8.0.6,92.122.154.112,559,0.1867809999966994,regular http traffic
10.8.0.6,92.122.154.112,671,7.055781000002753,regular http traffic
10.8.0.6,92.122.154.112,671,0.10530099998868536,regular http traffic
10.8.0.6,92.122.154.112,671,0.11411200001020916,regular http traffic
10.8.0.6,92.122.154.112,671,0.0011910000030184165,regular http traffic
10.8.0.6,92.122.154.112,671,0.08442499999364372,regular http traffic
10.8.0.6,92.122.154.112,734,0.6044720000063535,regular http traffic
10.8.0.6,92.122.154.112,734,0.0181519999896409,regular http traffic
10.8.0.6,92.122.154.112,734,0.011400000003050081,regular http traffic
10.8.0.6,92.122.154.112,734,0.00824799999827519,regular http traffic
10.8.0.6,92.122.154.112,734,0.12006699999619741,regular http traffic
10.8.0.6,92.122.154.112,734,0.1354680000076769,regular http traffic
10.8.0.6,92.122.154.112,734,0.14975300000514835,regular http traffic
10.8.0.6,92.122.154.112,734,0.048071999990497716,regular http traffic
10.8.0.6,92.122.154.112,734,0.27430800000729505,regular http traffic
10.8.0.6,92.122.154.112,734,0.02527600000030361,regular http traffic
10.8.0.6,92.122.154.112,734,0.10117999999783933,regular http traffic
10.8.0.6,92.122.154.112,734,0.1720809999969788,regular http traffic
10.8.0.6,92.122.154.112,734,0.3337350000074366,regular http traffic
10.8.0.6,92.122.154.112,539,1.7521949999936623,regular http traffic
