src_ip,dest_ip,pkt_size,time_diff,original_class
10.8.0.6,104.16.93.22,461,0.33078199999908975,regular http traffic
10.8.0.6,104.16.93.22,509,0.00802300000032119,regular http traffic
10.8.0.6,104.16.93.22,504,0.003208000000086031,regular http traffic
10.8.0.6,104.16.93.22,483,0.0281940000004397,regular http traffic
10.8.0.6,104.16.93.22,507,0.46618800000032934,regular http traffic
10.8.0.6,104.16.93.22,467,0.0005000000001018634,regular http traffic
10.8.0.6,104.16.93.22,1294,7.00698999999986,regular http traffic
10.8.0.6,104.16.93.22,1296,0.001999000000068918,regular http traffic
