src_ip,dest_ip,pkt_size,time_diff,original_class
10.8.0.6,52.51.19.158,461,0.5751430000000255,regular http traffic
10.8.0.6,52.51.19.158,497,0.10503299999982119,regular http traffic
10.8.0.6,52.51.19.158,478,0.2995740000001206,regular http traffic
