src_ip,dest_ip,pkt_size,time_diff,original_class
10.8.0.6,23.62.98.106,519,1.9059820000002219,regular http traffic
10.8.0.6,23.62.98.106,516,4856.835551,regular http traffic
10.8.0.6,23.62.98.106,743,0.3008800000006886,regular http traffic
