src_ip,dest_ip,pkt_size,time_diff,original_class
10.8.0.6,198.134.112.244,779,0.08891800000014882,regular http traffic
10.8.0.6,198.134.112.244,879,5519.937733,regular http traffic
10.8.0.6,198.134.112.244,146,0.026190000000497093,regular http traffic
