src_ip,dest_ip,pkt_size,time_diff,original_class
10.8.0.6,23.44.109.71,736,2.8195789999881526,regular http traffic
10.8.0.6,23.44.109.71,761,0.04916100000264123,regular http traffic
10.8.0.6,23.44.109.71,742,0.013470999998389743,regular http traffic
10.8.0.6,23.44.109.71,744,0.002108000000589527,regular http traffic
10.8.0.6,23.44.109.71,766,0.03586400000494905,regular http traffic
10.8.0.6,23.44.109.71,867,3.439939999996568,regular http traffic
10.8.0.6,23.44.109.71,1336,0.008130999995046295,regular http traffic
10.8.0.6,23.44.109.71,857,4.2235360000049695,regular http traffic
