src_ip,dest_ip,pkt_size,time_diff,original_class
10.8.0.6,23.56.186.51,885,0.010784000000057858,regular http traffic
10.8.0.6,23.56.186.51,872,0.00024000000030355295,regular http traffic
10.8.0.6,23.56.186.51,841,6.399999983841553e-05,regular http traffic
10.8.0.6,23.56.186.51,846,3.500000002532033e-05,regular http traffic
10.8.0.6,23.56.186.51,819,0.3067829999999958,regular http traffic
10.8.0.6,23.56.186.51,872,0.5354029999998602,regular http traffic
10.8.0.6,23.56.186.51,866,0.012276000000383647,regular http traffic
10.8.0.6,23.56.186.51,871,0.2707059999993362,regular http traffic
