src_ip,dest_ip,pkt_size,time_diff,original_class
10.8.0.6,124.239.226.1,460,0.2995860000000903,regular http traffic
10.8.0.6,124.239.226.1,461,1.3295829999997295,regular http traffic
10.8.0.6,124.239.226.1,460,0.2889010000003509,regular http traffic
