src_ip,dest_ip,pkt_size,time_diff,original_class
10.8.0.6,13.115.198.113,553,5.899999996472616e-05,regular http traffic
10.8.0.6,13.115.198.113,552,0.017914999999902648,regular http traffic
