src_ip,dest_ip,pkt_size,time_diff,original_class
10.8.0.6,104.17.98.21,595,18.099899000000278,regular http traffic
10.8.0.6,104.17.98.21,590,1.0666759999999158,regular http traffic
10.8.0.6,104.17.98.21,570,2.5776019999998425,regular http traffic
10.8.0.6,104.17.98.21,558,0.010720000000219443,regular http traffic
10.8.0.6,104.17.98.21,561,0.0033229999999093707,regular http traffic
10.8.0.6,104.17.98.21,550,0.020775999999841588,regular http traffic
10.8.0.6,104.17.98.21,550,0.0022069999999985157,regular http traffic
10.8.0.6,104.17.98.21,554,0.008237000000008265,regular http traffic
10.8.0.6,104.17.98.21,551,0.014591999999993277,regular http traffic
10.8.0.6,104.17.98.21,556,7.000000005064066e-05,regular http traffic
10.8.0.6,104.17.98.21,538,0.0025260000002162997,regular http traffic
10.8.0.6,104.17.98.21,549,0.05933099999992919,regular http traffic
10.8.0.6,104.17.98.21,557,0.0003209999999853608,regular http traffic
10.8.0.6,104.17.98.21,557,3.700000024764449e-05,regular http traffic
10.8.0.6,104.17.98.21,546,0.00143599999955768,regular http traffic
10.8.0.6,104.17.98.21,562,0.016072000000349362,regular http traffic
10.8.0.6,104.17.98.21,541,0.6724799999997231,regular http traffic
10.8.0.6,104.17.98.21,534,0.005697000000054686,regular http traffic
10.8.0.6,104.17.98.21,543,0.0011850000000777072,regular http traffic
10.8.0.6,104.17.98.21,546,3.699999979289714e-05,regular http traffic
10.8.0.6,104.17.98.21,226,2.3698830000003,regular http traffic
