src_ip,dest_ip,pkt_size,time_diff,original_class
10.8.0.6,52.213.106.142,671,0.3208299999969313,regular http traffic
10.8.0.6,52.213.106.142,333,4.543730999997933,regular http traffic
