src_ip,dest_ip,pkt_size,time_diff,original_class
10.8.0.6,64.210.135.68,824,0.002881999999999607,regular http traffic
10.8.0.6,64.210.135.68,816,0.009189000000105807,regular http traffic
10.8.0.6,64.210.135.68,827,0.017681000000038694,regular http traffic
10.8.0.6,64.210.135.68,818,0.05913199999986318,regular http traffic
10.8.0.6,64.210.135.68,817,0.00021300000003066089,regular http traffic
10.8.0.6,64.210.135.68,823,0.05404100000009748,regular http traffic
10.8.0.6,64.210.135.68,833,0.22308499999985543,regular http traffic
