src_ip,dest_ip,pkt_size,time_diff,original_class
10.8.0.6,172.64.101.33,395,3.981341999999131,regular http traffic
10.8.0.6,172.64.101.33,393,0.023397000011755154,regular http traffic
