src_ip,dest_ip,pkt_size,time_diff,original_class
10.8.0.6,95.130.170.181,508,0.5854859999999462,regular http traffic
10.8.0.6,95.130.170.181,516,0.060336000000461354,regular http traffic
10.8.0.6,95.130.170.181,486,0.08027099999890197,regular http traffic
10.8.0.6,95.130.170.181,492,0.10523400000056427,regular http traffic
10.8.0.6,95.130.170.181,487,0.07127799999943818,regular http traffic
10.8.0.6,95.130.170.181,562,1.7998180000013235,regular http traffic
