src_ip,dest_ip,pkt_size,time_diff,original_class
10.8.0.6,115.231.186.130,1029,7.60000002628658e-05,regular http traffic
10.8.0.6,115.231.186.130,1029,0.00021500000002561137,regular http traffic
10.8.0.6,115.231.186.130,1029,0.0005169999985810136,regular http traffic
10.8.0.6,115.231.186.130,1231,0.3908609999998589,regular http traffic
10.8.0.6,115.231.186.130,1232,0.09598100000039267,regular http traffic
10.8.0.6,115.231.186.130,1232,0.03150099999947997,regular http traffic
10.8.0.6,115.231.186.130,1232,0.04075900000134425,regular http traffic
