src_ip,dest_ip,pkt_size,time_diff,original_class
10.8.0.6,95.101.39.11,629,0.003862999999910244,regular http traffic
10.8.0.6,95.101.39.11,609,0.0006450000000768341,regular http traffic
