src_ip,dest_ip,pkt_size,time_diff,original_class
10.8.0.6,104.31.76.107,486,0.5428850000025705,regular http traffic
10.8.0.6,104.31.76.107,372,0.3799529999960214,regular http traffic
10.8.0.6,104.31.76.107,381,0.026670000006561168,regular http traffic
