src_ip,dest_ip,pkt_size,time_diff,original_class
10.8.0.6,95.100.184.210,633,0.0008599999982834561,regular http traffic
10.8.0.6,95.100.184.210,642,0.002485000000888249,regular http traffic
10.8.0.6,95.100.184.210,628,4.5000000682193786e-05,regular http traffic
10.8.0.6,95.100.184.210,640,0.002278999998452491,regular http traffic
10.8.0.6,95.100.184.210,633,0.6832250000006752,regular http traffic
10.8.0.6,95.100.184.210,662,3.2333570000009786,regular http traffic
