src_ip,dest_ip,pkt_size,time_diff,original_class
10.8.0.6,144.76.25.182,785,1.0630989999999656,regular http traffic
10.8.0.6,144.76.25.182,783,3.9977710000002844,regular http traffic
10.8.0.6,144.76.25.182,721,6.3584749999999985,regular http traffic
