src_ip,dest_ip,pkt_size,time_diff,original_class
10.8.0.6,64.210.135.70,922,0.0005779999999049323,regular http traffic
10.8.0.6,64.210.135.70,914,0.00022100000001046283,regular http traffic
10.8.0.6,64.210.135.70,925,0.3568960000000061,regular http traffic
10.8.0.6,64.210.135.70,916,0.028189000000111264,regular http traffic
10.8.0.6,64.210.135.70,915,0.013600999999880514,regular http traffic
10.8.0.6,64.210.135.70,921,0.011570000000119762,regular http traffic
10.8.0.6,64.210.135.70,956,0.011295000000018263,regular http traffic
