src_ip,dest_ip,pkt_size,time_diff,original_class
10.8.0.6,123.58.182.252,657,0.4149899999997615,regular http traffic
10.8.0.6,123.58.182.252,654,0.20516100000031656,regular http traffic
10.8.0.6,123.58.182.252,653,0.12418399999978647,regular http traffic
10.8.0.6,123.58.182.252,648,0.010769999999865831,regular http traffic
10.8.0.6,123.58.182.252,688,0.015025000000150612,regular http traffic
10.8.0.6,123.58.182.252,690,0.0407310000000507,regular http traffic
10.8.0.6,123.58.182.252,685,0.29559199999994235,regular http traffic
10.8.0.6,123.58.182.252,685,0.38017600000011953,regular http traffic
10.8.0.6,123.58.182.252,685,0.03571400000009817,regular http traffic
10.8.0.6,123.58.182.252,685,0.4766869999998562,regular http traffic
10.8.0.6,123.58.182.252,685,0.03904999999986103,regular http traffic
10.8.0.6,123.58.182.252,685,0.13687800000025163,regular http traffic
10.8.0.6,123.58.182.252,679,1.81966599999987,regular http traffic
