src_ip,dest_ip,pkt_size,time_diff,original_class
10.8.0.6,213.244.178.240,486,0.006226999999853433,regular http traffic
10.8.0.6,213.244.178.240,486,0.0005380000002332963,regular http traffic
10.8.0.6,213.244.178.240,486,8.299999990413198e-05,regular http traffic
10.8.0.6,213.244.178.240,486,0.009536000000025524,regular http traffic
10.8.0.6,213.244.178.240,486,0.00017900000011650263,regular http traffic
10.8.0.6,213.244.178.240,503,0.541479999999865,regular http traffic
