src_ip,dest_ip,pkt_size,time_diff,original_class
10.8.0.6,116.31.127.132,797,0.014646999999968102,regular http traffic
10.8.0.6,116.31.127.132,831,0.0052160000004732865,regular http traffic
10.8.0.6,116.31.127.132,835,0.0005269999992378871,regular http traffic
10.8.0.6,116.31.127.132,841,0.009857000000010885,regular http traffic
10.8.0.6,116.31.127.132,812,0.0004980000003342866,regular http traffic
10.8.0.6,116.31.127.132,833,0.719122000000425,regular http traffic
