src_ip,dest_ip,pkt_size,time_diff,original_class
10.8.0.6,185.64.189.115,1288,1.6677919999997357,regular http traffic
10.8.0.6,185.64.189.115,399,2.097986000000219,regular http traffic
10.8.0.6,185.64.189.115,530,1.1461359999998422,regular http traffic
