src_ip,dest_ip,pkt_size,time_diff,original_class
10.8.0.6,88.99.254.41,465,0.4007719999999608,regular http traffic
10.8.0.6,88.99.254.41,474,0.028951000000233762,regular http traffic
10.8.0.6,88.99.254.41,467,4.8999999307852704e-05,regular http traffic
10.8.0.6,88.99.254.41,516,0.03782900000078371,regular http traffic
10.8.0.6,88.99.254.41,463,0.2787079999998241,regular http traffic
10.8.0.6,88.99.254.41,586,0.010309000000233937,regular http traffic
10.8.0.6,88.99.254.41,599,0.028870999999526248,regular http traffic
