src_ip,dest_ip,pkt_size,time_diff,original_class
10.8.0.6,151.101.2.49,209,0.0003299999989394564,regular http traffic
10.8.0.6,151.101.2.49,840,0.9008870000016032,regular http traffic
10.8.0.6,151.101.2.49,839,0.05376799999976356,regular http traffic
10.8.0.6,151.101.2.49,811,1.2695179999991524,regular http traffic
10.8.0.6,151.101.2.49,803,0.0005340000006981427,regular http traffic
10.8.0.6,151.101.2.49,811,0.5371560000003228,regular http traffic
10.8.0.6,151.101.2.49,803,0.006876999999803957,regular http traffic
10.8.0.6,151.101.2.49,910,0.17451299999993353,regular http traffic
10.8.0.6,151.101.2.49,909,0.010828999998921063,regular http traffic
10.8.0.6,151.101.2.49,837,0.435935999999856,regular http traffic
10.8.0.6,151.101.2.49,837,0.18430500000067696,regular http traffic
10.8.0.6,151.101.2.49,161,0.2770679999994172,regular http traffic
10.8.0.6,151.101.2.49,161,0.12898000000132015,regular http traffic
10.8.0.6,151.101.2.49,1199,0.018337999999857857,regular http traffic
10.8.0.6,151.101.2.49,1199,0.2692909999987023,regular http traffic
10.8.0.6,151.101.2.49,161,4.60515900000064,regular http traffic
10.8.0.6,151.101.2.49,161,0.06992800000080024,regular http traffic
