src_ip,dest_ip,pkt_size,time_diff,original_class
10.8.0.6,104.37.178.1,456,0.0007900000000518048,regular http traffic
10.8.0.6,104.37.178.1,455,7.900000127847306e-05,regular http traffic
