src_ip,dest_ip,pkt_size,time_diff,original_class
10.8.0.6,92.122.254.168,1031,0.4366810000010446,regular http traffic
10.8.0.6,92.122.254.168,1134,53.93384100000003,regular http traffic
10.8.0.6,92.122.254.168,1171,0.09986399999979767,regular http traffic
10.8.0.6,92.122.254.168,1225,0.08629099999961909,regular http traffic
10.8.0.6,92.122.254.168,1195,0.023805999999240157,regular http traffic
