src_ip,dest_ip,pkt_size,time_diff,original_class
10.8.0.6,109.201.158.196,798,0.0004800000006071059,regular http traffic
10.8.0.6,109.201.158.196,798,0.001060999999026535,regular http traffic
10.8.0.6,109.201.158.196,798,0.0012729999998555286,regular http traffic
10.8.0.6,109.201.158.196,798,5.2000001232954673e-05,regular http traffic
10.8.0.6,109.201.158.196,798,0.001255999999557389,regular http traffic
