src_ip,dest_ip,pkt_size,time_diff,original_class
10.8.0.6,149.202.193.219,541,0.7689069999996718,regular http traffic
10.8.0.6,149.202.193.219,928,3.7763400000003458,regular http traffic
