src_ip,dest_ip,pkt_size,time_diff,original_class
10.8.0.6,152.195.39.114,749,0.0007910000003903406,regular http traffic
10.8.0.6,152.195.39.114,750,0.0008819999998195271,regular http traffic
