src_ip,dest_ip,pkt_size,time_diff,original_class
10.8.0.6,8.37.239.129,626,1650.052243,regular http traffic
10.8.0.6,8.37.239.129,626,3999.9595619999996,regular http traffic
10.8.0.6,8.37.239.129,626,3889.0468250000004,regular http traffic
