src_ip,dest_ip,pkt_size,time_diff,original_class
10.8.0.6,104.215.29.84,544,0.002107000007526949,regular http traffic
10.8.0.6,104.215.29.84,544,2.1074419999931706,regular http traffic
10.8.0.6,104.215.29.84,544,0.41418600000906736,regular http traffic
10.8.0.6,104.215.29.84,544,0.02292999999190215,regular http traffic
10.8.0.6,104.215.29.84,544,4.3276069999992615,regular http traffic
10.8.0.6,104.215.29.84,544,0.0006280000088736415,regular http traffic
10.8.0.6,104.215.29.84,544,0.25461399999039713,regular http traffic
10.8.0.6,104.215.29.84,544,0.000179000009666197,regular http traffic
10.8.0.6,104.215.29.84,544,0.0002479999966453761,regular http traffic
10.8.0.6,104.215.29.84,544,0.26029299999936484,regular http traffic
10.8.0.6,104.215.29.84,544,0.0010469999979250133,regular http traffic
10.8.0.6,104.215.29.84,544,0.25244799999927636,regular http traffic
10.8.0.6,104.215.29.84,544,9.899999713525176e-05,regular http traffic
10.8.0.6,104.215.29.84,544,1.123890000002575,regular http traffic
10.8.0.6,104.215.29.84,544,0.005358000009437092,regular http traffic
10.8.0.6,104.215.29.84,544,0.6068249999952968,regular http traffic
