src_ip,dest_ip,pkt_size,time_diff,original_class
10.8.0.6,111.202.114.35,276,0.5623340000001917,regular http traffic
10.8.0.6,111.202.114.35,478,0.39833899999939604,regular http traffic
