src_ip,dest_ip,pkt_size,time_diff,original_class
10.8.0.6,192.229.133.187,499,0.0012789999999540669,regular http traffic
10.8.0.6,192.229.133.187,543,0.31000300000005154,regular http traffic
10.8.0.6,192.229.133.187,497,0.7588779999999815,regular http traffic
10.8.0.6,192.229.133.187,500,0.8201119999999946,regular http traffic
10.8.0.6,192.229.133.187,480,64.38667500000003,regular http traffic
10.8.0.6,192.229.133.187,485,0.000509999999962929,regular http traffic
10.8.0.6,192.229.133.187,485,0.0004870000000209984,regular http traffic
10.8.0.6,192.229.133.187,485,0.0007989999999722386,regular http traffic
10.8.0.6,192.229.133.187,485,0.0005060000000298714,regular http traffic
