src_ip,dest_ip,pkt_size,time_diff,original_class
10.8.0.6,111.19.241.234,527,0.027274999999463034,regular http traffic
10.8.0.6,111.19.241.234,631,1737.8657919999996,regular http traffic
