src_ip,dest_ip,pkt_size,time_diff,original_class
10.8.0.6,92.122.254.180,532,0.000525999999808846,regular http traffic
10.8.0.6,92.122.254.180,528,0.0003589999996620463,regular http traffic
10.8.0.6,92.122.254.180,490,0.03148899999905552,regular http traffic
