src_ip,dest_ip,pkt_size,time_diff,original_class
10.8.0.6,67.27.150.124,622,0.02016399999956775,regular http traffic
10.8.0.6,67.27.150.124,622,0.0011930000000575092,regular http traffic
10.8.0.6,67.27.150.124,612,0.0007160000004660105,regular http traffic
10.8.0.6,67.27.150.124,609,1.1521489999995538,regular http traffic
10.8.0.6,67.27.150.124,609,0.0009939999999915017,regular http traffic
