src_ip,dest_ip,pkt_size,time_diff,original_class
10.8.0.6,93.184.220.188,656,0.26164299999982177,regular http traffic
10.8.0.6,93.184.220.188,652,0.13753600000018196,regular http traffic
10.8.0.6,93.184.220.188,652,0.01189400000112073,regular http traffic
10.8.0.6,93.184.220.188,675,0.5066029999998136,regular http traffic
10.8.0.6,93.184.220.188,712,0.9144049999995332,regular http traffic
10.8.0.6,93.184.220.188,712,0.024351000000024214,regular http traffic
10.8.0.6,93.184.220.188,716,3.4259430000001885,regular http traffic
10.8.0.6,93.184.220.188,707,0.03595399999903748,regular http traffic
