src_ip,dest_ip,pkt_size,time_diff,original_class
10.8.0.6,185.33.223.202,1278,0.8923980000017764,regular http traffic
10.8.0.6,185.33.223.202,1129,0.055639999998675194,regular http traffic
10.8.0.6,185.33.223.202,1129,0.07062299999961397,regular http traffic
10.8.0.6,185.33.223.202,152,0.5872230000004492,regular http traffic
10.8.0.6,185.33.223.202,115,0.4215070000009291,regular http traffic
10.8.0.6,185.33.223.202,139,0.24653399999988324,regular http traffic
10.8.0.6,185.33.223.202,181,0.06501199999911478,regular http traffic
10.8.0.6,185.33.223.202,1152,1.5553650000001653,regular http traffic
10.8.0.6,185.33.223.202,1152,0.07377900000028603,regular http traffic
10.8.0.6,185.33.223.202,1129,0.0037740000007033814,regular http traffic
10.8.0.6,185.33.223.202,903,0.06676799999877403,regular http traffic
10.8.0.6,185.33.223.202,1305,0.2072120000011637,regular http traffic
