src_ip,dest_ip,pkt_size,time_diff,original_class
10.8.0.6,95.100.65.135,437,0.0010440000005473848,regular http traffic
10.8.0.6,95.100.65.135,450,5.199999941396527e-05,regular http traffic
10.8.0.6,95.100.65.135,457,5.80000005356851e-05,regular http traffic
10.8.0.6,95.100.65.135,457,0.2155109999994238,regular http traffic
10.8.0.6,95.100.65.135,447,0.05607200000031298,regular http traffic
10.8.0.6,95.100.65.135,450,0.46149100000002363,regular http traffic
