src_ip,dest_ip,pkt_size,time_diff,original_class
10.8.0.6,216.58.211.106,508,735.9816999999998,regular http traffic
10.8.0.6,216.58.211.106,452,2473.6589,regular http traffic
10.8.0.6,216.58.211.106,573,1.1298720000004323,regular http traffic
10.8.0.6,216.58.211.106,511,5983.360046,regular http traffic
10.8.0.6,216.58.211.106,455,306.3258970000006,regular http traffic
10.8.0.6,216.58.211.106,576,2.3186249999998836,regular http traffic
