src_ip,dest_ip,pkt_size,time_diff,original_class
10.8.0.6,52.94.234.174,433,464.8396170000001,regular http traffic
10.8.0.6,52.94.234.174,520,8.904403999999886,regular http traffic
10.8.0.6,52.94.234.174,438,4886.206955000001,regular http traffic
10.8.0.6,52.94.234.174,435,5006.498034999999,regular http traffic
