src_ip,dest_ip,pkt_size,time_diff,original_class
10.8.0.6,148.251.10.242,779,0.7358029999995779,regular http traffic
10.8.0.6,148.251.10.242,584,3.913306000000375,regular http traffic
10.8.0.6,148.251.10.242,549,2.4941539999999804,regular http traffic
