src_ip,dest_ip,pkt_size,time_diff,original_class
10.8.0.6,119.147.248.40,458,0.0004059999992023222,regular http traffic
10.8.0.6,119.147.248.40,458,0.016917999999350286,regular http traffic
10.8.0.6,119.147.248.40,464,0.14721000000099593,regular http traffic
10.8.0.6,119.147.248.40,472,0.03184700000019802,regular http traffic
10.8.0.6,119.147.248.40,468,0.09283899999900314,regular http traffic
10.8.0.6,119.147.248.40,469,0.003198000000338652,regular http traffic
10.8.0.6,119.147.248.40,469,0.021447000000989647,regular http traffic
10.8.0.6,119.147.248.40,461,0.19184999999924912,regular http traffic
10.8.0.6,119.147.248.40,471,0.08912000000054832,regular http traffic
10.8.0.6,119.147.248.40,451,0.0007100000002537854,regular http traffic
10.8.0.6,119.147.248.40,457,0.032303999998475774,regular http traffic
10.8.0.6,119.147.248.40,466,0.16421100000115985,regular http traffic
10.8.0.6,119.147.248.40,458,0.08637400000043272,regular http traffic
10.8.0.6,119.147.248.40,450,3.155042999998841,regular http traffic
