src_ip,dest_ip,pkt_size,time_diff,original_class
10.8.0.6,74.125.140.157,861,1.6374959999993735,regular http traffic
10.8.0.6,74.125.140.157,906,1.0762720000002446,regular http traffic
