src_ip,dest_ip,pkt_size,time_diff,original_class
10.8.0.6,95.101.39.83,466,1.2016810000004625,regular http traffic
10.8.0.6,95.101.39.83,465,0.0005110000001877779,regular http traffic
10.8.0.6,95.101.39.83,468,0.0035289999996166443,regular http traffic
10.8.0.6,95.101.39.83,493,0.6811440000001312,regular http traffic
10.8.0.6,95.101.39.83,493,0.26511000000027707,regular http traffic
10.8.0.6,95.101.39.83,492,0.005473000001074979,regular http traffic
10.8.0.6,95.101.39.83,492,0.0012979999992239755,regular http traffic
10.8.0.6,95.101.39.83,494,0.0001339999998890562,regular http traffic
10.8.0.6,95.101.39.83,492,0.0016959999993559904,regular http traffic
10.8.0.6,95.101.39.83,494,0.18653900000026624,regular http traffic
10.8.0.6,95.101.39.83,495,6.100000064179767e-05,regular http traffic
10.8.0.6,95.101.39.83,495,0.00011199999971722718,regular http traffic
10.8.0.6,95.101.39.83,495,6.399999983841553e-05,regular http traffic
10.8.0.6,95.101.39.83,492,0.00041400000009161886,regular http traffic
10.8.0.6,95.101.39.83,493,0.20910800000092422,regular http traffic
10.8.0.6,95.101.39.83,495,0.010002999999414897,regular http traffic
10.8.0.6,95.101.39.83,493,0.00019500000053085387,regular http traffic
10.8.0.6,95.101.39.83,493,0.001010999998470652,regular http traffic
10.8.0.6,95.101.39.83,493,0.00039000000106170774,regular http traffic
10.8.0.6,95.101.39.83,492,0.0010929999989457428,regular http traffic
10.8.0.6,95.101.39.83,493,0.13437100000010105,regular http traffic
