src_ip,dest_ip,pkt_size,time_diff,original_class
10.8.0.6,95.101.39.16,473,0.0028529999999591382,regular http traffic
10.8.0.6,95.101.39.16,461,0.0032649999993736856,regular http traffic
10.8.0.6,95.101.39.16,456,4.6999999540275894e-05,regular http traffic
10.8.0.6,95.101.39.16,458,0.0008390000002691522,regular http traffic
10.8.0.6,95.101.39.16,672,2.4300309999998717,regular http traffic
10.8.0.6,95.101.39.16,619,0.00010199999996984843,regular http traffic
10.8.0.6,95.101.39.16,624,0.0010610000008455245,regular http traffic
10.8.0.6,95.101.39.16,621,0.0008259999995061662,regular http traffic
