src_ip,dest_ip,pkt_size,time_diff,original_class
10.8.0.6,104.17.98.32,497,0.5062299999999595,regular http traffic
10.8.0.6,104.17.98.32,545,0.007783000000017637,regular http traffic
10.8.0.6,104.17.98.32,543,0.02615200000036566,regular http traffic
10.8.0.6,104.17.98.32,540,0.012796999999409309,regular http traffic
10.8.0.6,104.17.98.32,530,0.02469400000063615,regular http traffic
10.8.0.6,104.17.98.32,514,0.20737499999995634,regular http traffic
10.8.0.6,104.17.98.32,975,7.443970000000263,regular http traffic
10.8.0.6,104.17.98.32,1120,0.47706899999957386,regular http traffic
10.8.0.6,104.17.98.32,461,1.120571000000382,regular http traffic
10.8.0.6,104.17.98.32,1258,0.02430000000003929,regular http traffic
10.8.0.6,104.17.98.32,1260,0.16635999999925843,regular http traffic
10.8.0.6,104.17.98.32,1242,0.2950890000001891,regular http traffic
10.8.0.6,104.17.98.32,1247,0.010764000000563101,regular http traffic
10.8.0.6,104.17.98.32,1253,0.04114099999969767,regular http traffic
10.8.0.6,104.17.98.32,1239,0.00023099999998521525,regular http traffic
