src_ip,dest_ip,pkt_size,time_diff,original_class
10.8.0.6,88.221.165.83,539,2.3266309999999066,regular http traffic
10.8.0.6,88.221.165.83,539,0.013396000000284403,regular http traffic
10.8.0.6,88.221.165.83,539,2.5521479999988514,regular http traffic
10.8.0.6,88.221.165.83,539,0.007826000000932254,regular http traffic
10.8.0.6,88.221.165.83,539,0.02004999999917345,regular http traffic
10.8.0.6,88.221.165.83,539,5.887093000001187,regular http traffic
10.8.0.6,88.221.165.83,539,0.021147999999811873,regular http traffic
10.8.0.6,88.221.165.83,539,0.010929000000032829,regular http traffic
