src_ip,dest_ip,pkt_size,time_diff,original_class
10.8.0.6,23.56.186.38,506,2.103243999999904,regular http traffic
10.8.0.6,23.56.186.38,508,0.0026119999999991705,regular http traffic
10.8.0.6,23.56.186.38,527,3.0523289999998724,regular http traffic
10.8.0.6,23.56.186.38,753,0.3786870000001272,regular http traffic
