src_ip,dest_ip,pkt_size,time_diff,original_class
10.8.0.6,60.28.125.129,460,0.0015979999998307903,regular http traffic
10.8.0.6,60.28.125.129,460,0.02628199999981007,regular http traffic
10.8.0.6,60.28.125.129,458,0.0013990000002195302,regular http traffic
