src_ip,dest_ip,pkt_size,time_diff,original_class
10.8.0.6,88.221.165.13,557,11114.294419999998,regular http traffic
10.8.0.6,88.221.165.13,606,1.2645179999999527,regular http traffic
10.8.0.6,88.221.165.13,660,0.2986479999999574,regular http traffic
10.8.0.6,88.221.165.13,594,2.2102610000001732,regular http traffic
10.8.0.6,88.221.165.13,611,0.01500300000043353,regular http traffic
10.8.0.6,88.221.165.13,632,0.02179500000056578,regular http traffic
10.8.0.6,88.221.165.13,593,0.08297399999901245,regular http traffic
10.8.0.6,88.221.165.13,618,0.29127900000094087,regular http traffic
10.8.0.6,88.221.165.13,564,2.326493999999002,regular http traffic
