src_ip,dest_ip,pkt_size,time_diff,original_class
103.43.75.238,10.10.6.233,69,0.33197199999995064,regular http traffic
103.43.75.238,10.10.6.233,69,0.32783500000005006,regular http traffic
