src_ip,dest_ip,pkt_size,time_diff,original_class
104.16.92.22,10.8.0.6,45,0.3228490000037709,regular http traffic
104.16.92.22,10.8.0.6,1298,0.01406699999643024,regular http traffic
104.16.92.22,10.8.0.6,540,0.0015799999964656308,regular http traffic
104.16.92.22,10.8.0.6,45,0.3057390000030864,regular http traffic
104.16.92.22,10.8.0.6,45,0.12273299999651499,regular http traffic
104.16.92.22,10.8.0.6,538,0.4037440000101924,regular http traffic
104.16.92.22,10.8.0.6,45,0.04774799999722745,regular http traffic
104.16.92.22,10.8.0.6,45,15.406354999999166,regular http traffic
104.16.92.22,10.8.0.6,45,1.8768390000041109,regular http traffic
104.16.92.22,10.8.0.6,348,9.649241999999504,regular http traffic
