src_ip,dest_ip,pkt_size,time_diff,original_class
104.237.157.25,10.10.6.233,87,2.0000006770715117e-06,regular http traffic
104.237.157.25,10.10.6.233,70,2.5999999706982635e-05,regular http traffic
104.237.157.25,10.10.6.233,69,1.2854600000009668,regular http traffic
104.237.157.25,10.10.6.233,69,0.25495199999932083,regular http traffic
104.237.157.25,10.10.6.233,69,0.2441079999989597,regular http traffic
104.237.157.25,10.10.6.233,69,0.2934850000001461,regular http traffic
104.237.157.25,10.10.6.233,69,0.32026500000029046,regular http traffic
104.237.157.25,10.10.6.233,69,0.3508080000010523,regular http traffic
104.237.157.25,10.10.6.233,69,0.31651899999997113,regular http traffic
