src_ip,dest_ip,pkt_size,time_diff,original_class
104.207.141.178,10.10.6.233,69,0.24734200000057172,regular http traffic
104.207.141.178,10.10.6.233,69,0.19898900000043795,regular http traffic
104.207.141.178,10.10.6.233,69,0.20384799999919778,regular http traffic
104.207.141.178,10.10.6.233,69,0.19996200000059616,regular http traffic
