src_ip,dest_ip,pkt_size,time_diff,original_class
104.238.165.72,10.10.6.233,69,0.16810200000054465,regular http traffic
104.238.165.72,10.10.6.233,69,0.18987599999945814,regular http traffic
104.238.165.72,10.10.6.233,69,0.1320160000004762,regular http traffic
104.238.165.72,10.10.6.233,69,0.14797799999996641,regular http traffic
104.238.165.72,10.10.6.233,69,0.12599299999965297,regular http traffic
