src_ip,dest_ip,pkt_size,time_diff,original_class
104.207.140.171,10.10.6.233,69,0.14602300000024115,regular http traffic
104.207.140.171,10.10.6.233,69,0.17721900000015012,regular http traffic
104.207.140.171,10.10.6.233,69,0.21193899999980204,regular http traffic
104.207.140.171,10.10.6.233,69,1.4873109999998633,regular http traffic
