src_ip,dest_ip,pkt_size,time_diff,original_class
104.207.141.178,10.10.6.233,69,1.2817350000004808,regular http traffic
104.207.141.178,10.10.6.233,69,0.380009999998947,regular http traffic
104.207.141.178,10.10.6.233,69,0.30356399999982386,regular http traffic
104.207.141.178,10.10.6.233,69,0.31751400000030117,regular http traffic
104.207.141.178,10.10.6.233,69,0.3306460000003426,regular http traffic
104.207.141.178,10.10.6.233,69,0.34302199999910954,regular http traffic
104.207.141.178,10.10.6.233,69,0.3342980000015814,regular http traffic
