src_ip,dest_ip,pkt_size,time_diff,original_class
104.238.152.169,10.10.6.233,69,0.19109600000047067,regular http traffic
104.238.152.169,10.10.6.233,69,0.19598799999948824,regular http traffic
104.238.152.169,10.10.6.233,69,0.23964299999988725,regular http traffic
104.238.152.169,10.10.6.233,69,1.8162849999998798,regular http traffic
