src_ip,dest_ip,pkt_size,time_diff,original_class
104.238.152.130,10.10.6.233,69,0.21816599999965547,regular http traffic
104.238.152.130,10.10.6.233,69,0.16941599999972823,regular http traffic
104.238.152.130,10.10.6.233,69,0.18315100000017992,regular http traffic
104.238.152.130,10.10.6.233,69,0.15708300000005693,regular http traffic
