src_ip,dest_ip,pkt_size,time_diff,original_class
104.27.217.28,10.8.0.6,45,0.5749109999997017,regular http traffic
104.27.217.28,10.8.0.6,45,0.03898200000003271,regular http traffic
104.27.217.28,10.8.0.6,45,0.0017940000002454326,regular http traffic
104.27.217.28,10.8.0.6,45,0.002488999999968655,regular http traffic
104.27.217.28,10.8.0.6,424,0.001678000000083557,regular http traffic
104.27.217.28,10.8.0.6,311,0.0878709999997227,regular http traffic
104.27.217.28,10.8.0.6,54,0.013011000000005879,regular http traffic
104.27.217.28,10.8.0.6,871,1.4504110000002584,regular http traffic
104.27.217.28,10.8.0.6,45,0.001033000000006723,regular http traffic
