src_ip,dest_ip,pkt_size,time_diff,original_class
107.21.214.225,172.16.133.54,650,4.6542400000000015,regular http traffic
107.21.214.225,172.16.133.54,650,3.4628900000000016,regular http traffic
107.21.214.225,172.16.133.54,650,4.335524000000007,regular http traffic
107.21.214.225,172.16.133.54,650,0.00046899999999538977,regular http traffic
107.21.214.225,172.16.133.54,650,10.092343999999997,regular http traffic
107.21.214.225,172.16.133.54,650,14.214948000000007,regular http traffic
107.21.214.225,172.16.133.54,650,0.002174999999994043,regular http traffic
107.21.214.225,172.16.133.54,650,6.999616000000003,regular http traffic
107.21.214.225,172.16.133.54,650,7.043207999999993,regular http traffic
107.21.214.225,172.16.133.54,650,0.0005429999999932988,regular http traffic
107.21.214.225,172.16.133.54,650,0.7760120000000086,regular http traffic
107.21.214.225,172.16.133.54,650,5.433310000000006,regular http traffic
107.21.214.225,172.16.133.54,650,0.9780220000000099,regular http traffic
107.21.214.225,172.16.133.54,650,4.308285999999981,regular http traffic
