src_ip,dest_ip,pkt_size,time_diff,original_class
107.191.49.42,10.10.6.233,69,3.2386230000001888,regular http traffic
107.191.49.42,10.10.6.233,69,0.22262200000022858,regular http traffic
107.191.49.42,10.10.6.233,69,0.11882799999966664,regular http traffic
107.191.49.42,10.10.6.233,69,0.11949400000048627,regular http traffic
107.191.49.42,10.10.6.233,69,0.1187419999996564,regular http traffic
