src_ip,dest_ip,pkt_size,time_diff,original_class
107.22.223.184,172.16.133.184,503,6.225290999999999,regular http traffic
107.22.223.184,172.16.133.184,503,9.491793999999999,regular http traffic
