src_ip,dest_ip,pkt_size,time_diff,original_class
107.21.250.154,131.202.240.101,241,5.057345151901245,regular http traffic
107.21.250.154,131.202.240.101,60,16.345765829086304,regular http traffic
107.21.250.154,131.202.240.101,241,5.659022092819214,regular http traffic
107.21.250.154,131.202.240.101,505,15.357387065887451,regular http traffic
