src_ip,dest_ip,pkt_size,time_diff,original_class
107.21.255.53,172.16.133.54,416,2.6049600000000055,regular http traffic
107.21.255.53,172.16.133.54,420,0.13967099999999277,regular http traffic
107.21.255.53,172.16.133.54,959,3.521669000000003,regular http traffic
107.21.255.53,172.16.133.54,665,0.3129299999999944,regular http traffic
107.21.255.53,172.16.133.54,420,1.6622030000000052,regular http traffic
107.21.255.53,172.16.133.54,620,0.6293709999999919,regular http traffic
107.21.255.53,172.16.133.54,420,0.2138659999999959,regular http traffic
107.21.255.53,172.16.133.54,637,1.0912010000000123,regular http traffic
107.21.255.53,172.16.133.54,637,1.0653279999999938,regular http traffic
