src_ip,dest_ip,pkt_size,time_diff,original_class
107.21.249.135,131.202.240.101,241,5.107586860656738,regular http traffic
107.21.249.135,131.202.240.101,505,13.428930044174194,regular http traffic
107.21.249.135,131.202.240.101,241,5.731123924255371,regular http traffic
107.21.249.135,131.202.240.101,505,12.999886989593506,regular http traffic
107.21.249.135,131.202.240.101,241,5.803406000137329,regular http traffic
