src_ip,dest_ip,pkt_size,time_diff,original_class
107.154.113.140,10.8.0.6,700,3.776300999999876,regular http traffic
107.154.113.140,10.8.0.6,603,0.5318209999995815,regular http traffic
