src_ip,dest_ip,pkt_size,time_diff,original_class
107.22.214.3,172.16.133.54,514,7.6831260000000015,regular http traffic
107.22.214.3,172.16.133.54,514,14.851641,regular http traffic
107.22.214.3,172.16.133.54,514,21.166099000000017,regular http traffic
107.22.214.3,172.16.133.54,514,7.84669199999999,regular http traffic
107.22.214.3,172.16.133.54,514,5.403629999999993,regular http traffic
