src_ip,dest_ip,pkt_size,time_diff,original_class
107.21.248.242,131.202.240.101,241,5.053780794143677,regular http traffic
107.21.248.242,131.202.240.101,60,16.06843900680542,regular http traffic
107.21.248.242,131.202.240.101,241,5.930227994918823,regular http traffic
107.21.248.242,131.202.240.101,505,16.165711164474487,regular http traffic
107.21.248.242,131.202.240.101,241,5.192023038864136,regular http traffic
