src_ip,dest_ip,pkt_size,time_diff,original_class
108.170.194.161,172.16.133.163,1131,0.0033749999999770353,regular http traffic
108.170.194.161,172.16.133.163,1080,0.0013059999999995853,regular http traffic
108.170.194.161,172.16.133.163,241,5.8036380000000065,regular http traffic
108.170.194.161,172.16.133.163,241,0.004330999999979213,regular http traffic
108.170.194.161,172.16.133.163,241,0.0010990000000106193,regular http traffic
