src_ip,dest_ip,pkt_size,time_diff,original_class
108.160.161.162,172.16.133.96,245,55.720088999999994,regular http traffic
108.160.161.162,172.16.133.96,245,55.59211800000001,regular http traffic
108.160.161.162,172.16.133.96,245,55.77063899999999,regular http traffic
108.160.161.162,172.16.133.96,245,55.520989000000014,regular http traffic
