src_ip,dest_ip,pkt_size,time_diff,original_class
108.61.119.231,10.10.6.233,69,1.1891840000007505,regular http traffic
108.61.119.231,10.10.6.233,69,0.46289400000023306,regular http traffic
108.61.119.231,10.10.6.233,69,0.33490100000017264,regular http traffic
108.61.119.231,10.10.6.233,69,0.31030399999872316,regular http traffic
108.61.119.231,10.10.6.233,69,0.3185410000005504,regular http traffic
108.61.119.231,10.10.6.233,69,0.3655319999998028,regular http traffic
108.61.119.231,10.10.6.233,69,0.3019160000003467,regular http traffic
