src_ip,dest_ip,pkt_size,time_diff,original_class
108.61.199.111,10.10.6.233,69,1.189222000000882,regular http traffic
108.61.199.111,10.10.6.233,69,0.4530560000002879,regular http traffic
108.61.199.111,10.10.6.233,69,0.24072999999953026,regular http traffic
108.61.199.111,10.10.6.233,69,0.2053539999997156,regular http traffic
108.61.199.111,10.10.6.233,69,0.22286300000087067,regular http traffic
108.61.199.111,10.10.6.233,69,0.1951520000002347,regular http traffic
108.61.199.111,10.10.6.233,69,0.20941899999888847,regular http traffic
108.61.199.111,10.10.6.233,69,0.25107200000093144,regular http traffic
108.61.199.111,10.10.6.233,69,0.20086599999922328,regular http traffic
108.61.199.111,10.10.6.233,69,0.23099899999942863,regular http traffic
