src_ip,dest_ip,pkt_size,time_diff,original_class
108.160.160.163,172.16.133.39,233,55.840281000000004,regular http traffic
108.160.160.163,172.16.133.39,233,55.547678000000005,regular http traffic
108.160.160.163,172.16.133.39,233,55.283451,regular http traffic
108.160.160.163,172.16.133.39,233,55.425691,regular http traffic
108.160.160.163,172.16.133.39,233,55.740724,regular http traffic
