src_ip,dest_ip,pkt_size,time_diff,original_class
108.160.161.158,172.16.133.82,233,55.658043000000006,regular http traffic
108.160.161.158,172.16.133.82,233,55.50370099999999,regular http traffic
108.160.161.158,172.16.133.82,233,55.695415999999994,regular http traffic
108.160.161.158,172.16.133.82,233,55.282681999999994,regular http traffic
