src_ip,dest_ip,pkt_size,time_diff,original_class
109.201.158.196,10.8.0.6,1208,0.0027090000003227033,regular http traffic
109.201.158.196,10.8.0.6,593,0.012630999999601045,regular http traffic
109.201.158.196,10.8.0.6,1038,0.0005830000009154901,regular http traffic
109.201.158.196,10.8.0.6,688,0.04945699999916542,regular http traffic
109.201.158.196,10.8.0.6,1036,0.18536300000050687,regular http traffic
