src_ip,dest_ip,pkt_size,time_diff,original_class
110.209.6.25,157.99.66.54,383,0.0830530000000067,regular http traffic
110.209.6.25,157.99.66.54,502,0.00728699999999094,regular http traffic
110.209.6.25,157.99.66.54,1005,0.09223800000000892,regular http traffic
110.209.6.25,157.99.66.54,729,0.47820499999998844,regular http traffic
110.209.6.25,157.99.66.54,729,3.09518700000001,regular http traffic
