src_ip,dest_ip,pkt_size,time_diff,original_class
110.209.6.25,217.22.112.59,348,0.037681000000020504,regular http traffic
110.209.6.25,217.22.112.59,490,0.01038200000004963,regular http traffic
110.209.6.25,217.22.112.59,993,0.028249999999957254,regular http traffic
110.209.6.25,217.22.112.59,717,0.10416599999996379,regular http traffic
110.209.6.25,217.22.112.59,717,2.99956700000007,regular http traffic
110.209.6.25,217.22.112.59,1179,153.195248,regular http traffic
110.209.6.25,217.22.112.59,342,0.02365399999996498,regular http traffic
110.209.6.25,217.22.112.59,341,0.026105000000029577,regular http traffic
110.209.6.25,217.22.112.59,342,0.09183699999994133,regular http traffic
110.209.6.25,217.22.112.59,1095,16.130326000000082,regular http traffic
