src_ip,dest_ip,pkt_size,time_diff,original_class
110.209.6.55,130.68.81.253,720,26.828974000000017,regular http traffic
110.209.6.55,130.68.81.253,1053,10.476389000000154,regular http traffic
110.209.6.55,130.68.81.253,793,24.764312999999902,regular http traffic
110.209.6.55,130.68.81.253,104,22.38021600000002,regular http traffic
