src_ip,dest_ip,pkt_size,time_diff,original_class
110.209.6.14,130.68.81.15,88,2.9999998787388904e-06,regular http traffic
110.209.6.14,130.68.81.15,92,0.005087000000003172,regular http traffic
110.209.6.14,130.68.81.15,92,4.999091000000135,regular http traffic
110.209.6.14,130.68.81.15,123,47.531095999999934,regular http traffic
110.209.6.14,130.68.81.15,88,81.78004599999986,regular http traffic
110.209.6.14,130.68.81.15,88,2.041554000000133,regular http traffic
