src_ip,dest_ip,pkt_size,time_diff,original_class
110.209.6.14,130.68.81.14,1438,0.003744000000097003,regular http traffic
110.209.6.14,130.68.81.14,1438,0.00024899999971239595,regular http traffic
110.209.6.14,130.68.81.14,1438,92.64355800000021,regular http traffic
110.209.6.14,130.68.81.14,1438,15.173518000000058,regular http traffic
110.209.6.14,130.68.81.14,1438,17.905831000000035,regular http traffic
110.209.6.14,130.68.81.14,1438,0.01372799999990093,regular http traffic
110.209.6.14,130.68.81.14,1438,0.050318999999944936,regular http traffic
