src_ip,dest_ip,pkt_size,time_diff,original_class
110.209.6.204,202.11.82.102,426,0.47820999999976266,regular http traffic
110.209.6.204,202.11.82.102,253,2.8139400000000023,regular http traffic
110.209.6.204,202.11.82.102,439,0.05155800000011368,regular http traffic
110.209.6.204,202.11.82.102,253,0.1550280000001294,regular http traffic
110.209.6.204,202.11.82.102,253,0.05095899999969333,regular http traffic
110.209.6.204,202.11.82.102,253,0.0507620000003044,regular http traffic
110.209.6.204,202.11.82.102,426,57.361639999999625,regular http traffic
110.209.6.204,202.11.82.102,253,2.8663980000001175,regular http traffic
110.209.6.204,202.11.82.102,253,0.11694399999987581,regular http traffic
110.209.6.204,202.11.82.102,253,0.01871800000026269,regular http traffic
110.209.6.204,202.11.82.102,426,56.98703999999998,regular http traffic
110.209.6.204,202.11.82.102,253,3.067935999999918,regular http traffic
110.209.6.204,202.11.82.102,253,0.006838000000243483,regular http traffic
110.209.6.204,202.11.82.102,253,0.08245499999975436,regular http traffic
110.209.6.204,202.11.82.102,253,0.12712599999986196,regular http traffic
110.209.6.204,202.11.82.102,426,56.70767500000011,regular http traffic
110.209.6.204,202.11.82.102,253,3.1467059999999947,regular http traffic
110.209.6.204,202.11.82.102,253,1.36868800000002,regular http traffic
110.209.6.204,202.11.82.102,253,0.2719200000001365,regular http traffic
110.209.6.204,202.11.82.102,253,1.9821069999998144,regular http traffic
110.209.6.204,202.11.82.102,253,0.9927040000002307,regular http traffic
110.209.6.204,202.11.82.102,253,1.478646000000026,regular http traffic
110.209.6.204,202.11.82.102,426,50.748525999999856,regular http traffic
110.209.6.204,202.11.82.102,253,3.230653000000075,regular http traffic
110.209.6.204,202.11.82.102,253,6.119666000000052,regular http traffic
110.209.6.204,202.11.82.102,253,20.428104000000076,regular http traffic
110.209.6.204,202.11.82.102,253,7.546053000000029,regular http traffic
