src_ip,dest_ip,pkt_size,time_diff,original_class
110.209.6.55,150.204.83.15,220,11.085447000000002,regular http traffic
110.209.6.55,150.204.83.15,230,4.800000000670934e-05,regular http traffic
110.209.6.55,150.204.83.15,220,0.13742999999999483,regular http traffic
110.209.6.55,150.204.83.15,220,0.29874800000000334,regular http traffic
110.209.6.55,150.204.83.15,231,0.25496099999999444,regular http traffic
