src_ip,dest_ip,pkt_size,time_diff,original_class
110.209.6.186,130.68.81.91,436,3298.8891810000005,regular http traffic
110.209.6.186,130.68.81.91,436,7.972464999999829,regular http traffic
