src_ip,dest_ip,pkt_size,time_diff,original_class
110.209.6.14,130.68.81.253,88,5.0046820000000025,regular http traffic
110.209.6.14,130.68.81.253,92,0.001496999999972104,regular http traffic
110.209.6.14,130.68.81.253,230,128.03229299999998,regular http traffic
110.209.6.14,130.68.81.253,220,0.18098200000008546,regular http traffic
110.209.6.14,130.68.81.253,220,0.25489999999990687,regular http traffic
110.209.6.14,130.68.81.253,220,0.2290459999999257,regular http traffic
110.209.6.14,130.68.81.253,231,0.19525799999996707,regular http traffic
