src_ip,dest_ip,pkt_size,time_diff,original_class
110.209.6.62,150.204.83.253,231,10.309898000000203,regular http traffic
110.209.6.62,150.204.83.253,221,0.10607899999990877,regular http traffic
110.209.6.62,150.204.83.253,221,5.000000010113581e-05,regular http traffic
