src_ip,dest_ip,pkt_size,time_diff,original_class
110.209.6.25,194.9.8.55,383,0.013923999999974512,regular http traffic
110.209.6.25,194.9.8.55,502,0.024055000000032578,regular http traffic
110.209.6.25,194.9.8.55,1005,0.09867600000001175,regular http traffic
110.209.6.25,194.9.8.55,729,0.19969899999995278,regular http traffic
110.209.6.25,194.9.8.55,729,2.984341000000029,regular http traffic
110.209.6.25,194.9.8.55,1346,13.43003699999997,regular http traffic
