src_ip,dest_ip,pkt_size,time_diff,original_class
110.209.6.54,202.11.82.102,520,1.3180770000000166,regular http traffic
110.209.6.54,202.11.82.102,520,0.31384700000000976,regular http traffic
110.209.6.54,202.11.82.102,520,0.472018999999932,regular http traffic
110.209.6.54,202.11.82.102,520,0.220211000000063,regular http traffic
110.209.6.54,202.11.82.102,520,0.1569729999999936,regular http traffic
110.209.6.54,202.11.82.102,520,0.18447499999990669,regular http traffic
110.209.6.54,202.11.82.102,520,0.1309200000000601,regular http traffic
