src_ip,dest_ip,pkt_size,time_diff,original_class
110.209.6.14,130.68.81.90,88,5.011522000000014,regular http traffic
110.209.6.14,130.68.81.90,92,0.006988999999975931,regular http traffic
110.209.6.14,130.68.81.90,219,134.1916859999999,regular http traffic
110.209.6.14,130.68.81.90,219,0.4848460000000614,regular http traffic
110.209.6.14,130.68.81.90,230,0.36360999999988053,regular http traffic
110.209.6.14,130.68.81.90,219,0.475112000000081,regular http traffic
110.209.6.14,130.68.81.90,229,1.033282999999983,regular http traffic
