src_ip,dest_ip,pkt_size,time_diff,original_class
110.209.6.25,217.22.112.60,354,0.008632000000034168,regular http traffic
110.209.6.25,217.22.112.60,355,0.0016470000000481377,regular http traffic
110.209.6.25,217.22.112.60,353,0.06628399999999601,regular http traffic
110.209.6.25,217.22.112.60,354,0.01073099999985061,regular http traffic
