src_ip,dest_ip,pkt_size,time_diff,original_class
110.209.6.62,69.178.85.14,88,0.641077000000223,regular http traffic
110.209.6.62,69.178.85.14,92,0.008036000000174681,regular http traffic
110.209.6.62,69.178.85.14,123,0.0334909999996853,regular http traffic
110.209.6.62,69.178.85.14,88,4.365211000000272,regular http traffic
110.209.6.62,69.178.85.14,88,4.999999964638846e-05,regular http traffic
110.209.6.62,69.178.85.14,88,0.00014899999996487168,regular http traffic
110.209.6.62,69.178.85.14,92,5.039980000000014,regular http traffic
110.209.6.62,69.178.85.14,92,5.000000010113581e-05,regular http traffic
110.209.6.62,69.178.85.14,92,5.000000010113581e-05,regular http traffic
