src_ip,dest_ip,pkt_size,time_diff,original_class
110.209.6.62,150.204.83.15,230,10.338850999999977,regular http traffic
110.209.6.62,150.204.83.15,220,0.5025430000000597,regular http traffic
110.209.6.62,150.204.83.15,220,0.1541019999999662,regular http traffic
