src_ip,dest_ip,pkt_size,time_diff,original_class
110.209.6.14,202.11.82.103,1438,387.40780100000006,regular http traffic
110.209.6.14,202.11.82.103,1438,47.96900000000005,regular http traffic
110.209.6.14,202.11.82.103,1438,260.7217109999997,regular http traffic
110.209.6.14,202.11.82.103,1438,0.03448900000012145,regular http traffic
110.209.6.14,202.11.82.103,1438,6.804541999999856,regular http traffic
110.209.6.14,202.11.82.103,1438,3.0550029999999424,regular http traffic
