src_ip,dest_ip,pkt_size,time_diff,original_class
110.209.6.14,130.68.81.103,88,5.536545999999817,regular http traffic
110.209.6.14,130.68.81.103,88,0.008536000000049171,regular http traffic
110.209.6.14,130.68.81.103,92,0.005587999999988824,regular http traffic
110.209.6.14,130.68.81.103,88,0.015574000000015076,regular http traffic
110.209.6.14,130.68.81.103,123,0.0901890000000094,regular http traffic
110.209.6.14,130.68.81.103,88,4.912044000000151,regular http traffic
110.209.6.14,130.68.81.103,92,0.1009719999999561,regular http traffic
110.209.6.14,130.68.81.103,88,4.9999999873762135e-05,regular http traffic
110.209.6.14,130.68.81.103,92,4.871620000000121,regular http traffic
110.209.6.14,130.68.81.103,88,2.9999998787388904e-06,regular http traffic
110.209.6.14,130.68.81.103,92,0.13066200000002937,regular http traffic
110.209.6.14,130.68.81.103,92,4.871767999999975,regular http traffic
110.209.6.14,130.68.81.103,123,37.6181610000001,regular http traffic
110.209.6.14,130.68.81.103,220,80.4502399999999,regular http traffic
110.209.6.14,130.68.81.103,235,4.8000000106185325e-05,regular http traffic
110.209.6.14,130.68.81.103,220,0.558716000000004,regular http traffic
110.209.6.14,130.68.81.103,88,0.05290999999988344,regular http traffic
110.209.6.14,130.68.81.103,231,0.5281150000000707,regular http traffic
110.209.6.14,130.68.81.103,220,0.31060600000000704,regular http traffic
110.209.6.14,130.68.81.103,88,0.3652039999999488,regular http traffic
110.209.6.14,130.68.81.103,225,0.25210900000001857,regular http traffic
110.209.6.14,130.68.81.103,230,0.41601300000002084,regular http traffic
110.209.6.14,130.68.81.103,225,0.20723500000008244,regular http traffic
110.209.6.14,130.68.81.103,225,0.40628399999991416,regular http traffic
110.209.6.14,130.68.81.103,236,0.3526329999999689,regular http traffic
