src_ip,dest_ip,pkt_size,time_diff,original_class
110.209.6.25,208.18.90.54,342,0.02261099999986982,regular http traffic
110.209.6.25,208.18.90.54,341,0.009237000000211992,regular http traffic
110.209.6.25,208.18.90.54,342,0.033637999999882595,regular http traffic
110.209.6.25,208.18.90.54,1315,113.11621999999988,regular http traffic
110.209.6.25,208.18.90.54,495,46.3090930000003,regular http traffic
