src_ip,dest_ip,pkt_size,time_diff,original_class
110.209.6.86,202.11.82.70,88,53.271614,regular http traffic
110.209.6.86,202.11.82.70,88,0.000252999999986514,regular http traffic
110.209.6.86,202.11.82.70,88,29.521826000000033,regular http traffic
110.209.6.86,202.11.82.70,88,0.00025399999998398926,regular http traffic
110.209.6.86,202.11.82.70,88,6.009754999999984,regular http traffic
110.209.6.86,202.11.82.70,88,2.942418000000032,regular http traffic
