src_ip,dest_ip,pkt_size,time_diff,original_class
110.209.6.55,130.68.81.91,127,45.27636899999993,regular http traffic
110.209.6.55,130.68.81.91,530,1.3783210000001418,regular http traffic
110.209.6.55,130.68.81.91,126,13.742285000000038,regular http traffic
110.209.6.55,130.68.81.91,200,3.1314319999999043,regular http traffic
110.209.6.55,130.68.81.91,129,61.90701600000011,regular http traffic
