src_ip,dest_ip,pkt_size,time_diff,original_class
110.209.6.25,194.9.8.51,579,0.5696820000002845,regular http traffic
110.209.6.25,194.9.8.51,647,0.0006990000001678709,regular http traffic
110.209.6.25,194.9.8.51,676,0.0009489999993093079,regular http traffic
110.209.6.25,194.9.8.51,677,0.0009479999998802668,regular http traffic
110.209.6.25,194.9.8.51,660,0.0008480000005874899,regular http traffic
110.209.6.25,194.9.8.51,729,1.4187709999996514,regular http traffic
110.209.6.25,194.9.8.51,729,1.0405280000004495,regular http traffic
