src_ip,dest_ip,pkt_size,time_diff,original_class
110.209.6.55,41.204.84.102,468,0.04591600000003382,regular http traffic
110.209.6.55,41.204.84.102,465,0.11675199999990582,regular http traffic
110.209.6.55,41.204.84.102,483,0.07052999999996246,regular http traffic
110.209.6.55,41.204.84.102,482,0.0015979999998307903,regular http traffic
110.209.6.55,41.204.84.102,515,0.07492199999978766,regular http traffic
110.209.6.55,41.204.84.102,494,0.0021530000003622263,regular http traffic
110.209.6.55,41.204.84.102,494,0.009527999999590975,regular http traffic
110.209.6.55,41.204.84.102,495,5.000000055588316e-05,regular http traffic
110.209.6.55,41.204.84.102,497,4.999999964638846e-05,regular http traffic
110.209.6.55,41.204.84.102,498,0.0002990000002682791,regular http traffic
110.209.6.55,41.204.84.102,460,0.009484000000156811,regular http traffic
110.209.6.55,41.204.84.102,463,0.2907569999997577,regular http traffic
110.209.6.55,41.204.84.102,465,0.042277999999896565,regular http traffic
110.209.6.55,41.204.84.102,495,0.022611999999753607,regular http traffic
110.209.6.55,41.204.84.102,494,1.8000000636675395e-05,regular http traffic
110.209.6.55,41.204.84.102,506,8.099999922706047e-05,regular http traffic
110.209.6.55,41.204.84.102,437,0.030100000000857108,regular http traffic
110.209.6.55,41.204.84.102,467,3.002409999999145,regular http traffic
110.209.6.55,41.204.84.102,618,10.141797000000224,regular http traffic
110.209.6.55,41.204.84.102,516,17.39832800000022,regular http traffic
