src_ip,dest_ip,pkt_size,time_diff,original_class
110.209.6.55,130.68.81.70,131,14.848138999999946,regular http traffic
110.209.6.55,130.68.81.70,121,13.297269000000142,regular http traffic
110.209.6.55,130.68.81.70,452,28.07577399999991,regular http traffic
110.209.6.55,130.68.81.70,245,4.977341000000024,regular http traffic
110.209.6.55,130.68.81.70,128,4.5754289999999855,regular http traffic
