src_ip,dest_ip,pkt_size,time_diff,original_class
110.209.6.54,110.209.6.25,665,600.536193,regular http traffic
110.209.6.54,110.209.6.25,665,600.488877,regular http traffic
110.209.6.54,110.209.6.25,665,600.0370720000001,regular http traffic
110.209.6.54,110.209.6.25,665,600.4979700000001,regular http traffic
110.209.6.54,110.209.6.25,665,600.496549,regular http traffic
110.209.6.54,110.209.6.25,665,600.0384529999997,regular http traffic
110.209.6.54,110.209.6.25,665,600.482148,regular http traffic
110.209.6.54,110.209.6.25,665,600.0721819999999,regular http traffic
110.209.6.54,110.209.6.25,665,600.5647140000001,regular http traffic
