src_ip,dest_ip,pkt_size,time_diff,original_class
110.209.6.55,130.68.81.90,530,47.04285499999992,regular http traffic
110.209.6.55,130.68.81.90,127,3.373160000000098,regular http traffic
110.209.6.55,130.68.81.90,200,13.130159999999933,regular http traffic
110.209.6.55,130.68.81.90,126,19.784388000000035,regular http traffic
