src_ip,dest_ip,pkt_size,time_diff,original_class
110.209.6.14,130.68.81.70,88,5.00577300000009,regular http traffic
110.209.6.14,130.68.81.70,92,0.005490999999892665,regular http traffic
110.209.6.14,130.68.81.70,219,134.07395100000008,regular http traffic
110.209.6.14,130.68.81.70,219,0.49302799999986746,regular http traffic
110.209.6.14,130.68.81.70,230,0.2869940000000497,regular http traffic
110.209.6.14,130.68.81.70,219,0.08026300000005904,regular http traffic
110.209.6.14,130.68.81.70,229,0.3836719999999332,regular http traffic
