src_ip,dest_ip,pkt_size,time_diff,original_class
110.209.6.86,202.11.82.91,440,0.19171299999999292,regular http traffic
110.209.6.86,202.11.82.91,470,2.990530000000035,regular http traffic
