src_ip,dest_ip,pkt_size,time_diff,original_class
110.209.6.61,69.178.85.15,88,0.0019019999999727588,regular http traffic
110.209.6.61,69.178.85.15,88,0.0018939999999929569,regular http traffic
110.209.6.61,69.178.85.15,76,1.9988409999996293,regular http traffic
110.209.6.61,69.178.85.15,344,30.25033300000041,regular http traffic
