src_ip,dest_ip,pkt_size,time_diff,original_class
110.209.6.86,202.11.82.90,421,0.08375599999999395,regular http traffic
110.209.6.86,202.11.82.90,451,3.0087449999999762,regular http traffic
110.209.6.86,202.11.82.90,444,1.347823999999946,regular http traffic
110.209.6.86,202.11.82.90,449,30.12781300000006,regular http traffic
110.209.6.86,202.11.82.90,567,142.79308000000003,regular http traffic
110.209.6.86,202.11.82.90,440,5.1759289999999964,regular http traffic
110.209.6.86,202.11.82.90,466,16.718140999999946,regular http traffic
110.209.6.86,202.11.82.90,443,0.22764900000004218,regular http traffic
110.209.6.86,202.11.82.90,444,0.1403530000000046,regular http traffic
110.209.6.86,202.11.82.90,449,0.00040300000000570435,regular http traffic
110.209.6.86,202.11.82.90,447,0.016117000000008375,regular http traffic
110.209.6.86,202.11.82.90,478,5.0999999984924216e-05,regular http traffic
110.209.6.86,202.11.82.90,478,0.0004480000000057771,regular http traffic
110.209.6.86,202.11.82.90,479,0.0057939999999234715,regular http traffic
110.209.6.86,202.11.82.90,446,0.3040600000000495,regular http traffic
110.209.6.86,202.11.82.90,446,0.0010479999999688516,regular http traffic
110.209.6.86,202.11.82.90,224,52.45901100000003,regular http traffic
110.209.6.86,202.11.82.90,233,66.25979299999995,regular http traffic
110.209.6.86,202.11.82.90,250,4.3113539999999375,regular http traffic
110.209.6.86,202.11.82.90,224,49.448666,regular http traffic
110.209.6.86,202.11.82.90,224,3.578045000000202,regular http traffic
110.209.6.86,202.11.82.90,233,21.498619999999846,regular http traffic
110.209.6.86,202.11.82.90,233,2.516064000000142,regular http traffic
