src_ip,dest_ip,pkt_size,time_diff,original_class
110.209.6.55,150.204.83.91,220,11.085444999999993,regular http traffic
110.209.6.55,150.204.83.91,220,0.13748100000000818,regular http traffic
110.209.6.55,150.204.83.91,230,2.800000000036107e-05,regular http traffic
110.209.6.55,150.204.83.91,231,0.16171099999999683,regular http traffic
110.209.6.55,150.204.83.91,220,0.08589899999999773,regular http traffic
