src_ip,dest_ip,pkt_size,time_diff,original_class
110.209.6.52,202.11.82.70,578,60.17366800000002,regular http traffic
110.209.6.52,202.11.82.70,558,0.006338999999968564,regular http traffic
110.209.6.52,202.11.82.70,576,5.000000004429239e-05,regular http traffic
110.209.6.52,202.11.82.70,578,4.999999998744897e-05,regular http traffic
110.209.6.52,202.11.82.70,561,0.01597399999997151,regular http traffic
110.209.6.52,202.11.82.70,554,4.6999999995023245e-05,regular http traffic
110.209.6.52,202.11.82.70,555,5.1000000041767635e-05,regular http traffic
110.209.6.52,202.11.82.70,485,4.899999998997373e-05,regular http traffic
110.209.6.52,202.11.82.70,626,21.523324000000002,regular http traffic
