src_ip,dest_ip,pkt_size,time_diff,original_class
110.209.6.55,130.68.81.102,464,17.790852000000086,regular http traffic
110.209.6.55,130.68.81.102,93,0.0025920000000496657,regular http traffic
110.209.6.55,130.68.81.102,170,0.5133479999999508,regular http traffic
110.209.6.55,130.68.81.102,170,1.237468999999919,regular http traffic
110.209.6.55,130.68.81.102,1032,46.97831700000006,regular http traffic
110.209.6.55,130.68.81.102,320,14.092118000000028,regular http traffic
110.209.6.55,130.68.81.102,138,9.171689000000015,regular http traffic
110.209.6.55,130.68.81.102,138,8.877206999999999,regular http traffic
110.209.6.55,130.68.81.102,138,6.849430999999868,regular http traffic
110.209.6.55,130.68.81.102,138,14.404219000000012,regular http traffic
110.209.6.55,130.68.81.102,138,4.2176670000001195,regular http traffic
110.209.6.55,130.68.81.102,138,8.410779000000048,regular http traffic
