src_ip,dest_ip,pkt_size,time_diff,original_class
110.209.6.55,150.204.83.102,221,11.067147000000006,regular http traffic
110.209.6.55,150.204.83.102,231,0.00010199999999827014,regular http traffic
110.209.6.55,150.204.83.102,221,0.13735599999999692,regular http traffic
110.209.6.55,150.204.83.102,221,0.2476130000000012,regular http traffic
110.209.6.55,150.204.83.102,232,0.16775499999999965,regular http traffic
