src_ip,dest_ip,pkt_size,time_diff,original_class
110.209.6.186,202.11.82.253,436,50.72137299999986,regular http traffic
110.209.6.186,202.11.82.253,436,60.01879100000042,regular http traffic
110.209.6.186,202.11.82.253,436,60.02018700000008,regular http traffic
110.209.6.186,202.11.82.253,436,60.01919099999941,regular http traffic
110.209.6.186,202.11.82.253,436,60.01969000000008,regular http traffic
110.209.6.186,202.11.82.253,436,60.02173700000003,regular http traffic
110.209.6.186,202.11.82.253,436,60.02201000000059,regular http traffic
110.209.6.186,202.11.82.253,436,60.02727199999936,regular http traffic
110.209.6.186,202.11.82.253,436,60.026184000000285,regular http traffic
110.209.6.186,202.11.82.253,436,60.02472300000045,regular http traffic
110.209.6.186,202.11.82.253,436,54.64903400000003,regular http traffic
110.209.6.186,202.11.82.253,436,5.374532999999246,regular http traffic
110.209.6.186,202.11.82.253,436,60.02638300000035,regular http traffic
110.209.6.186,202.11.82.253,436,60.02626400000008,regular http traffic
110.209.6.186,202.11.82.253,436,60.02566300000035,regular http traffic
110.209.6.186,202.11.82.253,436,60.041298999999526,regular http traffic
110.209.6.186,202.11.82.253,436,60.02545100000043,regular http traffic
110.209.6.186,202.11.82.253,436,60.550709999999526,regular http traffic
110.209.6.186,202.11.82.253,436,60.02224099999967,regular http traffic
110.209.6.186,202.11.82.253,436,60.02014500000041,regular http traffic
110.209.6.186,202.11.82.253,436,60.021240000000034,regular http traffic
110.209.6.186,202.11.82.253,436,60.06321899999966,regular http traffic
110.209.6.186,202.11.82.253,436,60.02154200000041,regular http traffic
110.209.6.186,202.11.82.253,436,60.02114299999994,regular http traffic
110.209.6.186,202.11.82.253,436,60.02139999999963,regular http traffic
110.209.6.186,202.11.82.253,436,60.019538000000466,regular http traffic
110.209.6.186,202.11.82.253,436,60.02250699999968,regular http traffic
110.209.6.186,202.11.82.253,436,60.024272999999994,regular http traffic
110.209.6.186,202.11.82.253,436,60.024601000000075,regular http traffic
110.209.6.186,202.11.82.253,436,60.020800000000236,regular http traffic
110.209.6.186,202.11.82.253,436,60.02398600000015,regular http traffic
110.209.6.186,202.11.82.253,436,60.02334900000005,regular http traffic
110.209.6.186,202.11.82.253,436,16.809634999999616,regular http traffic
