src_ip,dest_ip,pkt_size,time_diff,original_class
110.209.6.62,69.178.85.15,88,5.000000010113581e-05,regular http traffic
110.209.6.62,69.178.85.15,92,0.003744000000097003,regular http traffic
110.209.6.62,69.178.85.15,88,0.3917639999999665,regular http traffic
110.209.6.62,69.178.85.15,92,4.606038999999782,regular http traffic
110.209.6.62,69.178.85.15,92,0.39386100000001534,regular http traffic
110.209.6.62,69.178.85.15,123,9.754527999999937,regular http traffic
110.209.6.62,69.178.85.15,76,0.2642380000002049,regular http traffic
110.209.6.62,69.178.85.15,80,5.001146999999946,regular http traffic
110.209.6.62,69.178.85.15,123,32.129969000000074,regular http traffic
110.209.6.62,69.178.85.15,111,10.38292999999976,regular http traffic
