src_ip,dest_ip,pkt_size,time_diff,original_class
110.209.6.25,217.22.112.14,506,0.01302700000000101,regular http traffic
110.209.6.25,217.22.112.14,355,318.92125599999997,regular http traffic
110.209.6.25,217.22.112.14,355,0.005690000000015516,regular http traffic
110.209.6.25,217.22.112.14,829,15.469337999999993,regular http traffic
110.209.6.25,217.22.112.14,354,0.006084999999984575,regular http traffic
110.209.6.25,217.22.112.14,355,0.0014960000000314722,regular http traffic
110.209.6.25,217.22.112.14,353,0.06174199999998109,regular http traffic
110.209.6.25,217.22.112.14,354,0.013174999999989723,regular http traffic
110.209.6.25,217.22.112.14,355,48.43706400000002,regular http traffic
