src_ip,dest_ip,pkt_size,time_diff,original_class
110.209.6.25,110.209.6.54,1229,600.5370989999999,regular http traffic
110.209.6.25,110.209.6.54,1229,600.487121,regular http traffic
110.209.6.25,110.209.6.54,1229,600.038667,regular http traffic
110.209.6.25,110.209.6.54,1229,600.4982229999998,regular http traffic
110.209.6.25,110.209.6.54,1229,600.495946,regular http traffic
110.209.6.25,110.209.6.54,1229,600.0378600000004,regular http traffic
110.209.6.25,110.209.6.54,1229,600.4814970000002,regular http traffic
110.209.6.25,110.209.6.54,1229,600.0719839999992,regular http traffic
110.209.6.25,110.209.6.54,1229,600.5656779999999,regular http traffic
