src_ip,dest_ip,pkt_size,time_diff,original_class
110.209.6.55,130.68.81.89,169,86.8705739999998,regular http traffic
110.209.6.55,130.68.81.89,169,1.3647950000001856,regular http traffic
110.209.6.55,130.68.81.89,169,1.2299319999999625,regular http traffic
110.209.6.55,130.68.81.89,438,1.2622730000000502,regular http traffic
110.209.6.55,130.68.81.89,665,3.8414309999998295,regular http traffic
