src_ip,dest_ip,pkt_size,time_diff,original_class
115.239.210.141,10.8.0.6,836,0.0226120000006631,regular http traffic
115.239.210.141,10.8.0.6,948,0.0595869999997376,regular http traffic
115.239.210.141,10.8.0.6,647,0.012171000000307686,regular http traffic
115.239.210.141,10.8.0.6,675,0.010606999999254185,regular http traffic
115.239.210.141,10.8.0.6,792,0.637220000000525,regular http traffic
115.239.210.141,10.8.0.6,919,0.18418099999962578,regular http traffic
115.239.210.141,10.8.0.6,904,0.01029500000004191,regular http traffic
115.239.210.141,10.8.0.6,216,0.0687950000001365,regular http traffic
115.239.210.141,10.8.0.6,969,0.017283000000134052,regular http traffic
