src_ip,dest_ip,pkt_size,time_diff,original_class
123.58.182.252,10.8.0.6,91,0.1281420000000253,regular http traffic
123.58.182.252,10.8.0.6,525,0.338680999999724,regular http traffic
123.58.182.252,10.8.0.6,72,0.006890999999995984,regular http traffic
123.58.182.252,10.8.0.6,391,0.012387000000217085,regular http traffic
123.58.182.252,10.8.0.6,1398,0.296954999999798,regular http traffic
123.58.182.252,10.8.0.6,1398,4.5000000227446435e-05,regular http traffic
123.58.182.252,10.8.0.6,1398,3.000000106112566e-06,regular http traffic
123.58.182.252,10.8.0.6,72,0.02816499999971711,regular http traffic
123.58.182.252,10.8.0.6,713,0.009324999999989814,regular http traffic
123.58.182.252,10.8.0.6,1398,0.2999720000002526,regular http traffic
123.58.182.252,10.8.0.6,1398,2.099999983329326e-05,regular http traffic
123.58.182.252,10.8.0.6,1398,0.0008880000000317523,regular http traffic
123.58.182.252,10.8.0.6,1398,1.0000000202126103e-05,regular http traffic
123.58.182.252,10.8.0.6,1398,1.5999999959603883e-05,regular http traffic
123.58.182.252,10.8.0.6,1398,1.99999976757681e-06,regular http traffic
123.58.182.252,10.8.0.6,1097,0.23597400000016933,regular http traffic
123.58.182.252,10.8.0.6,325,0.06237099999998463,regular http traffic
123.58.182.252,10.8.0.6,414,1.8552930000000742,regular http traffic
