src_ip,dest_ip,pkt_size,time_diff,original_class
124.239.226.1,10.8.0.6,101,0.30845399999998335,regular http traffic
124.239.226.1,10.8.0.6,908,1.3045640000000276,regular http traffic
124.239.226.1,10.8.0.6,955,0.6117909999998119,regular http traffic
