src_ip,dest_ip,pkt_size,time_diff,original_class
128.65.210.196,10.8.0.6,340,0.03188199999931385,regular http traffic
128.65.210.196,10.8.0.6,705,0.24508900000000722,regular http traffic
128.65.210.196,10.8.0.6,282,0.018731000000116182,regular http traffic
128.65.210.196,10.8.0.6,939,6.28237000000081,regular http traffic
128.65.210.196,10.8.0.6,412,1.5469730000004347,regular http traffic
128.65.210.196,10.8.0.6,813,0.3619559999988269,regular http traffic
128.65.210.196,10.8.0.6,473,0.006041000000550412,regular http traffic
128.65.210.196,10.8.0.6,1083,0.29823600000054284,regular http traffic
