src_ip,dest_ip,pkt_size,time_diff,original_class
128.65.210.184,10.8.0.6,986,1.2432450000005701,regular http traffic
128.65.210.184,10.8.0.6,311,0.08027099999981147,regular http traffic
128.65.210.184,10.8.0.6,726,0.0008010000001377193,regular http traffic
128.65.210.184,10.8.0.6,996,0.0288460000001578,regular http traffic
128.65.210.184,10.8.0.6,455,0.5780369999993127,regular http traffic
128.65.210.184,10.8.0.6,1380,0.4039419999999154,regular http traffic
