src_ip,dest_ip,pkt_size,time_diff,original_class
128.65.210.185,10.8.0.6,1028,0.7410950000048615,regular http traffic
128.65.210.185,10.8.0.6,811,0.004931999996188097,regular http traffic
128.65.210.185,10.8.0.6,535,0.003372999999555759,regular http traffic
128.65.210.185,10.8.0.6,560,0.10049900000740308,regular http traffic
128.65.210.185,10.8.0.6,125,16.40798899999936,regular http traffic
128.65.210.185,10.8.0.6,1232,0.8487179999938235,regular http traffic
