src_ip,dest_ip,pkt_size,time_diff,original_class
13.115.198.113,10.8.0.6,783,0.002252000000225962,regular http traffic
13.115.198.113,10.8.0.6,782,0.04209199999968405,regular http traffic
