src_ip,dest_ip,pkt_size,time_diff,original_class
130.68.81.253,157.99.66.57,779,10.524805000000015,regular http traffic
130.68.81.253,157.99.66.57,634,0.003493999999591324,regular http traffic
130.68.81.253,157.99.66.57,635,0.06829800000014075,regular http traffic
130.68.81.253,157.99.66.57,779,0.049045000000660366,regular http traffic
130.68.81.253,157.99.66.57,779,0.2116280000000188,regular http traffic
