src_ip,dest_ip,pkt_size,time_diff,original_class
130.68.81.89,157.99.66.52,730,0.14399599999990187,regular http traffic
130.68.81.89,157.99.66.52,730,2.9784400000000915,regular http traffic
