src_ip,dest_ip,pkt_size,time_diff,original_class
130.68.81.91,110.209.6.186,175,3298.8890300000003,regular http traffic
130.68.81.91,110.209.6.186,175,7.972467999999935,regular http traffic
