src_ip,dest_ip,pkt_size,time_diff,original_class
130.68.81.102,208.18.90.65,219,11.073671999999988,regular http traffic
130.68.81.102,208.18.90.65,564,0.07014200000003257,regular http traffic
130.68.81.102,208.18.90.65,79,802.2817319999999,regular http traffic
130.68.81.102,208.18.90.65,219,16.905291000000034,regular http traffic
130.68.81.102,208.18.90.65,564,0.004247999999961394,regular http traffic
