src_ip,dest_ip,pkt_size,time_diff,original_class
130.68.81.91,110.209.6.55,739,45.27641799999992,regular http traffic
130.68.81.91,110.209.6.55,757,1.3782220000000507,regular http traffic
130.68.81.91,110.209.6.55,738,13.742932999999994,regular http traffic
130.68.81.91,110.209.6.55,793,3.130534000000125,regular http traffic
130.68.81.91,110.209.6.55,809,61.90661399999999,regular http traffic
