src_ip,dest_ip,pkt_size,time_diff,original_class
130.68.81.70,110.209.6.55,1174,15.104184999999916,regular http traffic
130.68.81.70,110.209.6.55,809,13.04007200000001,regular http traffic
130.68.81.70,110.209.6.55,1174,24.98871700000018,regular http traffic
130.68.81.70,110.209.6.55,740,3.0877100000000155,regular http traffic
130.68.81.70,110.209.6.55,1174,1.3047499999997854,regular http traffic
130.68.81.70,110.209.6.55,1193,3.886502000000064,regular http traffic
130.68.81.70,110.209.6.55,1174,1.0712120000000596,regular http traffic
130.68.81.70,110.209.6.55,1174,3.25052299999993,regular http traffic
130.68.81.70,110.209.6.55,738,0.039729000000079395,regular http traffic
130.68.81.70,110.209.6.55,1174,4.262140999999929,regular http traffic
130.68.81.70,110.209.6.55,1174,3.6688349999999446,regular http traffic
130.68.81.70,110.209.6.55,1174,7.476575000000139,regular http traffic
130.68.81.70,110.209.6.55,1174,2.4207349999999224,regular http traffic
130.68.81.70,110.209.6.55,1174,19.25027799999998,regular http traffic
130.68.81.70,110.209.6.55,1174,0.005241000000069107,regular http traffic
130.68.81.70,110.209.6.55,1174,11.438893000000007,regular http traffic
130.68.81.70,110.209.6.55,1174,0.0060920000000805885,regular http traffic
130.68.81.70,110.209.6.55,1174,0.011127999999871463,regular http traffic
130.68.81.70,110.209.6.55,1174,1.3895019999999931,regular http traffic
130.68.81.70,110.209.6.55,1174,3.1246439999999893,regular http traffic
130.68.81.70,110.209.6.55,1174,6.0434999999999945,regular http traffic
130.68.81.70,110.209.6.55,1174,18.979757000000063,regular http traffic
130.68.81.70,110.209.6.55,1174,0.0003010000000358559,regular http traffic
130.68.81.70,110.209.6.55,1174,0.0003979999999046413,regular http traffic
130.68.81.70,110.209.6.55,1174,0.00034900000014204124,regular http traffic
