src_ip,dest_ip,pkt_size,time_diff,original_class
130.68.81.253,66.201.189.14,779,9.582656999999983,regular http traffic
130.68.81.253,66.201.189.14,634,0.0011999999999829924,regular http traffic
130.68.81.253,66.201.189.14,779,0.10707700000000386,regular http traffic
130.68.81.253,66.201.189.14,635,0.15016000000002805,regular http traffic
130.68.81.253,66.201.189.14,779,0.064391999999998,regular http traffic
