src_ip,dest_ip,pkt_size,time_diff,original_class
130.68.81.253,66.201.189.54,779,28.73982000000001,regular http traffic
130.68.81.253,66.201.189.54,779,0.5136740000000373,regular http traffic
130.68.81.253,66.201.189.54,634,0.5138240000001133,regular http traffic
