src_ip,dest_ip,pkt_size,time_diff,original_class
130.68.81.102,66.201.189.60,219,16.93189999999595,regular http traffic
130.68.81.102,66.201.189.60,564,0.004216000001179054,regular http traffic
130.68.81.102,66.201.189.60,564,64.50129200000083,regular http traffic
130.68.81.102,66.201.189.60,79,0.1740740000095684,regular http traffic
130.68.81.102,66.201.189.60,564,2.0909580000006827,regular http traffic
130.68.81.102,66.201.189.60,83,1.1290059999882942,regular http traffic
130.68.81.102,66.201.189.60,79,0.1574220000038622,regular http traffic
130.68.81.102,66.201.189.60,564,2.5151089999999385,regular http traffic
