src_ip,dest_ip,pkt_size,time_diff,original_class
130.68.81.102,66.201.189.54,79,31.478277000000162,regular http traffic
130.68.81.102,66.201.189.54,83,0.0070909999999457796,regular http traffic
130.68.81.102,66.201.189.54,79,0.0012019999999210995,regular http traffic
130.68.81.102,66.201.189.54,1083,0.3642050000000836,regular http traffic
