src_ip,dest_ip,pkt_size,time_diff,original_class
130.68.81.89,110.209.6.55,740,86.87087399999996,regular http traffic
130.68.81.89,110.209.6.55,740,1.3641470000000027,regular http traffic
130.68.81.89,110.209.6.55,740,1.2306810000000041,regular http traffic
130.68.81.89,110.209.6.55,746,1.2616270000000895,regular http traffic
130.68.81.89,110.209.6.55,466,3.8416799999999967,regular http traffic
