src_ip,dest_ip,pkt_size,time_diff,original_class
130.68.81.102,157.99.66.52,219,23.02294399999664,regular http traffic
130.68.81.102,157.99.66.52,564,0.033511000001453795,regular http traffic
