src_ip,dest_ip,pkt_size,time_diff,original_class
130.68.81.90,208.18.90.42,186,0.02899600000000646,regular http traffic
130.68.81.90,208.18.90.42,180,175.5183709999999,regular http traffic
130.68.81.90,208.18.90.42,186,0.015169000000014421,regular http traffic
130.68.81.90,208.18.90.42,180,124.34195000000022,regular http traffic
130.68.81.90,208.18.90.42,186,0.013976999999613327,regular http traffic
