src_ip,dest_ip,pkt_size,time_diff,original_class
130.68.81.70,110.209.6.14,1215,139.18569200000002,regular http traffic
130.68.81.70,110.209.6.14,1215,0.3857179999999971,regular http traffic
130.68.81.70,110.209.6.14,750,0.15956899999991947,regular http traffic
130.68.81.70,110.209.6.14,1215,0.1781869999999799,regular http traffic
130.68.81.70,110.209.6.14,749,0.2856450000001587,regular http traffic
