src_ip,dest_ip,pkt_size,time_diff,original_class
130.68.81.102,217.22.112.14,219,43.53271599999994,regular http traffic
130.68.81.102,217.22.112.14,233,15.586641999999983,regular http traffic
