src_ip,dest_ip,pkt_size,time_diff,original_class
130.68.81.253,110.209.6.55,859,26.829026999999996,regular http traffic
130.68.81.253,110.209.6.55,645,10.476236999999855,regular http traffic
130.68.81.253,110.209.6.55,621,24.764462000000094,regular http traffic
130.68.81.253,110.209.6.55,648,22.380214999999907,regular http traffic
