src_ip,dest_ip,pkt_size,time_diff,original_class
130.68.81.102,217.22.112.71,83,0.017374000000017986,regular http traffic
130.68.81.102,217.22.112.71,83,0.015027999999801978,regular http traffic
