src_ip,dest_ip,pkt_size,time_diff,original_class
130.68.81.103,157.99.66.14,551,0.0007020000000466098,regular http traffic
130.68.81.103,157.99.66.14,551,0.1358060000000023,regular http traffic
