src_ip,dest_ip,pkt_size,time_diff,original_class
130.68.81.253,194.9.8.22,801,2.0867729999999938,regular http traffic
130.68.81.253,194.9.8.22,801,2.2162450000000717,regular http traffic
130.68.81.253,194.9.8.22,801,2.690009999999802,regular http traffic
130.68.81.253,194.9.8.22,801,3.8105370000000676,regular http traffic
130.68.81.253,194.9.8.22,801,5.796383999999989,regular http traffic
