src_ip,dest_ip,pkt_size,time_diff,original_class
130.68.81.70,157.99.66.14,749,0.030597999999997683,regular http traffic
130.68.81.70,157.99.66.14,978,40.04398800000001,regular http traffic
130.68.81.70,157.99.66.14,978,5.009225999999984,regular http traffic
130.68.81.70,157.99.66.14,750,3.0097430000000145,regular http traffic
130.68.81.70,157.99.66.14,978,1.9985279999999932,regular http traffic
130.68.81.70,157.99.66.14,1000,10.016750000000002,regular http traffic
130.68.81.70,157.99.66.14,1000,16.060450000000003,regular http traffic
130.68.81.70,157.99.66.14,1000,16.079267000000016,regular http traffic
