src_ip,dest_ip,pkt_size,time_diff,original_class
130.68.81.90,194.9.8.51,730,0.039781999999998874,regular http traffic
130.68.81.90,194.9.8.51,730,3.018329000000005,regular http traffic
