src_ip,dest_ip,pkt_size,time_diff,original_class
130.68.81.91,217.22.112.14,77,8.332965000000002,regular http traffic
130.68.81.91,217.22.112.14,77,4.09778,regular http traffic
130.68.81.91,217.22.112.14,77,20.127180999999993,regular http traffic
130.68.81.91,217.22.112.14,77,3.6115860000000026,regular http traffic
130.68.81.91,217.22.112.14,728,356.442915,regular http traffic
