src_ip,dest_ip,pkt_size,time_diff,original_class
130.68.81.102,157.99.66.56,219,23.138382999999976,regular http traffic
130.68.81.102,157.99.66.56,564,0.010981000000015229,regular http traffic
