src_ip,dest_ip,pkt_size,time_diff,original_class
131.202.240.150,23.21.145.72,843,28.024481058120728,regular http traffic
131.202.240.150,23.21.145.72,805,1.9771409034729004,regular http traffic
