src_ip,dest_ip,pkt_size,time_diff,original_class
131.202.240.101,54.192.55.130,605,2.8848648071289062e-05,regular http traffic
131.202.240.101,54.192.55.130,605,0.279522180557251,regular http traffic
131.202.240.101,54.192.55.130,606,0.00019502639770507812,regular http traffic
131.202.240.101,54.192.55.130,606,0.0007588863372802734,regular http traffic
131.202.240.101,54.192.55.130,606,0.00020194053649902344,regular http traffic
131.202.240.101,54.192.55.130,605,0.35213303565979004,regular http traffic
