src_ip,dest_ip,pkt_size,time_diff,original_class
131.202.240.101,54.230.52.30,588,0.006283998489379883,regular http traffic
131.202.240.101,54.230.52.30,580,7.9777069091796875,regular http traffic
131.202.240.101,54.230.52.30,580,7.498751163482666,regular http traffic
131.202.240.101,54.230.52.30,580,7.498778820037842,regular http traffic
131.202.240.101,54.230.52.30,581,8.566920042037964,regular http traffic
