src_ip,dest_ip,pkt_size,time_diff,original_class
131.202.240.101,54.90.1.43,1837,0.0974738597869873,regular http traffic
131.202.240.101,54.90.1.43,1775,0.060111045837402344,regular http traffic
131.202.240.101,54.90.1.43,1778,0.09195613861083984,regular http traffic
131.202.240.101,54.90.1.43,1801,7.964367866516113,regular http traffic
131.202.240.101,54.90.1.43,1811,7.498788118362427,regular http traffic
131.202.240.101,54.90.1.43,1818,7.498323917388916,regular http traffic
131.202.240.101,54.90.1.43,1823,7.555588006973267,regular http traffic
131.202.240.101,54.90.1.43,1823,1.2934401035308838,regular http traffic
