src_ip,dest_ip,pkt_size,time_diff,original_class
131.202.240.101,216.58.219.194,583,0.0018548965454101562,regular http traffic
131.202.240.101,216.58.219.194,617,41.77003812789917,regular http traffic
131.202.240.101,216.58.219.194,583,0.029013872146606445,regular http traffic
