src_ip,dest_ip,pkt_size,time_diff,original_class
131.202.240.101,199.38.164.52,1538,21.126595973968506,regular http traffic
131.202.240.101,199.38.164.52,1538,22.1406991481781,regular http traffic
131.202.240.101,199.38.164.52,1538,86.82800793647766,regular http traffic
131.202.240.101,199.38.164.52,1537,21.4336359500885,regular http traffic
131.202.240.101,199.38.164.52,1540,46.80566716194153,regular http traffic
