src_ip,dest_ip,pkt_size,time_diff,original_class
131.202.240.183,131.202.240.87,882,0.9884300231933594,regular http traffic
131.202.240.183,131.202.240.87,882,4.997980117797852,regular http traffic
131.202.240.183,131.202.240.87,882,6.002046823501587,regular http traffic
131.202.240.183,131.202.240.87,882,5.005319118499756,regular http traffic
