src_ip,dest_ip,pkt_size,time_diff,original_class
131.202.240.150,216.58.219.238,503,0.539452075958252,regular http traffic
131.202.240.150,216.58.219.238,503,0.05360603332519531,regular http traffic
131.202.240.150,216.58.219.238,503,0.15581893920898438,regular http traffic
