src_ip,dest_ip,pkt_size,time_diff,original_class
131.202.240.86,184.26.44.96,296,5.0047008991241455,regular http traffic
131.202.240.86,184.26.44.96,296,0.04282689094543457,regular http traffic
