src_ip,dest_ip,pkt_size,time_diff,original_class
131.202.240.87,50.7.70.210,615,301.92745089530945,regular http traffic
131.202.240.87,50.7.70.210,614,245.86138200759888,regular http traffic
131.202.240.87,50.7.70.210,614,302.1629159450531,regular http traffic
