src_ip,dest_ip,pkt_size,time_diff,original_class
131.202.240.87,131.202.240.235,144,0.03160691261291504,regular http traffic
131.202.240.87,131.202.240.235,144,5.9702229499816895,regular http traffic
131.202.240.87,131.202.240.235,144,4.025820016860962,regular http traffic
131.202.240.87,131.202.240.235,144,6.971685171127319,regular http traffic
