src_ip,dest_ip,pkt_size,time_diff,original_class
131.202.240.101,38.71.5.33,2296,0.0024259090423583984,regular http traffic
131.202.240.101,38.71.5.33,2601,4.082329034805298,regular http traffic
131.202.240.101,38.71.5.33,2596,3.6262779235839844,regular http traffic
131.202.240.101,38.71.5.33,2601,3.611751079559326,regular http traffic
131.202.240.101,38.71.5.33,643,3.7586169242858887,regular http traffic
131.202.240.101,38.71.5.33,2599,26.32737112045288,regular http traffic
131.202.240.101,38.71.5.33,2594,0.04937601089477539,regular http traffic
131.202.240.101,38.71.5.33,2602,4.5595550537109375,regular http traffic
131.202.240.101,38.71.5.33,2597,3.6367650032043457,regular http traffic
131.202.240.101,38.71.5.33,2602,3.6634979248046875,regular http traffic
131.202.240.101,38.71.5.33,644,3.630828857421875,regular http traffic
