src_ip,dest_ip,pkt_size,time_diff,original_class
131.202.240.101,74.217.63.32,582,0.46465516090393066,regular http traffic
131.202.240.101,74.217.63.32,673,0.07332396507263184,regular http traffic
131.202.240.101,74.217.63.32,640,21.999544858932495,regular http traffic
131.202.240.101,74.217.63.32,575,3.2233781814575195,regular http traffic
131.202.240.101,74.217.63.32,661,0.0021359920501708984,regular http traffic
131.202.240.101,74.217.63.32,636,0.24108386039733887,regular http traffic
131.202.240.101,74.217.63.32,640,36.63027215003967,regular http traffic
