src_ip,dest_ip,pkt_size,time_diff,original_class
131.202.240.101,66.150.114.32,666,0.2555410861968994,regular http traffic
131.202.240.101,66.150.114.32,646,0.2953460216522217,regular http traffic
131.202.240.101,66.150.114.32,614,41.01108193397522,regular http traffic
131.202.240.101,66.150.114.32,666,0.19990801811218262,regular http traffic
131.202.240.101,66.150.114.32,646,0.2827720642089844,regular http traffic
