src_ip,dest_ip,pkt_size,time_diff,original_class
131.202.240.87,131.202.240.183,141,0.9891209602355957,regular http traffic
131.202.240.87,131.202.240.183,141,4.997200012207031,regular http traffic
131.202.240.87,131.202.240.183,141,6.001576900482178,regular http traffic
131.202.240.87,131.202.240.183,141,5.00610613822937,regular http traffic
