src_ip,dest_ip,pkt_size,time_diff,original_class
131.202.240.101,204.154.111.224,1799,0.02389812469482422,regular http traffic
131.202.240.101,204.154.111.224,1799,41.7185959815979,regular http traffic
131.202.240.101,204.154.111.224,1550,0.16889691352844238,regular http traffic
131.202.240.101,204.154.111.224,1550,190.0347409248352,regular http traffic
131.202.240.101,204.154.111.224,1550,162.66916704177856,regular http traffic
131.202.240.101,204.154.111.224,1799,0.2261350154876709,regular http traffic
131.202.240.101,204.154.111.224,1550,25.814597129821777,regular http traffic
131.202.240.101,204.154.111.224,1799,0.030192852020263672,regular http traffic
