src_ip,dest_ip,pkt_size,time_diff,original_class
131.202.240.101,50.23.115.131,673,162.6742069721222,regular http traffic
131.202.240.101,50.23.115.131,673,25.986183881759644,regular http traffic
