src_ip,dest_ip,pkt_size,time_diff,original_class
131.202.240.101,74.217.63.60,676,18.744853973388672,regular http traffic
131.202.240.101,74.217.63.60,676,18.622775077819824,regular http traffic
131.202.240.101,74.217.63.60,676,18.432262897491455,regular http traffic
131.202.240.101,74.217.63.60,676,143.86799597740173,regular http traffic
131.202.240.101,74.217.63.60,676,21.10646390914917,regular http traffic
131.202.240.101,74.217.63.60,676,22.09603714942932,regular http traffic
131.202.240.101,74.217.63.60,676,86.89559006690979,regular http traffic
131.202.240.101,74.217.63.60,676,21.437094926834106,regular http traffic
131.202.240.101,74.217.63.60,676,22.240871906280518,regular http traffic
