src_ip,dest_ip,pkt_size,time_diff,original_class
131.202.240.101,74.217.78.213,695,0.08008909225463867,regular http traffic
131.202.240.101,74.217.78.213,693,0.01409006118774414,regular http traffic
131.202.240.101,74.217.78.213,687,0.16296100616455078,regular http traffic
131.202.240.101,74.217.78.213,688,0.08422684669494629,regular http traffic
