src_ip,dest_ip,pkt_size,time_diff,original_class
131.202.240.101,54.218.59.207,1038,5.0067901611328125e-05,regular http traffic
131.202.240.101,54.218.59.207,883,0.3204021453857422,regular http traffic
131.202.240.101,54.218.59.207,891,4.00183892250061,regular http traffic
131.202.240.101,54.218.59.207,886,3.7325439453125,regular http traffic
131.202.240.101,54.218.59.207,891,3.7261240482330322,regular http traffic
