src_ip,dest_ip,pkt_size,time_diff,original_class
131.202.240.242,38.124.168.119,273,2.212022066116333,regular http traffic
131.202.240.242,38.124.168.119,294,0.1670989990234375,regular http traffic
131.202.240.242,38.124.168.119,275,1.3246419429779053,regular http traffic
131.202.240.242,38.124.168.119,296,0.19952392578125,regular http traffic
131.202.240.242,38.124.168.119,277,1.3281500339508057,regular http traffic
131.202.240.242,38.124.168.119,277,0.18575501441955566,regular http traffic
131.202.240.242,38.124.168.119,277,0.13646912574768066,regular http traffic
131.202.240.242,38.124.168.119,277,0.13147902488708496,regular http traffic
131.202.240.242,38.124.168.119,277,0.13770699501037598,regular http traffic
131.202.240.242,38.124.168.119,279,0.12625694274902344,regular http traffic
131.202.240.242,38.124.168.119,279,0.2648799419403076,regular http traffic
131.202.240.242,38.124.168.119,279,0.14135289192199707,regular http traffic
131.202.240.242,38.124.168.119,279,0.14758610725402832,regular http traffic
