src_ip,dest_ip,pkt_size,time_diff,original_class
131.202.240.101,107.21.249.217,766,0.5013289451599121,regular http traffic
131.202.240.101,107.21.249.217,785,22.221811056137085,regular http traffic
131.202.240.101,107.21.249.217,785,40.10461497306824,regular http traffic
131.202.240.101,107.21.249.217,785,240.16328310966492,regular http traffic
131.202.240.101,107.21.249.217,785,22.20922589302063,regular http traffic
131.202.240.101,107.21.249.217,785,27.573092937469482,regular http traffic
131.202.240.101,107.21.249.217,785,26.007521152496338,regular http traffic
