src_ip,dest_ip,pkt_size,time_diff,original_class
131.202.240.87,68.67.153.41,890,0.40926098823547363,regular http traffic
131.202.240.87,68.67.153.41,385,302.7901089191437,regular http traffic
131.202.240.87,68.67.153.41,390,0.8625891208648682,regular http traffic
