src_ip,dest_ip,pkt_size,time_diff,original_class
131.202.240.101,74.217.63.13,676,282.2638530731201,regular http traffic
131.202.240.101,74.217.63.13,676,21.395076990127563,regular http traffic
131.202.240.101,74.217.63.13,676,21.2249538898468,regular http traffic
131.202.240.101,74.217.63.13,676,91.57654213905334,regular http traffic
131.202.240.101,74.217.63.13,676,21.741719961166382,regular http traffic
131.202.240.101,74.217.63.13,676,22.189462900161743,regular http traffic
