src_ip,dest_ip,pkt_size,time_diff,original_class
131.202.240.86,209.148.205.26,774,0.1240379810333252,regular http traffic
131.202.240.86,209.148.205.26,583,1042.654289007187,regular http traffic
131.202.240.86,209.148.205.26,554,0.05669879913330078,regular http traffic
