src_ip,dest_ip,pkt_size,time_diff,original_class
131.202.240.87,23.50.75.27,386,0.21022295951843262,regular http traffic
131.202.240.87,23.50.75.27,386,0.42616820335388184,regular http traffic
