src_ip,dest_ip,pkt_size,time_diff,original_class
131.202.240.101,54.85.76.73,558,0.5356590747833252,regular http traffic
131.202.240.101,54.85.76.73,517,40.99110794067383,regular http traffic
