src_ip,dest_ip,pkt_size,time_diff,original_class
131.202.240.150,216.58.219.226,1091,0.05829811096191406,regular http traffic
131.202.240.150,216.58.219.226,1094,0.00041604042053222656,regular http traffic
131.202.240.150,216.58.219.226,1091,0.04305601119995117,regular http traffic
131.202.240.150,216.58.219.226,1092,5.1975250244140625e-05,regular http traffic
131.202.240.150,216.58.219.226,1054,0.023151874542236328,regular http traffic
131.202.240.150,216.58.219.226,1060,0.0029630661010742188,regular http traffic
131.202.240.150,216.58.219.226,1052,0.00038695335388183594,regular http traffic
131.202.240.150,216.58.219.226,1048,4.410743713378906e-05,regular http traffic
131.202.240.150,216.58.219.226,1051,0.02037191390991211,regular http traffic
131.202.240.150,216.58.219.226,1049,0.002351045608520508,regular http traffic
131.202.240.150,216.58.219.226,1051,0.022476911544799805,regular http traffic
131.202.240.150,216.58.219.226,1051,0.0020990371704101562,regular http traffic
131.202.240.150,216.58.219.226,1051,0.002065896987915039,regular http traffic
131.202.240.150,216.58.219.226,1134,0.0032770633697509766,regular http traffic
