src_ip,dest_ip,pkt_size,time_diff,original_class
131.202.240.86,69.172.216.111,859,0.5741310119628906,regular http traffic
131.202.240.86,69.172.216.111,1019,6.253684043884277,regular http traffic
131.202.240.86,69.172.216.111,1027,4.02037501335144,regular http traffic
131.202.240.86,69.172.216.111,1032,9.956070899963379,regular http traffic
