src_ip,dest_ip,pkt_size,time_diff,original_class
131.202.240.101,54.221.232.119,2143,18.538597106933594,regular http traffic
131.202.240.101,54.221.232.119,2143,18.7279109954834,regular http traffic
131.202.240.101,54.221.232.119,2143,18.634289979934692,regular http traffic
131.202.240.101,54.221.232.119,2143,18.432245016098022,regular http traffic
131.202.240.101,54.221.232.119,2143,18.81458282470703,regular http traffic
131.202.240.101,54.221.232.119,2162,1.605776071548462,regular http traffic
131.202.240.101,54.221.232.119,2143,21.380882024765015,regular http traffic
131.202.240.101,54.221.232.119,2143,19.078365087509155,regular http traffic
131.202.240.101,54.221.232.119,2162,1.3400108814239502,regular http traffic
131.202.240.101,54.221.232.119,2143,21.380783081054688,regular http traffic
131.202.240.101,54.221.232.119,2162,3.0325708389282227,regular http traffic
131.202.240.101,54.221.232.119,2143,37.07200217247009,regular http traffic
131.202.240.101,54.221.232.119,2143,20.167847871780396,regular http traffic
131.202.240.101,54.221.232.119,2143,21.126646041870117,regular http traffic
131.202.240.101,54.221.232.119,2143,22.139930963516235,regular http traffic
131.202.240.101,54.221.232.119,2143,20.795892000198364,regular http traffic
131.202.240.101,54.221.232.119,2143,21.40337109565735,regular http traffic
131.202.240.101,54.221.232.119,2143,21.02989387512207,regular http traffic
131.202.240.101,54.221.232.119,2143,23.59901714324951,regular http traffic
131.202.240.101,54.221.232.119,2143,21.43264889717102,regular http traffic
131.202.240.101,54.221.232.119,2143,46.80593013763428,regular http traffic
131.202.240.101,54.221.232.119,2143,21.661818981170654,regular http traffic
131.202.240.101,54.221.232.119,2143,22.20698094367981,regular http traffic
131.202.240.101,54.221.232.119,2143,27.579508066177368,regular http traffic
131.202.240.101,54.221.232.119,2143,26.00577402114868,regular http traffic
