src_ip,dest_ip,pkt_size,time_diff,original_class
131.202.240.101,213.155.156.166,488,41.57839107513428,regular http traffic
131.202.240.101,213.155.156.166,445,23.944990873336792,regular http traffic
