src_ip,dest_ip,pkt_size,time_diff,original_class
131.202.240.86,72.21.91.29,287,5.21113920211792,regular http traffic
131.202.240.86,72.21.91.29,291,4.858240842819214,regular http traffic
