src_ip,dest_ip,pkt_size,time_diff,original_class
131.202.240.101,54.172.88.236,633,37.25931406021118,regular http traffic
131.202.240.101,54.172.88.236,633,37.0674090385437,regular http traffic
131.202.240.101,54.172.88.236,633,41.703924894332886,regular http traffic
131.202.240.101,54.172.88.236,633,41.90106916427612,regular http traffic
131.202.240.101,54.172.88.236,633,40.09463882446289,regular http traffic
131.202.240.101,54.172.88.236,633,20.167463064193726,regular http traffic
131.202.240.101,54.172.88.236,633,21.103518962860107,regular http traffic
131.202.240.101,54.172.88.236,633,22.098963022232056,regular http traffic
131.202.240.101,54.172.88.236,633,20.865044116973877,regular http traffic
131.202.240.101,54.172.88.236,633,21.396795988082886,regular http traffic
131.202.240.101,54.172.88.236,633,44.63165593147278,regular http traffic
131.202.240.101,54.172.88.236,633,21.439363956451416,regular http traffic
131.202.240.101,54.172.88.236,633,22.240013122558594,regular http traffic
131.202.240.101,54.172.88.236,633,0.057762861251831055,regular http traffic
131.202.240.101,54.172.88.236,633,24.43137812614441,regular http traffic
131.202.240.101,54.172.88.236,633,21.739130973815918,regular http traffic
131.202.240.101,54.172.88.236,633,22.19366192817688,regular http traffic
131.202.240.101,54.172.88.236,633,24.80488395690918,regular http traffic
131.202.240.101,54.172.88.236,633,0.05792999267578125,regular http traffic
131.202.240.101,54.172.88.236,633,25.979379177093506,regular http traffic
