src_ip,dest_ip,pkt_size,time_diff,original_class
131.202.240.101,198.8.70.98,1542,18.426815032958984,regular http traffic
131.202.240.101,198.8.70.98,1541,18.813107013702393,regular http traffic
131.202.240.101,198.8.70.98,1540,1.5428249835968018,regular http traffic
131.202.240.101,198.8.70.98,1534,21.443944931030273,regular http traffic
131.202.240.101,198.8.70.98,1539,19.074048042297363,regular http traffic
131.202.240.101,198.8.70.98,1539,1.281390905380249,regular http traffic
131.202.240.101,198.8.70.98,1538,21.447010040283203,regular http traffic
131.202.240.101,198.8.70.98,1538,40.101237058639526,regular http traffic
131.202.240.101,198.8.70.98,1538,84.23002290725708,regular http traffic
131.202.240.101,198.8.70.98,1538,21.403589963912964,regular http traffic
131.202.240.101,198.8.70.98,1538,21.030027151107788,regular http traffic
