src_ip,dest_ip,pkt_size,time_diff,original_class
131.202.240.101,52.1.138.91,1058,0.07601594924926758,regular http traffic
131.202.240.101,52.1.138.91,1058,0.00025916099548339844,regular http traffic
