src_ip,dest_ip,pkt_size,time_diff,original_class
131.202.240.101,23.195.217.88,1469,41.835705041885376,regular http traffic
131.202.240.101,23.195.217.88,1469,353.274600982666,regular http traffic
131.202.240.101,23.195.217.88,1469,26.02146005630493,regular http traffic
