src_ip,dest_ip,pkt_size,time_diff,original_class
131.202.240.86,68.67.152.172,490,18.137137174606323,regular http traffic
131.202.240.86,68.67.152.172,489,504.3489878177643,regular http traffic
131.202.240.86,68.67.152.172,489,10.822480201721191,regular http traffic
