src_ip,dest_ip,pkt_size,time_diff,original_class
131.202.240.101,54.165.106.53,519,18.5391628742218,regular http traffic
131.202.240.101,54.165.106.53,519,18.72703504562378,regular http traffic
131.202.240.101,54.165.106.53,519,18.63452386856079,regular http traffic
131.202.240.101,54.165.106.53,519,18.43204402923584,regular http traffic
131.202.240.101,54.165.106.53,519,41.80125308036804,regular http traffic
131.202.240.101,54.165.106.53,519,41.79941511154175,regular http traffic
131.202.240.101,54.165.106.53,519,40.10438084602356,regular http traffic
131.202.240.101,54.165.106.53,519,20.167680978775024,regular http traffic
131.202.240.101,54.165.106.53,519,21.126959085464478,regular http traffic
131.202.240.101,54.165.106.53,519,22.139743089675903,regular http traffic
131.202.240.101,54.165.106.53,519,20.7955379486084,regular http traffic
131.202.240.101,54.165.106.53,519,21.404104948043823,regular http traffic
131.202.240.101,54.165.106.53,519,44.62875008583069,regular http traffic
131.202.240.101,54.165.106.53,519,21.432416915893555,regular http traffic
131.202.240.101,54.165.106.53,519,22.213769912719727,regular http traffic
131.202.240.101,54.165.106.53,519,0.09144997596740723,regular http traffic
131.202.240.101,54.165.106.53,519,0.09786415100097656,regular http traffic
131.202.240.101,54.165.106.53,519,24.40282893180847,regular http traffic
131.202.240.101,54.165.106.53,519,21.6628201007843,regular http traffic
131.202.240.101,54.165.106.53,519,22.20619297027588,regular http traffic
131.202.240.101,54.165.106.53,519,24.764593839645386,regular http traffic
131.202.240.101,54.165.106.53,519,0.09554910659790039,regular http traffic
131.202.240.101,54.165.106.53,519,0.0821220874786377,regular http traffic
131.202.240.101,54.165.106.53,519,25.860057830810547,regular http traffic
131.202.240.101,54.165.106.53,519,0.09509396553039551,regular http traffic
131.202.240.101,54.165.106.53,519,0.0720221996307373,regular http traffic
