src_ip,dest_ip,pkt_size,time_diff,original_class
131.202.240.101,54.225.255.135,785,18.43874192237854,regular http traffic
131.202.240.101,54.225.255.135,785,18.81481099128723,regular http traffic
131.202.240.101,54.225.255.135,766,0.6346330642700195,regular http traffic
131.202.240.101,54.225.255.135,785,22.347301959991455,regular http traffic
