src_ip,dest_ip,pkt_size,time_diff,original_class
138.108.6.20,172.16.133.29,472,40.592591999999996,regular http traffic
138.108.6.20,172.16.133.29,472,15.374698999999993,regular http traffic
138.108.6.20,172.16.133.29,472,5.7928,regular http traffic
138.108.6.20,172.16.133.29,472,16.952517999999998,regular http traffic
138.108.6.20,172.16.133.29,472,8.27939600000002,regular http traffic
138.108.6.20,172.16.133.29,472,7.809335000000004,regular http traffic
