src_ip,dest_ip,pkt_size,time_diff,original_class
138.108.7.20,172.16.133.116,472,11.155268999999997,regular http traffic
138.108.7.20,172.16.133.116,472,17.243611,regular http traffic
138.108.7.20,172.16.133.116,472,64.87030200000001,regular http traffic
138.108.7.20,172.16.133.116,472,39.69842800000001,regular http traffic
