src_ip,dest_ip,pkt_size,time_diff,original_class
138.108.6.20,172.16.133.63,472,7.788874000000021,regular http traffic
138.108.6.20,172.16.133.63,472,29.476732999999967,regular http traffic
