src_ip,dest_ip,pkt_size,time_diff,original_class
138.108.7.20,172.16.133.28,472,4.0608820000000065,regular http traffic
138.108.7.20,172.16.133.28,472,46.568079999999995,regular http traffic
138.108.7.20,172.16.133.28,472,2.1533699999999953,regular http traffic
138.108.7.20,172.16.133.28,472,33.934045999999995,regular http traffic
138.108.7.20,172.16.133.28,472,2.1983960000000025,regular http traffic
138.108.7.20,172.16.133.28,472,54.564795000000004,regular http traffic
138.108.7.20,172.16.133.28,472,3.875246000000004,regular http traffic
