src_ip,dest_ip,pkt_size,time_diff,original_class
138.108.6.20,172.16.133.93,472,0.0005730000000028213,regular http traffic
138.108.6.20,172.16.133.93,472,9.800000000836917e-05,regular http traffic
138.108.6.20,172.16.133.93,472,15.462212999999991,regular http traffic
138.108.6.20,172.16.133.93,472,0.004694000000000642,regular http traffic
138.108.6.20,172.16.133.93,472,28.800538000000017,regular http traffic
138.108.6.20,172.16.133.93,472,5.599999997230043e-05,regular http traffic
138.108.6.20,172.16.133.93,472,0.0024730000000090513,regular http traffic
138.108.6.20,172.16.133.93,472,14.277003999999977,regular http traffic
138.108.6.20,172.16.133.93,472,0.1733660000000441,regular http traffic
