src_ip,dest_ip,pkt_size,time_diff,original_class
139.162.174.27,10.10.6.233,69,0.9720340000003489,regular http traffic
139.162.174.27,10.10.6.233,69,0.6693890000005922,regular http traffic
139.162.174.27,10.10.6.233,69,0.24119900000005146,regular http traffic
139.162.174.27,10.10.6.233,69,0.23902599999928498,regular http traffic
139.162.174.27,10.10.6.233,69,0.2171440000001894,regular http traffic
139.162.174.27,10.10.6.233,69,0.19239800000104879,regular http traffic
139.162.174.27,10.10.6.233,69,0.2050119999985327,regular http traffic
139.162.174.27,10.10.6.233,69,0.23802900000009686,regular http traffic
139.162.174.27,10.10.6.233,69,0.22602400000141643,regular http traffic
139.162.174.27,10.10.6.233,69,0.1959999999999127,regular http traffic
139.162.174.27,10.10.6.233,69,0.22977399999945192,regular http traffic
