src_ip,dest_ip,pkt_size,time_diff,original_class
139.162.234.60,10.10.6.233,69,2.1808529999998427,regular http traffic
139.162.234.60,10.10.6.233,69,1.1533530000006067,regular http traffic
