src_ip,dest_ip,pkt_size,time_diff,original_class
139.162.160.112,10.10.6.233,70,0.00011800001084338874,regular http traffic
139.162.160.112,10.10.6.233,69,0.09165199998824392,regular http traffic
139.162.160.112,10.10.6.233,69,0.07639800000470132,regular http traffic
139.162.160.112,10.10.6.233,69,0.0706040000077337,regular http traffic
139.162.160.112,10.10.6.233,69,0.04009599999699276,regular http traffic
139.162.160.112,10.10.6.233,69,0.04538999999931548,regular http traffic
139.162.160.112,10.10.6.233,69,0.0741520000010496,regular http traffic
