src_ip,dest_ip,pkt_size,time_diff,original_class
139.162.61.237,10.10.6.233,69,0.3532300000078976,regular http traffic
139.162.61.237,10.10.6.233,69,0.2886670000007143,regular http traffic
