src_ip,dest_ip,pkt_size,time_diff,original_class
139.162.181.221,10.10.6.233,69,0.03856600000017352,regular http traffic
139.162.181.221,10.10.6.233,69,0.04321399999935238,regular http traffic
139.162.181.221,10.10.6.233,69,0.04170200000044133,regular http traffic
139.162.181.221,10.10.6.233,69,0.07415599999967526,regular http traffic
139.162.181.221,10.10.6.233,69,0.042695000000094296,regular http traffic
139.162.181.221,10.10.6.233,69,0.03832500000044092,regular http traffic
139.162.181.221,10.10.6.233,69,0.03591799999958312,regular http traffic
139.162.181.221,10.10.6.233,69,0.03998500000034255,regular http traffic
139.162.181.221,10.10.6.233,69,0.09002199999940785,regular http traffic
139.162.181.221,10.10.6.233,69,0.11702800000057323,regular http traffic
139.162.181.221,10.10.6.233,69,0.19604699999945296,regular http traffic
139.162.181.221,10.10.6.233,69,1.6505680000000211,regular http traffic
139.162.181.221,10.10.6.233,69,0.16176100000029692,regular http traffic
