src_ip,dest_ip,pkt_size,time_diff,original_class
139.162.60.29,10.10.6.233,69,0.27053213119506836,regular http traffic
139.162.60.29,10.10.6.233,69,0.24794387817382812,regular http traffic
