src_ip,dest_ip,pkt_size,time_diff,original_class
139.162.183.110,10.10.6.233,70,1.2999999853491317e-05,regular http traffic
139.162.183.110,10.10.6.233,69,0.08550100000047678,regular http traffic
139.162.183.110,10.10.6.233,69,0.12287000000014814,regular http traffic
139.162.183.110,10.10.6.233,69,0.06540899999981775,regular http traffic
139.162.183.110,10.10.6.233,69,0.07962500000030559,regular http traffic
139.162.183.110,10.10.6.233,69,0.12849800000003597,regular http traffic
139.162.183.110,10.10.6.233,69,0.11490499999945314,regular http traffic
139.162.183.110,10.10.6.233,69,0.07806499999969674,regular http traffic
139.162.183.110,10.10.6.233,69,0.07652500000040163,regular http traffic
139.162.183.110,10.10.6.233,69,0.03940099999999802,regular http traffic
139.162.183.110,10.10.6.233,69,0.04183000000011816,regular http traffic
139.162.183.110,10.10.6.233,69,0.04647000000022672,regular http traffic
139.162.183.110,10.10.6.233,69,0.04409899999973277,regular http traffic
139.162.183.110,10.10.6.233,69,0.15219299999989744,regular http traffic
139.162.183.110,10.10.6.233,69,0.21010800000021845,regular http traffic
139.162.183.110,10.10.6.233,69,0.07847700000002078,regular http traffic
139.162.183.110,10.10.6.233,69,0.04270099999939703,regular http traffic
