src_ip,dest_ip,pkt_size,time_diff,original_class
139.162.195.104,10.10.6.233,69,0.1476089999996475,regular http traffic
139.162.195.104,10.10.6.233,69,0.09600700000009965,regular http traffic
139.162.195.104,10.10.6.233,69,0.10353399999985413,regular http traffic
139.162.195.104,10.10.6.233,69,0.07841199999984383,regular http traffic
139.162.195.104,10.10.6.233,69,0.08221899999989546,regular http traffic
139.162.195.104,10.10.6.233,69,0.053466000000298664,regular http traffic
139.162.195.104,10.10.6.233,69,0.07509200000004057,regular http traffic
139.162.195.104,10.10.6.233,69,0.04086699999970733,regular http traffic
139.162.195.104,10.10.6.233,69,0.0451840000005177,regular http traffic
139.162.195.104,10.10.6.233,69,0.06353299999955198,regular http traffic
139.162.195.104,10.10.6.233,69,0.0404740000003585,regular http traffic
139.162.195.104,10.10.6.233,69,0.021520999999665946,regular http traffic
139.162.195.104,10.10.6.233,69,0.0630300000002535,regular http traffic
139.162.195.104,10.10.6.233,69,0.07628399999975954,regular http traffic
139.162.195.104,10.10.6.233,69,0.04155499999978929,regular http traffic
139.162.195.104,10.10.6.233,69,0.019100999999864143,regular http traffic
139.162.195.104,10.10.6.233,70,0.225032000000283,regular http traffic
