src_ip,dest_ip,pkt_size,time_diff,original_class
139.162.62.52,10.10.6.233,69,1.161142999999356,regular http traffic
139.162.62.52,10.10.6.233,69,0.39335899999969115,regular http traffic
139.162.62.52,10.10.6.233,69,0.4015240000007907,regular http traffic
139.162.62.52,10.10.6.233,69,0.41751300000032643,regular http traffic
139.162.62.52,10.10.6.233,69,0.3461319999987609,regular http traffic
139.162.62.52,10.10.6.233,69,0.4525290000001405,regular http traffic
