src_ip,dest_ip,pkt_size,time_diff,original_class
139.162.244.116,10.10.6.233,69,0.14074199999959092,regular http traffic
139.162.244.116,10.10.6.233,69,0.1167250000007698,regular http traffic
139.162.244.116,10.10.6.233,69,0.1616249999997308,regular http traffic
139.162.244.116,10.10.6.233,69,0.0790209999995568,regular http traffic
139.162.244.116,10.10.6.233,69,0.08383600000070146,regular http traffic
139.162.244.116,10.10.6.233,69,0.08696099999997386,regular http traffic
139.162.244.116,10.10.6.233,69,0.08095899999989342,regular http traffic
139.162.244.116,10.10.6.233,69,0.07867299999998068,regular http traffic
139.162.244.116,10.10.6.233,69,0.08275499999945168,regular http traffic
139.162.244.116,10.10.6.233,69,0.07128600000032748,regular http traffic
139.162.244.116,10.10.6.233,69,0.040543000000070606,regular http traffic
139.162.244.116,10.10.6.233,69,0.050236000000040804,regular http traffic
