src_ip,dest_ip,pkt_size,time_diff,original_class
139.162.248.197,10.10.6.233,69,2.0667210000001432,regular http traffic
139.162.248.197,10.10.6.233,69,1.7332809999998062,regular http traffic
