src_ip,dest_ip,pkt_size,time_diff,original_class
139.162.58.180,10.10.6.233,70,2.099999983329326e-05,regular http traffic
139.162.58.180,10.10.6.233,69,3.2566500000002634,regular http traffic
