src_ip,dest_ip,pkt_size,time_diff,original_class
139.162.38.242,10.10.6.233,70,2.099999983329326e-05,regular http traffic
139.162.38.242,10.10.6.233,69,0.253074000000197,regular http traffic
