src_ip,dest_ip,pkt_size,time_diff,original_class
139.162.15.103,10.10.6.233,70,0.00030300000071292743,regular http traffic
139.162.15.103,10.10.6.233,69,1.1608519999990676,regular http traffic
139.162.15.103,10.10.6.233,69,0.3941050000012183,regular http traffic
139.162.15.103,10.10.6.233,69,0.4062969999995403,regular http traffic
139.162.15.103,10.10.6.233,69,0.4118379999999888,regular http traffic
139.162.15.103,10.10.6.233,69,0.3470369999995455,regular http traffic
139.162.15.103,10.10.6.233,69,0.44290800000089803,regular http traffic
