src_ip,dest_ip,pkt_size,time_diff,original_class
14.0.67.89,10.8.0.6,257,0.00034699999923759606,regular http traffic
14.0.67.89,10.8.0.6,148,2.019165000000612,regular http traffic
14.0.67.89,10.8.0.6,518,7.80394299999989,regular http traffic
