src_ip,dest_ip,pkt_size,time_diff,original_class
141.101.113.194,172.16.133.153,1021,119.246528,regular http traffic
141.101.113.194,172.16.133.153,1001,119.51205699999997,regular http traffic
