src_ip,dest_ip,pkt_size,time_diff,original_class
150.204.83.253,157.99.66.14,595,1.4874730000010459,regular http traffic
150.204.83.253,157.99.66.14,635,0.001396999999997206,regular http traffic
150.204.83.253,157.99.66.14,595,0.12393100000917912,regular http traffic
150.204.83.253,157.99.66.14,595,0.2028920000011567,regular http traffic
150.204.83.253,157.99.66.14,636,0.04866399998718407,regular http traffic
