src_ip,dest_ip,pkt_size,time_diff,original_class
150.204.83.102,217.22.112.72,492,11.393962999999985,regular http traffic
150.204.83.102,217.22.112.72,492,0.00014899999996487168,regular http traffic
150.204.83.102,217.22.112.72,492,0.27876300000025367,regular http traffic
150.204.83.102,217.22.112.72,492,0.2629399999996167,regular http traffic
150.204.83.102,217.22.112.72,492,0.2299470000002657,regular http traffic
