src_ip,dest_ip,pkt_size,time_diff,original_class
150.204.83.90,157.99.66.57,427,0.27486899999985326,regular http traffic
150.204.83.90,157.99.66.57,427,0.36851500000011583,regular http traffic
150.204.83.90,157.99.66.57,751,0.13738999999986845,regular http traffic
150.204.83.90,157.99.66.57,427,0.2755329999999958,regular http traffic
