src_ip,dest_ip,pkt_size,time_diff,original_class
150.204.83.253,66.201.189.54,679,12.185673999999835,regular http traffic
150.204.83.253,66.201.189.54,679,0.9471260000000257,regular http traffic
150.204.83.253,66.201.189.54,635,1.2615249999998923,regular http traffic
