src_ip,dest_ip,pkt_size,time_diff,original_class
150.204.83.70,66.201.189.60,750,2.637247000000002,regular http traffic
150.204.83.70,66.201.189.60,274,0.6382180000000517,regular http traffic
