src_ip,dest_ip,pkt_size,time_diff,original_class
150.204.83.103,66.201.189.60,492,72.22782199999995,regular http traffic
150.204.83.103,66.201.189.60,492,6.719960000000015,regular http traffic
150.204.83.103,66.201.189.60,551,2.2715930000000526,regular http traffic
