src_ip,dest_ip,pkt_size,time_diff,original_class
150.204.83.102,157.99.66.57,492,14.488389000000097,regular http traffic
150.204.83.102,157.99.66.57,492,0.16304799999943498,regular http traffic
150.204.83.102,157.99.66.57,492,0.10530999999991764,regular http traffic
150.204.83.102,157.99.66.57,492,0.11227400000007037,regular http traffic
150.204.83.102,157.99.66.57,492,0.2207429999998567,regular http traffic
