src_ip,dest_ip,pkt_size,time_diff,original_class
150.204.83.15,217.22.112.75,708,0.42911099999992075,regular http traffic
150.204.83.15,217.22.112.75,708,0.19698300000027302,regular http traffic
