src_ip,dest_ip,pkt_size,time_diff,original_class
150.204.83.15,157.99.66.57,151,14.472976000000017,regular http traffic
150.204.83.15,157.99.66.57,597,0.01662099999975908,regular http traffic
150.204.83.15,157.99.66.57,597,0.216867999999522,regular http traffic
150.204.83.15,157.99.66.57,597,0.2142810000004829,regular http traffic
150.204.83.15,157.99.66.57,1279,0.23078499999974156,regular http traffic
