src_ip,dest_ip,pkt_size,time_diff,original_class
150.204.83.15,217.22.112.66,687,0.018810000000030414,regular http traffic
150.204.83.15,217.22.112.66,339,0.016022000000020853,regular http traffic
150.204.83.15,217.22.112.66,517,0.2647859999999582,regular http traffic
150.204.83.15,217.22.112.66,698,0.2190610000000106,regular http traffic
150.204.83.15,217.22.112.66,1001,0.06239000000005035,regular http traffic
150.204.83.15,217.22.112.66,668,0.039083000000005086,regular http traffic
150.204.83.15,217.22.112.66,1419,0.18472299999996267,regular http traffic
150.204.83.15,217.22.112.66,1397,0.130170000000021,regular http traffic
150.204.83.15,217.22.112.66,552,0.07052899999996498,regular http traffic
150.204.83.15,217.22.112.66,852,0.0003460000000359287,regular http traffic
150.204.83.15,217.22.112.66,852,0.09163899999998648,regular http traffic
150.204.83.15,217.22.112.66,804,0.10366699999997309,regular http traffic
150.204.83.15,217.22.112.66,117,0.02924900000004982,regular http traffic
150.204.83.15,217.22.112.66,1013,0.08225499999991825,regular http traffic
150.204.83.15,217.22.112.66,940,0.12063999999998032,regular http traffic
150.204.83.15,217.22.112.66,369,0.008083000000056018,regular http traffic
150.204.83.15,217.22.112.66,305,0.011978999999996631,regular http traffic
150.204.83.15,217.22.112.66,305,0.0001519999999572974,regular http traffic
150.204.83.15,217.22.112.66,305,0.0028430000000980726,regular http traffic
150.204.83.15,217.22.112.66,305,0.005989999999997053,regular http traffic
150.204.83.15,217.22.112.66,305,0.02111499999989519,regular http traffic
150.204.83.15,217.22.112.66,305,0.0009970000000976142,regular http traffic
150.204.83.15,217.22.112.66,304,0.0013460000000122818,regular http traffic
