src_ip,dest_ip,pkt_size,time_diff,original_class
150.204.83.102,217.22.112.14,449,6.643924999999996,regular http traffic
150.204.83.102,217.22.112.14,449,45.02400900000001,regular http traffic
