src_ip,dest_ip,pkt_size,time_diff,original_class
150.204.83.103,217.22.112.53,552,1.3386880000000474,regular http traffic
150.204.83.103,217.22.112.53,552,1.1420869999999468,regular http traffic
150.204.83.103,217.22.112.53,552,0.29113700000004883,regular http traffic
150.204.83.103,217.22.112.53,552,0.5875149999999394,regular http traffic
150.204.83.103,217.22.112.53,435,0.19965100000001712,regular http traffic
