src_ip,dest_ip,pkt_size,time_diff,original_class
150.204.83.91,66.201.189.54,750,12.103357999999844,regular http traffic
150.204.83.91,66.201.189.54,484,0.41602700000021287,regular http traffic
150.204.83.91,66.201.189.54,484,1.2630709999998544,regular http traffic
