src_ip,dest_ip,pkt_size,time_diff,original_class
150.204.83.15,110.209.6.55,708,0.0004500000000007276,regular http traffic
150.204.83.15,110.209.6.55,708,0.20778900000000533,regular http traffic
150.204.83.15,110.209.6.55,708,0.31092099999999334,regular http traffic
150.204.83.15,110.209.6.55,1279,0.2698510000000027,regular http traffic
