src_ip,dest_ip,pkt_size,time_diff,original_class
150.204.83.15,208.18.90.74,636,0.03420600000000018,regular http traffic
150.204.83.15,208.18.90.74,1003,0.018161000000000094,regular http traffic
150.204.83.15,208.18.90.74,329,4.316716999999999,regular http traffic
150.204.83.15,208.18.90.74,329,3.061477,regular http traffic
150.204.83.15,208.18.90.74,407,2.52285,regular http traffic
150.204.83.15,208.18.90.74,629,0.018926000000000442,regular http traffic
150.204.83.15,208.18.90.74,1297,9.572358999999999,regular http traffic
150.204.83.15,208.18.90.74,629,1.8172050000000013,regular http traffic
150.204.83.15,208.18.90.74,334,7.319714999999999,regular http traffic
150.204.83.15,208.18.90.74,332,0.07613900000000484,regular http traffic
150.204.83.15,208.18.90.74,333,0.003137999999999863,regular http traffic
150.204.83.15,208.18.90.74,335,0.018516999999995676,regular http traffic
150.204.83.15,208.18.90.74,334,0.0018969999999995935,regular http traffic
150.204.83.15,208.18.90.74,333,0.0019070000000027676,regular http traffic
150.204.83.15,208.18.90.74,190,14.307601999999996,regular http traffic
