src_ip,dest_ip,pkt_size,time_diff,original_class
150.204.83.89,110.209.6.186,175,56.48730999999998,regular http traffic
150.204.83.89,110.209.6.186,175,173.36231300000009,regular http traffic
150.204.83.89,110.209.6.186,175,649.2218579999999,regular http traffic
150.204.83.89,110.209.6.186,175,60.02492900000016,regular http traffic
150.204.83.89,110.209.6.186,175,60.023931000000175,regular http traffic
150.204.83.89,110.209.6.186,175,60.024280999999974,regular http traffic
150.204.83.89,110.209.6.186,175,60.024131000000125,regular http traffic
150.204.83.89,110.209.6.186,175,60.023581999999806,regular http traffic
150.204.83.89,110.209.6.186,175,60.02218600000015,regular http traffic
150.204.83.89,110.209.6.186,175,60.02538000000004,regular http traffic
150.204.83.89,110.209.6.186,175,60.024265000000014,regular http traffic
