src_ip,dest_ip,pkt_size,time_diff,original_class
150.204.83.253,66.201.189.60,639,0.07521700000006604,regular http traffic
150.204.83.253,66.201.189.60,639,3.000949999999989,regular http traffic
150.204.83.253,66.201.189.60,694,8.66849400000001,regular http traffic
150.204.83.253,66.201.189.60,1349,0.06957899999997608,regular http traffic
150.204.83.253,66.201.189.60,855,0.01951299999996081,regular http traffic
150.204.83.253,66.201.189.60,841,21.64388100000008,regular http traffic
