src_ip,dest_ip,pkt_size,time_diff,original_class
150.204.83.253,208.18.90.74,639,3.292905000000246,regular http traffic
150.204.83.253,208.18.90.74,802,0.004093000000011671,regular http traffic
150.204.83.253,208.18.90.74,639,3.0006789999997636,regular http traffic
150.204.83.253,208.18.90.74,802,3.8438860000001114,regular http traffic
