src_ip,dest_ip,pkt_size,time_diff,original_class
150.204.83.253,157.99.66.57,679,14.487474999999904,regular http traffic
150.204.83.253,157.99.66.57,636,0.16350899999997637,regular http traffic
150.204.83.253,157.99.66.57,679,0.05260699999962526,regular http traffic
150.204.83.253,157.99.66.57,635,0.052458000000115135,regular http traffic
150.204.83.253,157.99.66.57,679,0.21646899999996094,regular http traffic
