src_ip,dest_ip,pkt_size,time_diff,original_class
150.204.83.102,66.201.189.45,468,11.800592999999935,regular http traffic
150.204.83.102,66.201.189.45,468,0.0008459999999104184,regular http traffic
150.204.83.102,66.201.189.45,468,0.0001540000002933084,regular http traffic
