src_ip,dest_ip,pkt_size,time_diff,original_class
150.204.83.89,217.22.112.56,720,0.004242999999405583,regular http traffic
150.204.83.89,217.22.112.56,619,44.40320800000063,regular http traffic
