src_ip,dest_ip,pkt_size,time_diff,original_class
150.204.83.15,110.209.6.62,708,0.4631560000000263,regular http traffic
150.204.83.15,110.209.6.62,708,0.15530400000011468,regular http traffic
