src_ip,dest_ip,pkt_size,time_diff,original_class
150.204.83.15,66.201.189.54,708,0.213608000000022,regular http traffic
150.204.83.15,66.201.189.54,151,1.6946250000000873,regular http traffic
