src_ip,dest_ip,pkt_size,time_diff,original_class
150.204.83.253,110.209.6.62,635,10.309198000000151,regular http traffic
150.204.83.253,110.209.6.62,679,0.1059299999999439,regular http traffic
150.204.83.253,110.209.6.62,679,0.0015479999999570282,regular http traffic
