src_ip,dest_ip,pkt_size,time_diff,original_class
150.204.83.253,208.18.90.42,186,0.34449200000000246,regular http traffic
150.204.83.253,208.18.90.42,186,171.97755999999998,regular http traffic
150.204.83.253,208.18.90.42,186,0.2645840000000135,regular http traffic
