src_ip,dest_ip,pkt_size,time_diff,original_class
150.204.83.89,208.18.90.42,186,0.3249230000000125,regular http traffic
150.204.83.89,208.18.90.42,186,1588.4615689999998,regular http traffic
150.204.83.89,208.18.90.42,184,0.02715200000011464,regular http traffic
150.204.83.89,208.18.90.42,186,1252.9598540000002,regular http traffic
150.204.83.89,208.18.90.42,184,0.02745199999981196,regular http traffic
150.204.83.89,208.18.90.42,186,702.1153770000001,regular http traffic
150.204.83.89,208.18.90.42,184,0.027251999999862164,regular http traffic
150.204.83.89,208.18.90.42,186,191.85272799999984,regular http traffic
150.204.83.89,208.18.90.42,184,0.02740200000016557,regular http traffic
150.204.83.89,208.18.90.42,186,254.7502239999999,regular http traffic
150.204.83.89,208.18.90.42,184,0.026652999999896565,regular http traffic
