src_ip,dest_ip,pkt_size,time_diff,original_class
150.204.83.91,157.99.66.57,484,14.49059699999998,regular http traffic
150.204.83.91,157.99.66.57,750,0.0045419999996738625,regular http traffic
150.204.83.91,157.99.66.57,484,0.5943530000004102,regular http traffic
150.204.83.91,157.99.66.57,484,0.2518559999998615,regular http traffic
150.204.83.91,157.99.66.57,751,0.14499399999931484,regular http traffic
