src_ip,dest_ip,pkt_size,time_diff,original_class
151.101.36.159,10.8.0.6,898,0.022823000000244065,regular http traffic
151.101.36.159,10.8.0.6,1094,0.01158099999975093,regular http traffic
151.101.36.159,10.8.0.6,627,0.013689000000340457,regular http traffic
151.101.36.159,10.8.0.6,717,0.013595999999779451,regular http traffic
151.101.36.159,10.8.0.6,697,0.013810000000376021,regular http traffic
