src_ip,dest_ip,pkt_size,time_diff,original_class
151.101.2.49,10.8.0.6,549,0.0012019999994663522,regular http traffic
151.101.2.49,10.8.0.6,54,0.8864130000001751,regular http traffic
151.101.2.49,10.8.0.6,54,0.053824999999051215,regular http traffic
151.101.2.49,10.8.0.6,316,1.2688280000002123,regular http traffic
151.101.2.49,10.8.0.6,316,0.0006790000006731134,regular http traffic
151.101.2.49,10.8.0.6,316,0.5438279999998485,regular http traffic
151.101.2.49,10.8.0.6,316,0.00019799999972747173,regular http traffic
151.101.2.49,10.8.0.6,316,0.17476999999962572,regular http traffic
151.101.2.49,10.8.0.6,316,0.010426000000734348,regular http traffic
151.101.2.49,10.8.0.6,316,0.4362459999993007,regular http traffic
151.101.2.49,10.8.0.6,316,0.18425500000012107,regular http traffic
151.101.2.49,10.8.0.6,1008,0.34255300000040734,regular http traffic
151.101.2.49,10.8.0.6,316,0.08184600000095088,regular http traffic
151.101.2.49,10.8.0.6,1008,0.03889600000002247,regular http traffic
151.101.2.49,10.8.0.6,316,0.22992399999930058,regular http traffic
151.101.2.49,10.8.0.6,71,4.664075000000594,regular http traffic
151.101.2.49,10.8.0.6,1100,0.07437799999934214,regular http traffic
