src_ip,dest_ip,pkt_size,time_diff,original_class
152.195.15.114,10.8.0.6,469,0.029695000000174332,regular http traffic
152.195.15.114,10.8.0.6,468,0.07033999999976004,regular http traffic
