src_ip,dest_ip,pkt_size,time_diff,original_class
157.99.66.59,202.11.82.253,437,5.242969000000016,regular http traffic
157.99.66.59,202.11.82.253,495,0.013528000000007978,regular http traffic
157.99.66.59,202.11.82.253,467,3.051552000000015,regular http traffic
157.99.66.59,202.11.82.253,467,0.06364399999995385,regular http traffic
157.99.66.59,202.11.82.253,493,8.41148400000003,regular http traffic
157.99.66.59,202.11.82.253,456,126.76776999999998,regular http traffic
157.99.66.59,202.11.82.253,456,1526.737209,regular http traffic
