src_ip,dest_ip,pkt_size,time_diff,original_class
157.99.66.52,41.204.84.253,97,24.245381999999992,regular http traffic
157.99.66.52,41.204.84.253,140,13.748296999999994,regular http traffic
