src_ip,dest_ip,pkt_size,time_diff,original_class
157.99.66.57,150.204.83.90,230,14.488720000000285,regular http traffic
157.99.66.57,150.204.83.90,220,0.0004490000001169392,regular http traffic
157.99.66.57,150.204.83.90,220,0.48434499999984837,regular http traffic
157.99.66.57,150.204.83.90,231,0.2828529999997045,regular http traffic
157.99.66.57,150.204.83.90,220,0.0633880000004865,regular http traffic
