src_ip,dest_ip,pkt_size,time_diff,original_class
157.99.66.55,69.178.85.15,420,0.08430099999999996,regular http traffic
157.99.66.55,69.178.85.15,450,3.000701000000003,regular http traffic
157.99.66.55,69.178.85.15,451,2.014892999999997,regular http traffic
157.99.66.55,69.178.85.15,424,13.515132999999999,regular http traffic
157.99.66.55,69.178.85.15,454,2.996409,regular http traffic
