src_ip,dest_ip,pkt_size,time_diff,original_class
157.99.66.57,41.204.84.102,220,125.11281099999997,regular http traffic
157.99.66.57,41.204.84.102,231,0.15792200000032608,regular http traffic
157.99.66.57,41.204.84.102,220,0.053057999999509775,regular http traffic
157.99.66.57,41.204.84.102,230,0.0005980000005365582,regular http traffic
157.99.66.57,41.204.84.102,220,0.42026699999951234,regular http traffic
157.99.66.57,41.204.84.102,232,0.16630199999963224,regular http traffic
