src_ip,dest_ip,pkt_size,time_diff,original_class
157.99.66.54,41.204.84.91,544,65.46294900000001,regular http traffic
157.99.66.54,41.204.84.91,503,0.2305939999999964,regular http traffic
157.99.66.54,41.204.84.91,520,0.010282000000017888,regular http traffic
157.99.66.54,41.204.84.91,533,25.719079999999963,regular http traffic
157.99.66.54,41.204.84.91,509,488.520075,regular http traffic
157.99.66.54,41.204.84.91,503,12.800694000000021,regular http traffic
157.99.66.54,41.204.84.91,544,116.47800299999994,regular http traffic
157.99.66.54,41.204.84.91,503,0.23463600000002316,regular http traffic
157.99.66.54,41.204.84.91,520,0.02420700000004672,regular http traffic
157.99.66.54,41.204.84.91,509,83.88775799999996,regular http traffic
157.99.66.54,41.204.84.91,504,3.718796999999995,regular http traffic
157.99.66.54,41.204.84.91,509,13.483041999999955,regular http traffic
157.99.66.54,41.204.84.91,504,3.322544999999991,regular http traffic
