src_ip,dest_ip,pkt_size,time_diff,original_class
157.99.66.59,69.178.85.253,756,16.339948000000007,regular http traffic
157.99.66.59,69.178.85.253,764,19.072056000000003,regular http traffic
157.99.66.59,69.178.85.253,760,15.501193999999998,regular http traffic
157.99.66.59,69.178.85.253,760,949.828704,regular http traffic
157.99.66.59,69.178.85.253,768,19.096266000000014,regular http traffic
