src_ip,dest_ip,pkt_size,time_diff,original_class
157.99.66.14,202.11.82.14,1438,4.974444999999832,regular http traffic
157.99.66.14,202.11.82.14,1438,326.05113100000017,regular http traffic
157.99.66.14,202.11.82.14,1438,926.9600809999997,regular http traffic
157.99.66.14,202.11.82.14,1438,0.014626000000134809,regular http traffic
157.99.66.14,202.11.82.14,1438,0.0002500000000509317,regular http traffic
157.99.66.14,202.11.82.14,1438,977.7827729999999,regular http traffic
