src_ip,dest_ip,pkt_size,time_diff,original_class
157.99.66.52,130.68.81.91,88,0.13857399999687914,regular http traffic
157.99.66.52,130.68.81.91,88,0.08967299999494571,regular http traffic
157.99.66.52,130.68.81.91,88,5.775500999996439,regular http traffic
157.99.66.52,130.68.81.91,88,3.985811000005924,regular http traffic
157.99.66.52,130.68.81.91,92,0.006588999996893108,regular http traffic
157.99.66.52,130.68.81.91,92,1.0200480000057723,regular http traffic
157.99.66.52,130.68.81.91,88,0.013726999997743405,regular http traffic
157.99.66.52,130.68.81.91,92,0.00883399999293033,regular http traffic
157.99.66.52,130.68.81.91,123,5.029667000009795,regular http traffic
