src_ip,dest_ip,pkt_size,time_diff,original_class
157.99.66.58,69.178.85.15,92,0.0039950000000033015,regular http traffic
157.99.66.58,69.178.85.15,88,5.900717999999998,regular http traffic
157.99.66.58,69.178.85.15,88,0.0008499999999997954,regular http traffic
157.99.66.58,69.178.85.15,92,4.999917999999994,regular http traffic
157.99.66.58,69.178.85.15,92,0.0019490000000104146,regular http traffic
157.99.66.58,69.178.85.15,123,47.54804899999999,regular http traffic
