src_ip,dest_ip,pkt_size,time_diff,original_class
157.99.66.56,130.68.81.91,88,5.816234000000009,regular http traffic
157.99.66.56,130.68.81.91,88,0.04297000000008211,regular http traffic
157.99.66.56,130.68.81.91,88,0.16380900000001475,regular http traffic
157.99.66.56,130.68.81.91,88,4.892317999999932,regular http traffic
157.99.66.56,130.68.81.91,92,0.008678000000031716,regular http traffic
157.99.66.56,130.68.81.91,92,0.11115399999994224,regular http traffic
157.99.66.56,130.68.81.91,123,5.067457999999988,regular http traffic
157.99.66.56,130.68.81.91,88,0.7216690000000199,regular http traffic
157.99.66.56,130.68.81.91,92,0.005290000000059081,regular http traffic
