src_ip,dest_ip,pkt_size,time_diff,original_class
157.99.66.57,41.204.84.253,230,125.12924199999998,regular http traffic
157.99.66.57,41.204.84.253,220,0.0006450000000768341,regular http traffic
157.99.66.57,41.204.84.253,220,0.20993199999975332,regular http traffic
157.99.66.57,41.204.84.253,220,0.42150800000035815,regular http traffic
157.99.66.57,41.204.84.253,231,0.16605799999979354,regular http traffic
