src_ip,dest_ip,pkt_size,time_diff,original_class
157.99.66.52,202.11.82.14,92,5.002763999989838,regular http traffic
157.99.66.52,202.11.82.14,88,1.0017380000062985,regular http traffic
157.99.66.52,202.11.82.14,92,5.002609000002849,regular http traffic
