src_ip,dest_ip,pkt_size,time_diff,original_class
157.99.66.58,41.204.84.15,92,0.004143999999996595,regular http traffic
157.99.66.58,41.204.84.15,88,0.9707699999999022,regular http traffic
157.99.66.58,41.204.84.15,88,2.000000222324161e-06,regular http traffic
157.99.66.58,41.204.84.15,88,2.999999651365215e-06,regular http traffic
157.99.66.58,41.204.84.15,88,5.001671000000442,regular http traffic
157.99.66.58,41.204.84.15,92,0.006488999999874068,regular http traffic
157.99.66.58,41.204.84.15,92,4.995756999999685,regular http traffic
157.99.66.58,41.204.84.15,123,4.054204000000027,regular http traffic
157.99.66.58,41.204.84.15,123,43.46527900000001,regular http traffic
