src_ip,dest_ip,pkt_size,time_diff,original_class
157.99.66.52,202.11.82.103,1187,133.880585,regular http traffic
157.99.66.52,202.11.82.103,1427,29.198699000000033,regular http traffic
157.99.66.52,202.11.82.103,501,98.58562999999998,regular http traffic
157.99.66.52,202.11.82.103,179,81.03276599999998,regular http traffic
157.99.66.52,202.11.82.103,706,143.32482300000004,regular http traffic
