src_ip,dest_ip,pkt_size,time_diff,original_class
157.166.226.108,172.16.133.30,429,0.6637479999999982,regular http traffic
157.166.226.108,172.16.133.30,1205,0.22967599999998356,regular http traffic
