src_ip,dest_ip,pkt_size,time_diff,original_class
157.99.66.52,202.11.82.253,259,228.288382,regular http traffic
157.99.66.52,202.11.82.253,750,106.17289299999993,regular http traffic
157.99.66.52,202.11.82.253,1387,85.88735800000006,regular http traffic
157.99.66.52,202.11.82.253,88,139.027966,regular http traffic
