src_ip,dest_ip,pkt_size,time_diff,original_class
157.99.66.58,69.178.85.253,220,165.26910499999997,regular http traffic
157.99.66.58,69.178.85.253,220,1.3996050000000082,regular http traffic
157.99.66.58,69.178.85.253,230,2.5297820000000115,regular http traffic
