src_ip,dest_ip,pkt_size,time_diff,original_class
157.99.66.14,41.204.84.253,220,1.7015430000028573,regular http traffic
157.99.66.14,41.204.84.253,230,2.9999937396496534e-06,regular http traffic
157.99.66.14,41.204.84.253,220,0.023654999997233972,regular http traffic
157.99.66.14,41.204.84.253,231,0.012029000004986301,regular http traffic
157.99.66.14,41.204.84.253,220,0.008337999999639578,regular http traffic
