src_ip,dest_ip,pkt_size,time_diff,original_class
157.99.66.58,41.204.84.91,88,0.1250609999997323,regular http traffic
157.99.66.58,41.204.84.91,88,5.876764000000094,regular http traffic
157.99.66.58,41.204.84.91,88,0.028901000000132626,regular http traffic
157.99.66.58,41.204.84.91,88,4.982078999999885,regular http traffic
157.99.66.58,41.204.84.91,92,0.006339000000025408,regular http traffic
157.99.66.58,41.204.84.91,92,0.027951999999913824,regular http traffic
157.99.66.58,41.204.84.91,88,0.03543800000034025,regular http traffic
157.99.66.58,41.204.84.91,92,0.010980000000017753,regular http traffic
157.99.66.58,41.204.84.91,123,5.003692999999657,regular http traffic
157.99.66.58,41.204.84.91,229,113.89182200000005,regular http traffic
157.99.66.58,41.204.84.91,219,4.9000000217347406e-05,regular http traffic
157.99.66.58,41.204.84.91,229,5.399999963628943e-05,regular http traffic
157.99.66.58,41.204.84.91,219,9.600000021237065e-05,regular http traffic
157.99.66.58,41.204.84.91,219,0.3585750000002008,regular http traffic
157.99.66.58,41.204.84.91,229,1.4461169999999584,regular http traffic
157.99.66.58,41.204.84.91,219,0.7106069999999818,regular http traffic
157.99.66.58,41.204.84.91,219,0.05610099999967133,regular http traffic
157.99.66.58,41.204.84.91,219,2.025405000000319,regular http traffic
