src_ip,dest_ip,pkt_size,time_diff,original_class
157.99.66.57,130.68.81.102,220,10.525399000000107,regular http traffic
157.99.66.57,130.68.81.102,230,0.0005499999997482519,regular http traffic
157.99.66.57,130.68.81.102,232,0.07227200000033918,regular http traffic
157.99.66.57,130.68.81.102,220,0.049465000000054715,regular http traffic
157.99.66.57,130.68.81.102,220,0.26108899999962887,regular http traffic
157.99.66.57,130.68.81.102,231,0.15629200000057608,regular http traffic
