src_ip,dest_ip,pkt_size,time_diff,original_class
157.99.66.14,202.11.82.253,220,1.4150470000022324,regular http traffic
157.99.66.14,202.11.82.253,230,2.8000009479001164e-05,regular http traffic
157.99.66.14,202.11.82.253,220,0.023978999990504235,regular http traffic
157.99.66.14,202.11.82.253,231,0.011231000011321157,regular http traffic
157.99.66.14,202.11.82.253,220,0.008185999991837889,regular http traffic
