src_ip,dest_ip,pkt_size,time_diff,original_class
157.99.66.14,130.68.81.90,219,0.24397000000000446,regular http traffic
157.99.66.14,130.68.81.90,229,4.999999994481641e-06,regular http traffic
157.99.66.14,130.68.81.90,219,0.3650520000000057,regular http traffic
157.99.66.14,130.68.81.90,230,0.3485859999999974,regular http traffic
157.99.66.14,130.68.81.90,219,0.04976299999999867,regular http traffic
157.99.66.14,130.68.81.90,455,2.8184830000000005,regular http traffic
157.99.66.14,130.68.81.90,462,12.417319000000006,regular http traffic
157.99.66.14,130.68.81.90,500,952.203671,regular http traffic
157.99.66.14,130.68.81.90,500,0.5262250000000677,regular http traffic
157.99.66.14,130.68.81.90,487,18.604364999999916,regular http traffic
157.99.66.14,130.68.81.90,487,0.30720900000005713,regular http traffic
157.99.66.14,130.68.81.90,495,14.68327700000009,regular http traffic
157.99.66.14,130.68.81.90,495,0.286344999999983,regular http traffic
157.99.66.14,130.68.81.90,473,3.541060000000016,regular http traffic
157.99.66.14,130.68.81.90,473,0.29877299999998286,regular http traffic
157.99.66.14,130.68.81.90,462,3.5996079999999893,regular http traffic
157.99.66.14,130.68.81.90,469,14.732389000000012,regular http traffic
157.99.66.14,130.68.81.90,469,0.3028669999998783,regular http traffic
157.99.66.14,130.68.81.90,482,5.561001000000033,regular http traffic
157.99.66.14,130.68.81.90,482,0.30885600000010527,regular http traffic
157.99.66.14,130.68.81.90,487,2.889208999999937,regular http traffic
157.99.66.14,130.68.81.90,487,0.28789299999994,regular http traffic
157.99.66.14,130.68.81.90,545,29.674809000000096,regular http traffic
157.99.66.14,130.68.81.90,545,0.19450699999993049,regular http traffic
157.99.66.14,130.68.81.90,489,11.20859900000005,regular http traffic
157.99.66.14,130.68.81.90,489,0.2745660000000498,regular http traffic
157.99.66.14,130.68.81.90,515,19.136031000000003,regular http traffic
157.99.66.14,130.68.81.90,515,0.28110500000002503,regular http traffic
157.99.66.14,130.68.81.90,518,25.688183999999865,regular http traffic
157.99.66.14,130.68.81.90,518,0.28150400000004083,regular http traffic
157.99.66.14,130.68.81.90,455,519.2329070000001,regular http traffic
