src_ip,dest_ip,pkt_size,time_diff,original_class
157.99.66.54,110.209.6.25,466,10.101761000000003,regular http traffic
157.99.66.54,110.209.6.25,476,0.007486000000000104,regular http traffic
157.99.66.54,110.209.6.25,498,0.09208800000000394,regular http traffic
157.99.66.54,110.209.6.25,439,0.47815599999999847,regular http traffic
157.99.66.54,110.209.6.25,469,3.095183999999989,regular http traffic
