src_ip,dest_ip,pkt_size,time_diff,original_class
157.99.66.52,41.204.84.90,424,79.00828499999999,regular http traffic
157.99.66.52,41.204.84.90,1160,3.0736630000000105,regular http traffic
157.99.66.52,41.204.84.90,1104,3.428923999999995,regular http traffic
