src_ip,dest_ip,pkt_size,time_diff,original_class
157.99.66.73,69.178.85.102,220,27.418081999999913,regular http traffic
157.99.66.73,69.178.85.102,220,0.10361799999986943,regular http traffic
157.99.66.73,69.178.85.102,230,1.1498790000000554,regular http traffic
