src_ip,dest_ip,pkt_size,time_diff,original_class
157.99.66.14,130.68.81.70,92,5.002834000000007,regular http traffic
157.99.66.14,130.68.81.70,92,5.005084000000011,regular http traffic
157.99.66.14,130.68.81.70,123,10.006966000000006,regular http traffic
157.99.66.14,130.68.81.70,219,0.019262999999995145,regular http traffic
157.99.66.14,130.68.81.70,229,4.999999998744897e-05,regular http traffic
157.99.66.14,130.68.81.70,219,16.065342000000015,regular http traffic
157.99.66.14,130.68.81.70,219,16.01233499999998,regular http traffic
157.99.66.14,130.68.81.70,230,15.997461000000015,regular http traffic
