src_ip,dest_ip,pkt_size,time_diff,original_class
157.99.66.52,208.18.90.57,628,1.0340770000000248,regular http traffic
157.99.66.52,208.18.90.57,628,2.9897320000000036,regular http traffic
