src_ip,dest_ip,pkt_size,time_diff,original_class
157.99.66.54,41.204.84.15,436,0.05749599999990096,regular http traffic
157.99.66.54,41.204.84.15,466,3.0017609999999877,regular http traffic
157.99.66.54,41.204.84.15,467,2.0208920000000035,regular http traffic
157.99.66.54,41.204.84.15,440,4.353326000000152,regular http traffic
157.99.66.54,41.204.84.15,470,3.001211000000012,regular http traffic
