src_ip,dest_ip,pkt_size,time_diff,original_class
157.99.66.14,202.11.82.15,436,0.9751800000001367,regular http traffic
157.99.66.14,202.11.82.15,466,3.000960999999961,regular http traffic
157.99.66.14,202.11.82.15,455,367.752569,regular http traffic
157.99.66.14,202.11.82.15,521,4.11459600000012,regular http traffic
157.99.66.14,202.11.82.15,661,0.011728999999832013,regular http traffic
