src_ip,dest_ip,pkt_size,time_diff,original_class
157.99.66.57,150.204.83.89,220,14.489618000000519,regular http traffic
157.99.66.57,150.204.83.89,220,0.2154709999995248,regular http traffic
157.99.66.57,150.204.83.89,230,0.16470900000058464,regular http traffic
157.99.66.57,150.204.83.89,220,0.05178599999999278,regular http traffic
157.99.66.57,150.204.83.89,231,0.1585929999992004,regular http traffic
