src_ip,dest_ip,pkt_size,time_diff,original_class
157.99.66.57,202.11.82.251,220,22.402673999999934,regular http traffic
157.99.66.57,202.11.82.251,220,0.21452200000021548,regular http traffic
157.99.66.57,202.11.82.251,220,0.2195169999999962,regular http traffic
157.99.66.57,202.11.82.251,231,0.17199299999992945,regular http traffic
157.99.66.57,202.11.82.251,230,0.06563499999992928,regular http traffic
157.99.66.57,202.11.82.251,88,0.4217069999999694,regular http traffic
157.99.66.57,202.11.82.251,230,21.630383000000165,regular http traffic
157.99.66.57,202.11.82.251,220,0.17025999999987107,regular http traffic
157.99.66.57,202.11.82.251,231,0.16030899999987014,regular http traffic
157.99.66.57,202.11.82.251,220,0.10965699999997014,regular http traffic
157.99.66.57,202.11.82.251,220,0.21687000000019907,regular http traffic
