src_ip,dest_ip,pkt_size,time_diff,original_class
157.99.66.57,130.68.81.253,220,10.52510200000006,regular http traffic
157.99.66.57,130.68.81.253,230,0.0004979999994247919,regular http traffic
157.99.66.57,130.68.81.253,231,0.07222400000046036,regular http traffic
157.99.66.57,130.68.81.253,220,0.04951600000003964,regular http traffic
157.99.66.57,130.68.81.253,220,0.21147300000029645,regular http traffic
