src_ip,dest_ip,pkt_size,time_diff,original_class
157.99.66.73,69.178.85.15,88,0.005190999999967971,regular http traffic
157.99.66.73,69.178.85.15,88,0.003643000000010943,regular http traffic
157.99.66.73,69.178.85.15,76,0.00469199999997727,regular http traffic
157.99.66.73,69.178.85.15,344,27.298148000000083,regular http traffic
157.99.66.73,69.178.85.15,88,257.54113399999983,regular http traffic
157.99.66.73,69.178.85.15,88,0.018268000000261964,regular http traffic
157.99.66.73,69.178.85.15,88,0.009981999999581603,regular http traffic
157.99.66.73,69.178.85.15,76,0.00998200000003635,regular http traffic
157.99.66.73,69.178.85.15,344,20.159777000000304,regular http traffic
