src_ip,dest_ip,pkt_size,time_diff,original_class
157.99.66.52,130.68.81.102,88,6.115300000004936,regular http traffic
157.99.66.52,130.68.81.102,92,0.003943000003346242,regular http traffic
157.99.66.52,130.68.81.102,123,0.02976900000066962,regular http traffic
157.99.66.52,130.68.81.102,88,11.034392999994452,regular http traffic
157.99.66.52,130.68.81.102,88,3.7427410000091186,regular http traffic
157.99.66.52,130.68.81.102,92,1.2590289999934612,regular http traffic
157.99.66.52,130.68.81.102,88,0.8472020000044722,regular http traffic
157.99.66.52,130.68.81.102,92,2.8959389999945415,regular http traffic
