src_ip,dest_ip,pkt_size,time_diff,original_class
157.99.66.14,130.68.81.103,1438,0.002995999999996002,regular http traffic
157.99.66.14,130.68.81.103,1438,0.00024899999999661304,regular http traffic
157.99.66.14,130.68.81.103,1438,17.499133,regular http traffic
157.99.66.14,130.68.81.103,1438,615.232392,regular http traffic
157.99.66.14,130.68.81.103,1438,1045.5767179999998,regular http traffic
157.99.66.14,130.68.81.103,1438,0.004444000000148662,regular http traffic
157.99.66.14,130.68.81.103,1438,0.17646899999999732,regular http traffic
157.99.66.14,130.68.81.103,1438,389.90127499999994,regular http traffic
157.99.66.14,130.68.81.103,1438,0.07507900000018708,regular http traffic
