src_ip,dest_ip,pkt_size,time_diff,original_class
157.99.66.52,130.68.81.103,88,7.5778730000020005,regular http traffic
157.99.66.52,130.68.81.103,92,0.003089999998337589,regular http traffic
157.99.66.52,130.68.81.103,123,0.02864899999985937,regular http traffic
157.99.66.52,130.68.81.103,88,1.9677749999973457,regular http traffic
157.99.66.52,130.68.81.103,88,7.72371099999873,regular http traffic
157.99.66.52,130.68.81.103,92,2.278027000007569,regular http traffic
157.99.66.52,130.68.81.103,88,0.056799999991199,regular http traffic
157.99.66.52,130.68.81.103,92,2.6687369999999646,regular http traffic
157.99.66.52,130.68.81.103,92,2.332181000005221,regular http traffic
