src_ip,dest_ip,pkt_size,time_diff,original_class
157.99.66.52,41.204.84.89,1092,4.996818999999995,regular http traffic
157.99.66.52,41.204.84.89,127,0.012678000000001077,regular http traffic
157.99.66.52,41.204.84.89,1197,125.66982300000001,regular http traffic
157.99.66.52,41.204.84.89,390,0.09957399999998984,regular http traffic
157.99.66.52,41.204.84.89,259,0.12113600000000702,regular http traffic
157.99.66.52,41.204.84.89,545,116.07202399999997,regular http traffic
157.99.66.52,41.204.84.89,128,91.85184600000002,regular http traffic
157.99.66.52,41.204.84.89,127,131.21503399999995,regular http traffic
157.99.66.52,41.204.84.89,936,23.902439000000072,regular http traffic
157.99.66.52,41.204.84.89,150,117.37966499999993,regular http traffic
157.99.66.52,41.204.84.89,92,104.83521800000005,regular http traffic
157.99.66.52,41.204.84.89,580,6.0047969999999395,regular http traffic
157.99.66.52,41.204.84.89,136,18.494935000000055,regular http traffic
157.99.66.52,41.204.84.89,720,91.13671199999999,regular http traffic
157.99.66.52,41.204.84.89,416,15.973393999999985,regular http traffic
