src_ip,dest_ip,pkt_size,time_diff,original_class
157.99.66.14,41.204.84.103,1438,270.2740389999999,regular http traffic
157.99.66.14,41.204.84.103,1438,4.599958000000015,regular http traffic
157.99.66.14,41.204.84.103,1438,0.1584980000000087,regular http traffic
157.99.66.14,41.204.84.103,1438,0.030799999999999272,regular http traffic
157.99.66.14,41.204.84.103,1438,0.006391000000121494,regular http traffic
157.99.66.14,41.204.84.103,1438,511.9819699999998,regular http traffic
157.99.66.14,41.204.84.103,1438,0.031150000000252476,regular http traffic
157.99.66.14,41.204.84.103,1438,0.0251100000000406,regular http traffic
157.99.66.14,41.204.84.103,1438,0.030799999999999272,regular http traffic
