src_ip,dest_ip,pkt_size,time_diff,original_class
157.99.66.52,41.204.84.70,128,0.011080999999997232,regular http traffic
157.99.66.52,41.204.84.70,131,33.003071999999996,regular http traffic
157.99.66.52,41.204.84.70,1370,45.713571,regular http traffic
157.99.66.52,41.204.84.70,720,8.67702700000001,regular http traffic
157.99.66.52,41.204.84.70,552,313.747842,regular http traffic
157.99.66.52,41.204.84.70,571,20.02863000000002,regular http traffic
157.99.66.52,41.204.84.70,358,0.06408699999997225,regular http traffic
157.99.66.52,41.204.84.70,424,12.021274000000005,regular http traffic
