src_ip,dest_ip,pkt_size,time_diff,original_class
157.99.66.55,69.178.85.103,88,1.8674010000000294,regular http traffic
157.99.66.55,69.178.85.103,88,5.032713000000001,regular http traffic
157.99.66.55,69.178.85.103,92,4.966132999999957,regular http traffic
157.99.66.55,69.178.85.103,88,0.013126999999997224,regular http traffic
157.99.66.55,69.178.85.103,92,0.01976400000000922,regular http traffic
157.99.66.55,69.178.85.103,92,4.97956099999999,regular http traffic
