src_ip,dest_ip,pkt_size,time_diff,original_class
157.99.66.59,69.178.85.89,120,0.08795800000007148,regular http traffic
157.99.66.59,69.178.85.89,120,0.38159399999995003,regular http traffic
157.99.66.59,69.178.85.89,125,0.01418100000000777,regular http traffic
157.99.66.59,69.178.85.89,136,14.849142999999913,regular http traffic
157.99.66.59,69.178.85.89,530,4.52037399999972,regular http traffic
157.99.66.59,69.178.85.89,705,0.19174700000030498,regular http traffic
157.99.66.59,69.178.85.89,464,5.884191000000101,regular http traffic
157.99.66.59,69.178.85.89,255,27.017785999999887,regular http traffic
157.99.66.59,69.178.85.89,129,6.540246999999908,regular http traffic
157.99.66.59,69.178.85.89,619,46.861557000000175,regular http traffic
157.99.66.59,69.178.85.89,904,11.076296999999613,regular http traffic
157.99.66.59,69.178.85.89,492,11.727211000000352,regular http traffic
157.99.66.59,69.178.85.89,545,7.817135999999664,regular http traffic
157.99.66.59,69.178.85.89,522,24.24135800000022,regular http traffic
157.99.66.59,69.178.85.89,514,20.70992699999988,regular http traffic
157.99.66.59,69.178.85.89,928,16.347573999999895,regular http traffic
157.99.66.59,69.178.85.89,452,22.95706300000029,regular http traffic
157.99.66.59,69.178.85.89,128,5.759951000000001,regular http traffic
