src_ip,dest_ip,pkt_size,time_diff,original_class
157.99.66.52,202.11.82.15,736,43.85402799999997,regular http traffic
157.99.66.52,202.11.82.15,121,84.08912600000002,regular http traffic
157.99.66.52,202.11.82.15,665,3.884851000000026,regular http traffic
