src_ip,dest_ip,pkt_size,time_diff,original_class
157.99.66.58,41.204.84.253,220,123.84764799999994,regular http traffic
157.99.66.58,41.204.84.253,220,1.480359000000135,regular http traffic
157.99.66.58,41.204.84.253,230,0.48310499999979584,regular http traffic
