src_ip,dest_ip,pkt_size,time_diff,original_class
157.185.128.203,10.8.0.6,459,1650.117158,regular http traffic
157.185.128.203,10.8.0.6,459,3999.651226,regular http traffic
157.185.128.203,10.8.0.6,459,3889.6157029999995,regular http traffic
