src_ip,dest_ip,pkt_size,time_diff,original_class
157.99.66.14,130.68.81.253,543,1.4749089999995704,regular http traffic
157.99.66.14,130.68.81.253,594,4.721112000000176,regular http traffic
157.99.66.14,130.68.81.253,594,5.620353999999679,regular http traffic
157.99.66.14,130.68.81.253,594,32.119292000000314,regular http traffic
157.99.66.14,130.68.81.253,594,0.0005479999999806751,regular http traffic
157.99.66.14,130.68.81.253,511,6.411535999999614,regular http traffic
157.99.66.14,130.68.81.253,558,4.293491000000358,regular http traffic
