src_ip,dest_ip,pkt_size,time_diff,original_class
157.99.66.56,130.68.81.14,88,0.0009489999999914289,regular http traffic
157.99.66.56,130.68.81.14,92,5.003313000000048,regular http traffic
157.99.66.56,130.68.81.14,92,9.999999997489795e-05,regular http traffic
