src_ip,dest_ip,pkt_size,time_diff,original_class
157.99.66.55,130.68.81.14,88,0.0010929999999689244,regular http traffic
157.99.66.55,130.68.81.14,92,5.000620000000026,regular http traffic
157.99.66.55,130.68.81.14,92,0.0012980000000197833,regular http traffic
