src_ip,dest_ip,pkt_size,time_diff,original_class
157.99.66.57,150.204.83.253,221,14.487852999999632,regular http traffic
157.99.66.57,150.204.83.253,232,0.16356200000063836,regular http traffic
157.99.66.57,150.204.83.253,221,0.05270699999982753,regular http traffic
157.99.66.57,150.204.83.253,231,0.05240799999955925,regular http traffic
157.99.66.57,150.204.83.253,221,0.21646899999996094,regular http traffic
