src_ip,dest_ip,pkt_size,time_diff,original_class
157.99.66.52,130.68.81.14,88,0.0037940000038361177,regular http traffic
157.99.66.52,130.68.81.14,92,5.00211699999636,regular http traffic
157.99.66.52,130.68.81.14,92,0.0011969999904977158,regular http traffic
157.99.66.52,130.68.81.14,88,49.41129600000568,regular http traffic
157.99.66.52,130.68.81.14,92,5.024527000001399,regular http traffic
157.99.66.52,130.68.81.14,88,0.9925479999947129,regular http traffic
157.99.66.52,130.68.81.14,92,5.003317000009702,regular http traffic
