src_ip,dest_ip,pkt_size,time_diff,original_class
157.99.66.14,110.209.6.25,824,275.349103,regular http traffic
157.99.66.14,110.209.6.25,553,10.035128999999984,regular http traffic
157.99.66.14,110.209.6.25,532,0.0018959999999879074,regular http traffic
