src_ip,dest_ip,pkt_size,time_diff,original_class
157.99.66.14,202.11.82.252,437,0.10631199999988894,regular http traffic
157.99.66.14,202.11.82.252,467,2.963179000000082,regular http traffic
