src_ip,dest_ip,pkt_size,time_diff,original_class
157.185.129.50,10.8.0.6,1203,0.00879899999999978,regular http traffic
157.185.129.50,10.8.0.6,1201,9539.113226000001,regular http traffic
157.185.129.50,10.8.0.6,1203,0.01224999999976717,regular http traffic
