src_ip,dest_ip,pkt_size,time_diff,original_class
157.99.66.57,150.204.83.15,230,14.489016000000447,regular http traffic
157.99.66.57,150.204.83.15,220,0.0013479999997798586,regular http traffic
157.99.66.57,150.204.83.15,220,0.21492099999977654,regular http traffic
157.99.66.57,150.204.83.15,220,0.21626999999989494,regular http traffic
157.99.66.57,150.204.83.15,231,0.15857000000050903,regular http traffic
