src_ip,dest_ip,pkt_size,time_diff,original_class
157.99.66.52,202.11.82.70,108,4.843213,regular http traffic
157.99.66.52,202.11.82.70,271,1.0906779999999996,regular http traffic
157.99.66.52,202.11.82.70,108,4.902365,regular http traffic
157.99.66.52,202.11.82.70,207,2.0224849999999996,regular http traffic
157.99.66.52,202.11.82.70,108,7.907714,regular http traffic
157.99.66.52,202.11.82.70,271,1.2154120000000006,regular http traffic
157.99.66.52,202.11.82.70,108,7.817371000000001,regular http traffic
157.99.66.52,202.11.82.70,207,1.370087999999999,regular http traffic
157.99.66.52,202.11.82.70,108,5.441359999999996,regular http traffic
