src_ip,dest_ip,pkt_size,time_diff,original_class
157.99.66.73,69.178.85.90,229,27.418236999999863,regular http traffic
157.99.66.73,69.178.85.90,219,0.12228300000015224,regular http traffic
157.99.66.73,69.178.85.90,219,0.1049160000000029,regular http traffic
