src_ip,dest_ip,pkt_size,time_diff,original_class
157.99.66.57,69.178.85.253,230,140.3577220000002,regular http traffic
157.99.66.57,69.178.85.253,220,3.999999989900971e-06,regular http traffic
157.99.66.57,69.178.85.253,231,0.11783699999978126,regular http traffic
157.99.66.57,69.178.85.253,220,0.04971300000033807,regular http traffic
157.99.66.57,69.178.85.253,220,0.20876199999975142,regular http traffic
157.99.66.57,69.178.85.253,88,2102.9289360000002,regular http traffic
157.99.66.57,69.178.85.253,220,130.85639999999967,regular http traffic
157.99.66.57,69.178.85.253,230,3.000000106112566e-06,regular http traffic
157.99.66.57,69.178.85.253,220,0.1600509999998394,regular http traffic
157.99.66.57,69.178.85.253,231,0.15403500000047643,regular http traffic
157.99.66.57,69.178.85.253,220,0.05650100000002567,regular http traffic
