src_ip,dest_ip,pkt_size,time_diff,original_class
162.208.21.162,131.202.240.101,452,21.134156942367554,regular http traffic
162.208.21.162,131.202.240.101,452,0.0028519630432128906,regular http traffic
162.208.21.162,131.202.240.101,452,21.270414113998413,regular http traffic
162.208.21.162,131.202.240.101,452,0.060774803161621094,regular http traffic
162.208.21.162,131.202.240.101,452,23.29965901374817,regular http traffic
162.208.21.162,131.202.240.101,452,0.052186012268066406,regular http traffic
162.208.21.162,131.202.240.101,452,21.43091106414795,regular http traffic
162.208.21.162,131.202.240.101,452,1.0450899600982666,regular http traffic
162.208.21.162,131.202.240.101,452,21.252066135406494,regular http traffic
162.208.21.162,131.202.240.101,452,0.007289886474609375,regular http traffic
162.208.21.162,131.202.240.101,452,24.597214937210083,regular http traffic
