src_ip,dest_ip,pkt_size,time_diff,original_class
162.208.21.166,131.202.240.101,491,0.29793310165405273,regular http traffic
162.208.21.166,131.202.240.101,491,0.22735905647277832,regular http traffic
162.208.21.166,131.202.240.101,491,15.602274894714355,regular http traffic
162.208.21.166,131.202.240.101,491,16.06475305557251,regular http traffic
162.208.21.166,131.202.240.101,491,0.06108808517456055,regular http traffic
