src_ip,dest_ip,pkt_size,time_diff,original_class
163.171.140.206,10.8.0.6,82,2.6534300000002986,regular http traffic
163.171.140.206,10.8.0.6,809,0.04273899999952846,regular http traffic
