src_ip,dest_ip,pkt_size,time_diff,original_class
172.16.133.54,54.240.160.238,458,0.018685000000004948,regular http traffic
172.16.133.54,54.240.160.238,459,0.0012469999999780157,regular http traffic
172.16.133.54,54.240.160.238,505,0.05596800000000712,regular http traffic
172.16.133.54,54.240.160.238,500,0.2087760000000003,regular http traffic
172.16.133.54,54.240.160.238,504,0.0003289999999935844,regular http traffic
172.16.133.54,54.240.160.238,504,0.0002939999999966858,regular http traffic
172.16.133.54,54.240.160.238,560,4.838906000000009,regular http traffic
172.16.133.54,54.240.160.238,559,0.009489999999999554,regular http traffic
