src_ip,dest_ip,pkt_size,time_diff,original_class
172.16.133.37,184.51.251.100,1340,40.683921999999995,regular http traffic
172.16.133.37,184.51.251.100,505,10.312909000000005,regular http traffic
172.16.133.37,184.51.251.100,1344,71.49167100000001,regular http traffic
172.16.133.37,184.51.251.100,1344,10.252410999999995,regular http traffic
172.16.133.37,184.51.251.100,1338,10.186153999999988,regular http traffic
172.16.133.37,184.51.251.100,1341,40.91088300000001,regular http traffic
172.16.133.37,184.51.251.100,1344,30.761601999999982,regular http traffic
172.16.133.37,184.51.251.100,1341,51.405527000000035,regular http traffic
