src_ip,dest_ip,pkt_size,time_diff,original_class
172.16.133.132,98.139.161.29,443,0.43482600000000005,regular http traffic
172.16.133.132,98.139.161.29,443,0.30351399999999995,regular http traffic
172.16.133.132,98.139.161.29,443,0.45228500000000005,regular http traffic
172.16.133.132,98.139.161.29,443,0.3661129999999999,regular http traffic
172.16.133.132,98.139.161.29,443,0.452553,regular http traffic
172.16.133.132,98.139.161.29,443,0.46114999999999995,regular http traffic
172.16.133.132,98.139.161.29,443,0.3161670000000001,regular http traffic
172.16.133.132,98.139.161.29,443,0.4878680000000002,regular http traffic
172.16.133.132,98.139.161.29,443,0.35316400000000003,regular http traffic
172.16.133.132,98.139.161.29,443,0.48881099999999966,regular http traffic
172.16.133.132,98.139.161.29,443,0.36687400000000014,regular http traffic
172.16.133.132,98.139.161.29,443,0.39191600000000015,regular http traffic
172.16.133.132,98.139.161.29,443,0.42742400000000025,regular http traffic
172.16.133.132,98.139.161.29,443,1.0867139999999997,regular http traffic
172.16.133.132,98.139.161.29,443,0.43709799999999976,regular http traffic
172.16.133.132,98.139.161.29,443,1.9754940000000003,regular http traffic
172.16.133.132,98.139.161.29,443,1.371421999999999,regular http traffic
172.16.133.132,98.139.161.29,443,3.3951400000000014,regular http traffic
172.16.133.132,98.139.161.29,443,0.4280899999999992,regular http traffic
172.16.133.132,98.139.161.29,443,0.45243900000000004,regular http traffic
172.16.133.132,98.139.161.29,443,0.44600600000000057,regular http traffic
172.16.133.132,98.139.161.29,443,0.39772499999999944,regular http traffic
172.16.133.132,98.139.161.29,443,0.52834,regular http traffic
172.16.133.132,98.139.161.29,443,0.37004400000000004,regular http traffic
172.16.133.132,98.139.161.29,443,0.5419039999999988,regular http traffic
172.16.133.132,98.139.161.29,443,3.2234510000000007,regular http traffic
