src_ip,dest_ip,pkt_size,time_diff,original_class
172.16.133.28,167.8.226.13,651,1.1859620000000177,regular http traffic
172.16.133.28,167.8.226.13,665,30.21557599999997,regular http traffic
