src_ip,dest_ip,pkt_size,time_diff,original_class
172.16.133.121,208.74.204.95,95,0.9093279999999879,regular http traffic
172.16.133.121,208.74.204.95,64,5.212574000000004,regular http traffic
172.16.133.121,208.74.204.95,92,1.1356380000000001,regular http traffic
