src_ip,dest_ip,pkt_size,time_diff,original_class
172.16.133.93,138.108.6.20,584,0.0004299999999943793,regular http traffic
172.16.133.93,138.108.6.20,583,0.0003879999999867323,regular http traffic
172.16.133.93,138.108.6.20,578,15.487889000000024,regular http traffic
172.16.133.93,138.108.6.20,583,0.0009529999999813299,regular http traffic
172.16.133.93,138.108.6.20,578,28.73522699999998,regular http traffic
172.16.133.93,138.108.6.20,583,0.004857000000015432,regular http traffic
172.16.133.93,138.108.6.20,583,0.0034570000000258005,regular http traffic
172.16.133.93,138.108.6.20,578,14.326873999999975,regular http traffic
172.16.133.93,138.108.6.20,583,0.17339900000001762,regular http traffic
