src_ip,dest_ip,pkt_size,time_diff,original_class
172.16.133.73,74.125.170.143,753,0.0007800000000059981,regular http traffic
172.16.133.73,74.125.170.143,821,10.653384000000003,regular http traffic
172.16.133.73,74.125.170.143,826,1.7423479999999927,regular http traffic
172.16.133.73,74.125.170.143,826,0.9373900000000077,regular http traffic
172.16.133.73,74.125.170.143,826,13.187898999999987,regular http traffic
172.16.133.73,74.125.170.143,827,0.3194350000000128,regular http traffic
172.16.133.73,74.125.170.143,828,11.738889,regular http traffic
