src_ip,dest_ip,pkt_size,time_diff,original_class
172.16.133.96,173.194.43.32,617,0.15377800000004527,regular http traffic
172.16.133.96,173.194.43.32,618,0.35990599999996675,regular http traffic
172.16.133.96,173.194.43.32,619,0.22421100000002525,regular http traffic
172.16.133.96,173.194.43.32,620,0.16877999999996973,regular http traffic
172.16.133.96,173.194.43.32,621,0.10301000000004024,regular http traffic
172.16.133.96,173.194.43.32,622,0.1465509999999881,regular http traffic
172.16.133.96,173.194.43.32,623,0.1028180000000134,regular http traffic
172.16.133.96,173.194.43.32,624,0.13077499999997144,regular http traffic
172.16.133.96,173.194.43.32,625,0.07924200000002202,regular http traffic
172.16.133.96,173.194.43.32,626,0.19619399999999132,regular http traffic
172.16.133.96,173.194.43.32,627,0.16841899999997167,regular http traffic
172.16.133.96,173.194.43.32,628,0.39500800000001846,regular http traffic
172.16.133.96,173.194.43.32,629,0.25241299999999,regular http traffic
172.16.133.96,173.194.43.32,630,0.09659499999997934,regular http traffic
172.16.133.96,173.194.43.32,631,0.08239300000002459,regular http traffic
172.16.133.96,173.194.43.32,632,0.12663800000001402,regular http traffic
172.16.133.96,173.194.43.32,633,0.30302199999999857,regular http traffic
172.16.133.96,173.194.43.32,634,0.12541399999997793,regular http traffic
172.16.133.96,173.194.43.32,635,0.23458400000004076,regular http traffic
