src_ip,dest_ip,pkt_size,time_diff,original_class
172.16.133.54,23.21.81.234,736,0.002108000000006882,regular http traffic
172.16.133.54,23.21.81.234,1485,7.960192000000006,regular http traffic
172.16.133.54,23.21.81.234,1479,0.11269699999999716,regular http traffic
172.16.133.54,23.21.81.234,1477,16.587627999999995,regular http traffic
172.16.133.54,23.21.81.234,1422,22.16980799999999,regular http traffic
172.16.133.54,23.21.81.234,176,8.844657000000012,regular http traffic
