src_ip,dest_ip,pkt_size,time_diff,original_class
172.16.133.132,173.241.242.7,493,0.3033839999999941,regular http traffic
172.16.133.132,173.241.242.7,488,0.6146430000000009,regular http traffic
172.16.133.132,173.241.242.7,487,1.3591889999999864,regular http traffic
172.16.133.132,173.241.242.7,591,1.5754230000000007,regular http traffic
