src_ip,dest_ip,pkt_size,time_diff,original_class
172.16.133.132,98.139.134.187,472,0.37021299999999996,regular http traffic
172.16.133.132,98.139.134.187,472,0.4222870000000001,regular http traffic
172.16.133.132,98.139.134.187,472,0.4171689999999999,regular http traffic
172.16.133.132,98.139.134.187,472,0.40635600000000016,regular http traffic
172.16.133.132,98.139.134.187,472,0.3961840000000001,regular http traffic
172.16.133.132,98.139.134.187,472,0.42877199999999993,regular http traffic
172.16.133.132,98.139.134.187,472,0.3776639999999998,regular http traffic
172.16.133.132,98.139.134.187,472,0.44523,regular http traffic
172.16.133.132,98.139.134.187,472,0.4073769999999999,regular http traffic
172.16.133.132,98.139.134.187,472,0.3864019999999999,regular http traffic
172.16.133.132,98.139.134.187,472,0.47102100000000036,regular http traffic
172.16.133.132,98.139.134.187,472,0.39162500000000033,regular http traffic
172.16.133.132,98.139.134.187,472,0.4247129999999997,regular http traffic
172.16.133.132,98.139.134.187,472,1.0152330000000003,regular http traffic
172.16.133.132,98.139.134.187,472,0.36739299999999986,regular http traffic
172.16.133.132,98.139.134.187,472,2.1433739999999997,regular http traffic
172.16.133.132,98.139.134.187,472,1.2725419999999996,regular http traffic
172.16.133.132,98.139.134.187,472,3.4079829999999998,regular http traffic
172.16.133.132,98.139.134.187,472,0.4677100000000003,regular http traffic
172.16.133.132,98.139.134.187,472,0.4065380000000012,regular http traffic
172.16.133.132,98.139.134.187,472,0.4121439999999996,regular http traffic
172.16.133.132,98.139.134.187,472,0.4550009999999993,regular http traffic
172.16.133.132,98.139.134.187,472,0.41768300000000025,regular http traffic
172.16.133.132,98.139.134.187,472,0.5207250000000005,regular http traffic
172.16.133.132,98.139.134.187,472,0.43812799999999896,regular http traffic
172.16.133.132,98.139.134.187,472,3.3297659999999993,regular http traffic
