src_ip,dest_ip,pkt_size,time_diff,original_class
172.16.133.68,208.117.46.102,250,4.997636999999997,regular http traffic
172.16.133.68,208.117.46.102,351,0.4924570000000017,regular http traffic
172.16.133.68,208.117.46.102,351,0.5504300000000057,regular http traffic
172.16.133.68,208.117.46.102,348,3.956534999999974,regular http traffic
