src_ip,dest_ip,pkt_size,time_diff,original_class
172.16.133.96,216.39.54.36,390,2.999999992425728e-06,regular http traffic
172.16.133.96,216.39.54.36,390,0.0005429999999932988,regular http traffic
172.16.133.96,216.39.54.36,390,9.999999974752427e-07,regular http traffic
172.16.133.96,216.39.54.36,390,0.04901000000000977,regular http traffic
172.16.133.96,216.39.54.36,390,0.005062000000009448,regular http traffic
172.16.133.96,216.39.54.36,390,0.04998199999999997,regular http traffic
172.16.133.96,216.39.54.36,390,0.002553999999975076,regular http traffic
