src_ip,dest_ip,pkt_size,time_diff,original_class
172.16.133.93,208.47.254.83,1099,15.387394999999998,regular http traffic
172.16.133.93,208.47.254.83,626,28.88663600000001,regular http traffic
172.16.133.93,208.47.254.83,822,14.886269999999968,regular http traffic
