src_ip,dest_ip,pkt_size,time_diff,original_class
172.16.128.169,172.16.133.55,1076,34.213840000000005,regular http traffic
172.16.128.169,172.16.133.55,236,37.515308000000005,regular http traffic
172.16.128.169,172.16.133.55,1076,34.222356000000005,regular http traffic
172.16.128.169,172.16.133.55,236,37.59975699999998,regular http traffic
172.16.128.169,172.16.133.55,1076,33.22464400000001,regular http traffic
172.16.128.169,172.16.133.55,236,38.29302099999998,regular http traffic
172.16.128.169,172.16.133.55,1076,33.23273499999999,regular http traffic
