src_ip,dest_ip,pkt_size,time_diff,original_class
172.16.133.20,74.125.170.153,1240,0.0009260000000210766,regular http traffic
172.16.133.20,74.125.170.153,1332,4.910485999999963,regular http traffic
