src_ip,dest_ip,pkt_size,time_diff,original_class
172.16.133.96,174.35.22.75,1387,0.03759000000002288,regular http traffic
172.16.133.96,174.35.22.75,1400,0.030507999999997537,regular http traffic
172.16.133.96,174.35.22.75,1390,4.999999998744897e-05,regular http traffic
172.16.133.96,174.35.22.75,1297,0.09899899999999207,regular http traffic
172.16.133.96,174.35.22.75,1306,0.0004319999999893298,regular http traffic
172.16.133.96,174.35.22.75,436,5.355499000000009,regular http traffic
172.16.133.96,174.35.22.75,1280,0.0008930000000191285,regular http traffic
172.16.133.96,174.35.22.75,1262,0.0008169999999836364,regular http traffic
172.16.133.96,174.35.22.75,115,0.26394700000003013,regular http traffic
