src_ip,dest_ip,pkt_size,time_diff,original_class
172.16.133.68,173.194.43.60,273,0.12127800000001798,regular http traffic
172.16.133.68,173.194.43.60,268,0.34136499999999614,regular http traffic
172.16.133.68,173.194.43.60,259,0.1079599999999914,regular http traffic
172.16.133.68,173.194.43.60,260,0.5046480000000031,regular http traffic
172.16.133.68,173.194.43.60,259,0.11214499999999816,regular http traffic
