src_ip,dest_ip,pkt_size,time_diff,original_class
172.16.133.68,173.194.68.95,336,9.908747000000005,regular http traffic
172.16.133.68,173.194.68.95,393,5.000126999999992,regular http traffic
172.16.133.68,173.194.68.95,334,5.000155000000007,regular http traffic
172.16.133.68,173.194.68.95,333,10.000314000000003,regular http traffic
172.16.133.68,173.194.68.95,320,55.00149400000001,regular http traffic
