src_ip,dest_ip,pkt_size,time_diff,original_class
172.16.133.95,199.59.148.247,657,60.03807400000001,regular http traffic
172.16.133.95,199.59.148.247,657,59.99044999999998,regular http traffic
172.16.133.95,199.59.148.247,657,60.01308800000001,regular http traffic
172.16.133.95,199.59.148.247,657,59.98240800000002,regular http traffic
