src_ip,dest_ip,pkt_size,time_diff,original_class
172.16.133.41,208.47.254.9,889,0.00041900000000083537,regular http traffic
172.16.133.41,208.47.254.9,885,0.13792499999999563,regular http traffic
172.16.133.41,208.47.254.9,883,0.000362000000002638,regular http traffic
172.16.133.41,208.47.254.9,890,0.020471000000000572,regular http traffic
172.16.133.41,208.47.254.9,906,0.000633999999998025,regular http traffic
172.16.133.41,208.47.254.9,907,0.00041800000000336013,regular http traffic
