src_ip,dest_ip,pkt_size,time_diff,original_class
172.16.133.66,23.33.81.244,699,0.03294600000000969,regular http traffic
172.16.133.66,23.33.81.244,699,0.0600159999999903,regular http traffic
172.16.133.66,23.33.81.244,663,0.3473510000000033,regular http traffic
172.16.133.66,23.33.81.244,699,23.70912100000001,regular http traffic
172.16.133.66,23.33.81.244,699,0.11335399999998685,regular http traffic
172.16.133.66,23.33.81.244,699,0.053894000000013875,regular http traffic
