src_ip,dest_ip,pkt_size,time_diff,original_class
172.16.133.207,209.46.23.85,1174,9.985098,regular http traffic
172.16.133.207,209.46.23.85,1174,9.999341999999999,regular http traffic
172.16.133.207,209.46.23.85,1174,10.000253000000004,regular http traffic
172.16.133.207,209.46.23.85,1174,10.012540999999999,regular http traffic
172.16.133.207,209.46.23.85,1174,9.987978999999996,regular http traffic
172.16.133.207,209.46.23.85,1174,10.001384999999999,regular http traffic
172.16.133.207,209.46.23.85,1174,10.000419000000008,regular http traffic
172.16.133.207,209.46.23.85,1174,10.000191999999998,regular http traffic
172.16.133.207,209.46.23.85,1174,10.000523999999999,regular http traffic
172.16.133.207,209.46.23.85,1174,9.999998000000005,regular http traffic
172.16.133.207,209.46.23.85,1174,10.000630999999998,regular http traffic
172.16.133.207,209.46.23.85,1174,9.999880999999988,regular http traffic
172.16.133.207,209.46.23.85,1174,10.001461000000006,regular http traffic
172.16.133.207,209.46.23.85,1174,10.00057799999999,regular http traffic
172.16.133.207,209.46.23.85,1174,10.014585000000011,regular http traffic
172.16.133.207,209.46.23.85,1174,9.98684,regular http traffic
172.16.133.207,209.46.23.85,1174,10.000072999999986,regular http traffic
172.16.133.207,209.46.23.85,1174,10.001555000000025,regular http traffic
172.16.133.207,209.46.23.85,1174,9.999986999999976,regular http traffic
172.16.133.207,209.46.23.85,1174,10.001327000000003,regular http traffic
172.16.133.207,209.46.23.85,1174,9.99934300000001,regular http traffic
172.16.133.207,209.46.23.85,1174,10.00017299999999,regular http traffic
172.16.133.207,209.46.23.85,1174,9.999316000000022,regular http traffic
172.16.133.207,209.46.23.85,1174,10.000591999999983,regular http traffic
172.16.133.207,209.46.23.85,1174,10.000192999999996,regular http traffic
172.16.133.207,209.46.23.85,1174,10.022481000000028,regular http traffic
172.16.133.207,209.46.23.85,1174,9.979078999999956,regular http traffic
172.16.133.207,209.46.23.85,1174,10.000293,regular http traffic
172.16.133.207,209.46.23.85,1174,10.00028500000002,regular http traffic
