src_ip,dest_ip,pkt_size,time_diff,original_class
172.16.133.48,174.37.29.148,1406,1.035073999999998,regular http traffic
172.16.133.48,174.37.29.148,1485,0.20450400000000002,regular http traffic
