src_ip,dest_ip,pkt_size,time_diff,original_class
172.16.133.12,216.52.242.80,755,1.9065460000000058,regular http traffic
172.16.133.12,216.52.242.80,760,0.24663699999999267,regular http traffic
172.16.133.12,216.52.242.80,215,21.240142000000006,regular http traffic
172.16.133.12,216.52.242.80,215,42.304356999999996,regular http traffic
172.16.133.12,216.52.242.80,215,62.68943899999999,regular http traffic
172.16.133.12,216.52.242.80,181,83.19562199999999,regular http traffic
