src_ip,dest_ip,pkt_size,time_diff,original_class
172.16.133.41,208.47.254.32,884,0.0015659999999968477,regular http traffic
172.16.133.41,208.47.254.32,905,0.1687650000000005,regular http traffic
