src_ip,dest_ip,pkt_size,time_diff,original_class
172.16.133.78,173.194.43.59,91,0.4699379999999991,regular http traffic
172.16.133.78,173.194.43.59,1014,22.325046999999998,regular http traffic
172.16.133.78,173.194.43.59,1426,0.027672000000002583,regular http traffic
172.16.133.78,173.194.43.59,1420,0.0031189999999980955,regular http traffic
172.16.133.78,173.194.43.59,1426,0.04455600000000004,regular http traffic
172.16.133.78,173.194.43.59,391,0.0468049999999991,regular http traffic
172.16.133.78,173.194.43.59,415,0.20251800000000486,regular http traffic
172.16.133.78,173.194.43.59,416,0.01704199999999645,regular http traffic
172.16.133.78,173.194.43.59,416,0.03220800000000423,regular http traffic
172.16.133.78,173.194.43.59,439,252.943048,regular http traffic
172.16.133.78,173.194.43.59,443,0.004421999999976833,regular http traffic
