src_ip,dest_ip,pkt_size,time_diff,original_class
172.16.255.1,204.194.237.136,672,0.12038599999999633,regular http traffic
172.16.255.1,204.194.237.136,654,0.27567100000000266,regular http traffic
