src_ip,dest_ip,pkt_size,time_diff,original_class
172.16.133.30,208.93.140.140,330,0.11939200000000483,regular http traffic
172.16.133.30,208.93.140.140,544,0.8250570000000153,regular http traffic
172.16.133.30,208.93.140.140,540,0.14098899999999048,regular http traffic
172.16.133.30,208.93.140.140,551,1.8398290000000088,regular http traffic
172.16.133.30,208.93.140.140,551,0.6183019999999999,regular http traffic
