src_ip,dest_ip,pkt_size,time_diff,original_class
172.16.133.96,74.217.34.33,1395,0.18420100000003004,regular http traffic
172.16.133.96,74.217.34.33,1361,0.0014999999999645297,regular http traffic
172.16.133.96,74.217.34.33,1461,1.0756580000000326,regular http traffic
172.16.133.96,74.217.34.33,1456,0.00036199999999553256,regular http traffic
172.16.133.96,74.217.34.33,1456,0.3695619999999735,regular http traffic
