src_ip,dest_ip,pkt_size,time_diff,original_class
172.16.133.54,176.32.96.31,392,0.5559489999999983,regular http traffic
172.16.133.54,176.32.96.31,392,0.00037599999998860767,regular http traffic
172.16.133.54,176.32.96.31,393,0.12168600000001106,regular http traffic
172.16.133.54,176.32.96.31,411,4.423431999999991,regular http traffic
172.16.133.54,176.32.96.31,433,0.4993959999999902,regular http traffic
172.16.133.54,176.32.96.31,433,0.00046300000002474917,regular http traffic
172.16.133.54,176.32.96.31,433,0.005683999999973821,regular http traffic
172.16.133.54,176.32.96.31,433,0.03268500000001495,regular http traffic
172.16.133.54,176.32.96.31,441,0.006724999999988768,regular http traffic
172.16.133.54,176.32.96.31,440,0.005009999999998627,regular http traffic
