src_ip,dest_ip,pkt_size,time_diff,original_class
172.16.133.73,74.125.170.114,170,0.10900499999999624,regular http traffic
172.16.133.73,74.125.170.114,834,1.8338969999999932,regular http traffic
