src_ip,dest_ip,pkt_size,time_diff,original_class
172.16.133.48,50.16.236.32,660,29.920873000000004,regular http traffic
172.16.133.48,50.16.236.32,661,44.98596499999999,regular http traffic
