src_ip,dest_ip,pkt_size,time_diff,original_class
172.16.133.66,173.193.216.81,536,0.0035720000000196706,regular http traffic
172.16.133.66,173.193.216.81,536,0.008665999999976748,regular http traffic
172.16.133.66,173.193.216.81,536,0.00029000000000678483,regular http traffic
