src_ip,dest_ip,pkt_size,time_diff,original_class
172.16.133.42,198.145.13.24,523,0.00880499999999973,regular http traffic
172.16.133.42,198.145.13.24,524,0.0034049999999998803,regular http traffic
