src_ip,dest_ip,pkt_size,time_diff,original_class
172.16.133.83,172.16.128.169,394,0.49605299999999986,regular http traffic
172.16.133.83,172.16.128.169,748,1.970441,regular http traffic
