src_ip,dest_ip,pkt_size,time_diff,original_class
172.16.133.12,108.160.161.157,248,55.379121999999995,regular http traffic
172.16.133.12,108.160.161.157,248,55.828614000000016,regular http traffic
172.16.133.12,108.160.161.157,248,55.818539999999985,regular http traffic
172.16.133.12,108.160.161.157,248,55.890041,regular http traffic
