src_ip,dest_ip,pkt_size,time_diff,original_class
172.16.133.29,138.108.6.20,903,40.57902,regular http traffic
172.16.133.29,138.108.6.20,775,15.386838000000012,regular http traffic
172.16.133.29,138.108.6.20,860,5.805019999999985,regular http traffic
172.16.133.29,138.108.6.20,1145,16.944998999999996,regular http traffic
172.16.133.29,138.108.6.20,888,8.281037999999995,regular http traffic
172.16.133.29,138.108.6.20,833,7.810909000000009,regular http traffic
