src_ip,dest_ip,pkt_size,time_diff,original_class
172.16.133.78,208.47.254.83,747,19.832566,regular http traffic
172.16.133.78,208.47.254.83,998,1.0789210000000011,regular http traffic
172.16.133.78,208.47.254.83,542,254.082543,regular http traffic
