src_ip,dest_ip,pkt_size,time_diff,original_class
172.16.133.30,198.61.152.151,341,0.05937799999998106,regular http traffic
172.16.133.30,198.61.152.151,387,1.5979320000000143,regular http traffic
172.16.133.30,198.61.152.151,388,0.05349599999999555,regular http traffic
