src_ip,dest_ip,pkt_size,time_diff,original_class
172.16.133.29,173.194.43.60,1237,44.966463000000005,regular http traffic
172.16.133.29,173.194.43.60,1241,0.17981799999999737,regular http traffic
172.16.133.29,173.194.43.60,1277,15.150369999999995,regular http traffic
172.16.133.29,173.194.43.60,1244,40.288865,regular http traffic
172.16.133.29,173.194.43.60,1248,0.32162600000000907,regular http traffic
172.16.133.29,173.194.43.60,1153,15.161360000000002,regular http traffic
172.16.133.29,173.194.43.60,1157,0.02761300000000233,regular http traffic
172.16.133.29,173.194.43.60,1261,5.956692000000004,regular http traffic
172.16.133.29,173.194.43.60,1255,0.000579999999985148,regular http traffic
172.16.133.29,173.194.43.60,1328,15.96274600000001,regular http traffic
172.16.133.29,173.194.43.60,1332,0.969145999999995,regular http traffic
172.16.133.29,173.194.43.60,1165,8.315451999999993,regular http traffic
172.16.133.29,173.194.43.60,1159,0.11672000000001503,regular http traffic
172.16.133.29,173.194.43.60,1222,7.231295999999986,regular http traffic
172.16.133.29,173.194.43.60,1226,0.40080599999998867,regular http traffic
