src_ip,dest_ip,pkt_size,time_diff,original_class
172.16.133.132,208.47.254.9,508,0.003979000000001065,regular http traffic
172.16.133.132,208.47.254.9,582,0.46065800000000223,regular http traffic
172.16.133.132,208.47.254.9,544,0.0041609999999963065,regular http traffic
172.16.133.132,208.47.254.9,535,0.45548400000000555,regular http traffic
