src_ip,dest_ip,pkt_size,time_diff,original_class
172.16.133.41,74.125.226.60,452,0.27712800000000026,regular http traffic
172.16.133.41,74.125.226.60,476,0.06889699999999976,regular http traffic
172.16.133.41,74.125.226.60,884,30.231262,regular http traffic
172.16.133.41,74.125.226.60,885,0.3301579999999973,regular http traffic
172.16.133.41,74.125.226.60,436,3.7725519999999975,regular http traffic
