src_ip,dest_ip,pkt_size,time_diff,original_class
172.16.133.73,74.125.226.38,975,1.1252560000000003,regular http traffic
172.16.133.73,74.125.226.38,386,8.077433,regular http traffic
172.16.133.73,74.125.226.38,977,1.9510599999999982,regular http traffic
172.16.133.73,74.125.226.38,428,8.275488000000003,regular http traffic
172.16.133.73,74.125.226.38,1108,21.325721,regular http traffic
172.16.133.73,74.125.226.38,90,7.285843999999997,regular http traffic
172.16.133.73,74.125.226.38,128,10.077759999999998,regular http traffic
172.16.133.73,74.125.226.38,157,10.032522999999998,regular http traffic
172.16.133.73,74.125.226.38,96,10.066776000000004,regular http traffic
