src_ip,dest_ip,pkt_size,time_diff,original_class
172.16.133.66,67.217.177.126,527,0.02200199999998631,regular http traffic
172.16.133.66,67.217.177.126,488,0.4372449999999901,regular http traffic
172.16.133.66,67.217.177.126,461,0.3333900000000085,regular http traffic
172.16.133.66,67.217.177.126,475,0.02735899999998992,regular http traffic
172.16.133.66,67.217.177.126,452,0.3702000000000112,regular http traffic
