src_ip,dest_ip,pkt_size,time_diff,original_class
172.16.133.96,108.170.193.78,1368,0.0007579999999620668,regular http traffic
172.16.133.96,108.170.193.78,479,0.19969300000002477,regular http traffic
