src_ip,dest_ip,pkt_size,time_diff,original_class
172.16.133.68,173.194.74.121,485,3.889513000000001,regular http traffic
172.16.133.68,173.194.74.121,310,189.24328500000001,regular http traffic
