src_ip,dest_ip,pkt_size,time_diff,original_class
172.16.133.132,173.194.43.32,798,1.8749459999999978,regular http traffic
172.16.133.132,173.194.43.32,375,125.95519499999999,regular http traffic
172.16.133.132,173.194.43.32,836,2.134369000000021,regular http traffic
