src_ip,dest_ip,pkt_size,time_diff,original_class
172.16.133.40,67.228.30.242,934,0.538848999999999,regular http traffic
172.16.133.40,67.228.30.242,972,116.78349700000001,regular http traffic
