src_ip,dest_ip,pkt_size,time_diff,original_class
172.16.133.47,208.47.254.34,314,0.03994000000000142,regular http traffic
172.16.133.47,208.47.254.34,329,0.09744799999999998,regular http traffic
