src_ip,dest_ip,pkt_size,time_diff,original_class
172.16.133.67,63.84.95.66,885,125.48012999999999,regular http traffic
172.16.133.67,63.84.95.66,885,125.21222900000004,regular http traffic
