src_ip,dest_ip,pkt_size,time_diff,original_class
172.16.133.54,204.246.169.43,504,0.27475700000002234,regular http traffic
172.16.133.54,204.246.169.43,505,4.79697299999998,regular http traffic
