src_ip,dest_ip,pkt_size,time_diff,original_class
172.16.133.54,216.137.33.81,664,0.08976300000000492,regular http traffic
172.16.133.54,216.137.33.81,969,8.089240000000004,regular http traffic
172.16.133.54,216.137.33.81,954,0.05072499999999991,regular http traffic
172.16.133.54,216.137.33.81,1514,14.693138000000005,regular http traffic
172.16.133.54,216.137.33.81,1499,0.059916999999998666,regular http traffic
172.16.133.54,216.137.33.81,1459,20.853627999999986,regular http traffic
172.16.133.54,216.137.33.81,1444,0.09797500000001946,regular http traffic
172.16.133.54,216.137.33.81,1498,9.894514999999984,regular http traffic
172.16.133.54,216.137.33.81,1483,0.05680000000000973,regular http traffic
