src_ip,dest_ip,pkt_size,time_diff,original_class
172.16.133.63,23.0.49.244,949,40.218770999999975,regular http traffic
172.16.133.63,23.0.49.244,949,0.033801000000039494,regular http traffic
172.16.133.63,23.0.49.244,949,0.0008280000000127075,regular http traffic
172.16.133.63,23.0.49.244,949,0.00022599999999783904,regular http traffic
172.16.133.63,23.0.49.244,949,0.0002369999999700667,regular http traffic
172.16.133.63,23.0.49.244,949,0.0002499999999940883,regular http traffic
172.16.133.63,23.0.49.244,949,0.03283400000003667,regular http traffic
172.16.133.63,23.0.49.244,949,0.11322299999994812,regular http traffic
172.16.133.63,23.0.49.244,949,0.0009960000000432956,regular http traffic
