src_ip,dest_ip,pkt_size,time_diff,original_class
172.16.133.96,23.67.242.104,533,0.003960000000006403,regular http traffic
172.16.133.96,23.67.242.104,533,0.0009860000000116997,regular http traffic
