src_ip,dest_ip,pkt_size,time_diff,original_class
172.16.133.41,74.125.226.67,1299,0.6019929999999993,regular http traffic
172.16.133.41,74.125.226.67,1307,0.8046680000000004,regular http traffic
172.16.133.41,74.125.226.67,1427,28.634576000000003,regular http traffic
172.16.133.41,74.125.226.67,1418,0.42939799999999906,regular http traffic
172.16.133.41,74.125.226.67,937,1.7381799999999998,regular http traffic
172.16.133.41,74.125.226.67,1232,3.484281000000003,regular http traffic
172.16.133.41,74.125.226.67,1425,11.787119999999994,regular http traffic
172.16.133.41,74.125.226.67,1461,0.15357700000000563,regular http traffic
172.16.133.41,74.125.226.67,71,21.840068999999993,regular http traffic
172.16.133.41,74.125.226.67,1231,40.134904000000006,regular http traffic
