src_ip,dest_ip,pkt_size,time_diff,original_class
172.16.133.40,23.45.65.10,857,0.21323300000000245,regular http traffic
172.16.133.40,23.45.65.10,758,0.07329900000000578,regular http traffic
172.16.133.40,23.45.65.10,770,0.00030899999998723615,regular http traffic
172.16.133.40,23.45.65.10,1311,0.25682800000001293,regular http traffic
172.16.133.40,23.45.65.10,787,0.00025199999998903877,regular http traffic
172.16.133.40,23.45.65.10,1313,0.11321800000000337,regular http traffic
172.16.133.40,23.45.65.10,1328,0.5008040000000022,regular http traffic
172.16.133.40,23.45.65.10,1312,0.0002999999999957481,regular http traffic
172.16.133.40,23.45.65.10,1305,0.23416300000000945,regular http traffic
172.16.133.40,23.45.65.10,1309,0.07325899999999308,regular http traffic
172.16.133.40,23.45.65.10,1307,0.00046600000000296404,regular http traffic
172.16.133.40,23.45.65.10,1306,0.00046000000000390173,regular http traffic
172.16.133.40,23.45.65.10,1312,0.1206189999999907,regular http traffic
172.16.133.40,23.45.65.10,1306,0.1826819999999998,regular http traffic
172.16.133.40,23.45.65.10,1334,0.3286420000000021,regular http traffic
172.16.133.40,23.45.65.10,1318,0.0029020000000059554,regular http traffic
172.16.133.40,23.45.65.10,1365,0.5622359999999986,regular http traffic
172.16.133.40,23.45.65.10,1376,0.17395799999999895,regular http traffic
172.16.133.40,23.45.65.10,1377,0.011923999999993384,regular http traffic
172.16.133.40,23.45.65.10,1340,115.408451,regular http traffic
172.16.133.40,23.45.65.10,1340,0.00442100000000778,regular http traffic
172.16.133.40,23.45.65.10,1324,0.020964999999989686,regular http traffic
