src_ip,dest_ip,pkt_size,time_diff,original_class
172.16.133.40,23.6.17.224,330,0.22015499999999122,regular http traffic
172.16.133.40,23.6.17.224,1341,0.0024740000000065265,regular http traffic
172.16.133.40,23.6.17.224,468,0.09008099999999786,regular http traffic
172.16.133.40,23.6.17.224,868,1.370422000000005,regular http traffic
172.16.133.40,23.6.17.224,1254,116.22563499999998,regular http traffic
172.16.133.40,23.6.17.224,228,0.24627300000000218,regular http traffic
172.16.133.40,23.6.17.224,1283,0.03106999999999971,regular http traffic
