src_ip,dest_ip,pkt_size,time_diff,original_class
172.16.133.54,74.125.226.47,504,0.15115899999999272,regular http traffic
172.16.133.54,74.125.226.47,485,0.3295050000000117,regular http traffic
172.16.133.54,74.125.226.47,485,0.09110299999998972,regular http traffic
172.16.133.54,74.125.226.47,495,0.3142580000000095,regular http traffic
172.16.133.54,74.125.226.47,490,0.3391239999999982,regular http traffic
