src_ip,dest_ip,pkt_size,time_diff,original_class
172.16.133.132,173.194.43.59,533,0.21646900000000358,regular http traffic
172.16.133.132,173.194.43.59,417,0.09191399999999561,regular http traffic
172.16.133.132,173.194.43.59,565,1.207135000000001,regular http traffic
