src_ip,dest_ip,pkt_size,time_diff,original_class
172.16.133.132,23.67.242.17,426,0.00285199999999719,regular http traffic
172.16.133.132,23.67.242.17,446,0.0005130000000050927,regular http traffic
