src_ip,dest_ip,pkt_size,time_diff,original_class
172.16.133.25,173.194.43.41,888,10.083909000000006,regular http traffic
172.16.133.25,173.194.43.41,872,10.096895000000004,regular http traffic
172.16.133.25,173.194.43.41,874,10.089466000000002,regular http traffic
172.16.133.25,173.194.43.41,877,40.108907,regular http traffic
172.16.133.25,173.194.43.41,880,40.03311399999998,regular http traffic
172.16.133.25,173.194.43.41,881,40.001394000000005,regular http traffic
172.16.133.25,173.194.43.41,918,40.02917200000002,regular http traffic
172.16.133.25,173.194.43.41,881,40.018399999999986,regular http traffic
