src_ip,dest_ip,pkt_size,time_diff,original_class
172.16.133.66,208.78.169.230,924,0.001829999999984011,regular http traffic
172.16.133.66,208.78.169.230,748,0.0002980000000150085,regular http traffic
172.16.133.66,208.78.169.230,963,0.20904600000000073,regular http traffic
172.16.133.66,208.78.169.230,900,0.3970779999999934,regular http traffic
