src_ip,dest_ip,pkt_size,time_diff,original_class
172.16.133.78,23.21.250.167,853,0.0031740000000013424,regular http traffic
172.16.133.78,23.21.250.167,853,0.009745000000002335,regular http traffic
