src_ip,dest_ip,pkt_size,time_diff,original_class
172.16.133.28,138.108.7.20,1462,4.069595,regular http traffic
172.16.133.28,138.108.7.20,1218,46.55283,regular http traffic
172.16.133.28,138.108.7.20,1453,2.167256999999992,regular http traffic
172.16.133.28,138.108.7.20,1227,33.908635000000004,regular http traffic
172.16.133.28,138.108.7.20,1469,2.1967109999999934,regular http traffic
172.16.133.28,138.108.7.20,1224,54.584385,regular http traffic
172.16.133.28,138.108.7.20,1455,3.8756460000000175,regular http traffic
