src_ip,dest_ip,pkt_size,time_diff,original_class
172.16.133.41,173.194.43.45,659,34.337085,regular http traffic
172.16.133.41,173.194.43.45,659,0.25089200000000034,regular http traffic
172.16.133.41,173.194.43.45,659,73.89898,regular http traffic
172.16.133.41,173.194.43.45,659,0.3648639999999972,regular http traffic
