src_ip,dest_ip,pkt_size,time_diff,original_class
172.16.133.28,8.27.243.253,798,1.7474489999999996,regular http traffic
172.16.133.28,8.27.243.253,798,0.001273999999998665,regular http traffic
172.16.133.28,8.27.243.253,798,0.0006839999999996849,regular http traffic
172.16.133.28,8.27.243.253,798,0.00040500000000065484,regular http traffic
172.16.133.28,8.27.243.253,798,0.03426300000000282,regular http traffic
172.16.133.28,8.27.243.253,798,0.0006289999999999907,regular http traffic
172.16.133.28,8.27.243.253,798,0.01030099999999834,regular http traffic
172.16.133.28,8.27.243.253,798,0.0022550000000016723,regular http traffic
172.16.133.28,8.27.243.253,798,0.09642599999999746,regular http traffic
172.16.133.28,8.27.243.253,798,0.0002519999999996969,regular http traffic
172.16.133.28,8.27.243.253,798,0.04010399999999947,regular http traffic
172.16.133.28,8.27.243.253,798,0.07523300000000077,regular http traffic
172.16.133.28,8.27.243.253,798,0.001125000000001819,regular http traffic
172.16.133.28,8.27.243.253,798,0.06366299999999825,regular http traffic
172.16.133.28,8.27.243.253,798,0.03216899999999967,regular http traffic
172.16.133.28,8.27.243.253,798,0.05768300000000082,regular http traffic
172.16.133.28,8.27.243.253,798,0.038771000000000555,regular http traffic
172.16.133.28,8.27.243.253,798,0.03437100000000015,regular http traffic
172.16.133.28,8.27.243.253,798,0.00124800000000036,regular http traffic
172.16.133.28,8.27.243.253,798,0.10455599999999876,regular http traffic
172.16.133.28,8.27.243.253,798,0.02599400000000074,regular http traffic
172.16.133.28,8.27.243.253,798,0.00895399999999924,regular http traffic
172.16.133.28,8.27.243.253,798,0.055127999999999844,regular http traffic
172.16.133.28,8.27.243.253,798,0.03300600000000031,regular http traffic
172.16.133.28,8.27.243.253,798,0.06915700000000058,regular http traffic
172.16.133.28,8.27.243.253,798,0.01593899999999948,regular http traffic
172.16.133.28,8.27.243.253,798,0.03044799999999981,regular http traffic
172.16.133.28,8.27.243.253,798,0.048376000000001085,regular http traffic
172.16.133.28,8.27.243.253,144,246.13444199999998,regular http traffic
