src_ip,dest_ip,pkt_size,time_diff,original_class
172.16.133.132,63.116.244.144,517,0.001685000000001935,regular http traffic
172.16.133.132,63.116.244.144,517,0.0010089999999962629,regular http traffic
172.16.133.132,63.116.244.144,517,0.0010530000000059658,regular http traffic
