src_ip,dest_ip,pkt_size,time_diff,original_class
172.16.133.56,208.111.135.60,568,0.0016639999999767952,regular http traffic
172.16.133.56,208.111.135.60,568,0.0016770000000008167,regular http traffic
172.16.133.56,208.111.135.60,568,0.001163000000019565,regular http traffic
172.16.133.56,208.111.135.60,568,0.0008100000000013097,regular http traffic
172.16.133.56,208.111.135.60,568,0.0006709999999827687,regular http traffic
172.16.133.56,208.111.135.60,568,0.0518430000000194,regular http traffic
