src_ip,dest_ip,pkt_size,time_diff,original_class
172.16.133.78,23.60.241.224,1087,0.04298099999999749,regular http traffic
172.16.133.78,23.60.241.224,1470,0.10674200000000411,regular http traffic
172.16.133.78,23.60.241.224,1470,0.0015229999999988308,regular http traffic
172.16.133.78,23.60.241.224,1264,0.0075769999999977244,regular http traffic
172.16.133.78,23.60.241.224,1060,0.0007239999999981706,regular http traffic
