src_ip,dest_ip,pkt_size,time_diff,original_class
172.16.133.96,68.71.220.175,445,0.006829999999979464,regular http traffic
172.16.133.96,68.71.220.175,445,0.0003810000000044056,regular http traffic
