src_ip,dest_ip,pkt_size,time_diff,original_class
172.16.133.28,23.0.49.244,557,0.02520600000000428,regular http traffic
172.16.133.28,23.0.49.244,557,0.013087999999996214,regular http traffic
172.16.133.28,23.0.49.244,557,0.0010500000000064347,regular http traffic
172.16.133.28,23.0.49.244,557,0.019729999999995584,regular http traffic
172.16.133.28,23.0.49.244,557,0.02741100000000074,regular http traffic
172.16.133.28,23.0.49.244,554,50.551488,regular http traffic
172.16.133.28,23.0.49.244,554,0.01552499999999668,regular http traffic
172.16.133.28,23.0.49.244,554,0.0010960000000039827,regular http traffic
172.16.133.28,23.0.49.244,797,90.51362999999999,regular http traffic
172.16.133.28,23.0.49.244,797,0.06276600000001054,regular http traffic
172.16.133.28,23.0.49.244,797,0.0008770000000026812,regular http traffic
172.16.133.28,23.0.49.244,797,0.00041899999999372994,regular http traffic
172.16.133.28,23.0.49.244,797,0.025948999999997113,regular http traffic
172.16.133.28,23.0.49.244,797,0.0007400000000075124,regular http traffic
172.16.133.28,23.0.49.244,797,0.0031699999999830197,regular http traffic
172.16.133.28,23.0.49.244,552,25.174826000000024,regular http traffic
