src_ip,dest_ip,pkt_size,time_diff,original_class
172.16.133.96,76.13.234.33,757,14.573012999999946,regular http traffic
172.16.133.96,76.13.234.33,967,4.683008000000029,regular http traffic
172.16.133.96,76.13.234.33,881,5.607195999999988,regular http traffic
