src_ip,dest_ip,pkt_size,time_diff,original_class
172.16.133.113,74.125.228.113,1179,16.107391000000007,regular http traffic
172.16.133.113,74.125.228.113,1129,18.797064000000006,regular http traffic
