src_ip,dest_ip,pkt_size,time_diff,original_class
172.16.133.66,67.202.66.160,676,0.2163150000000087,regular http traffic
172.16.133.66,67.202.66.160,708,0.032390999999989845,regular http traffic
172.16.133.66,67.202.66.160,723,0.16735600000001227,regular http traffic
