src_ip,dest_ip,pkt_size,time_diff,original_class
172.16.133.73,173.194.43.35,480,0.5401899999999991,regular http traffic
172.16.133.73,173.194.43.35,493,0.000558999999999088,regular http traffic
172.16.133.73,173.194.43.35,432,0.0004820000000016478,regular http traffic
172.16.133.73,173.194.43.35,602,35.60008499999999,regular http traffic
172.16.133.73,173.194.43.35,604,0.0004500000000007276,regular http traffic
172.16.133.73,173.194.43.35,447,4.510268000000011,regular http traffic
172.16.133.73,173.194.43.35,447,0.03914100000000076,regular http traffic
172.16.133.73,173.194.43.35,447,0.0026439999999894326,regular http traffic
172.16.133.73,173.194.43.35,447,0.022296000000011418,regular http traffic
172.16.133.73,173.194.43.35,486,0.8638589999999908,regular http traffic
172.16.133.73,173.194.43.35,447,0.09173400000000242,regular http traffic
172.16.133.73,173.194.43.35,447,37.909948,regular http traffic
