src_ip,dest_ip,pkt_size,time_diff,original_class
172.16.133.60,172.16.139.250,140,12.956230000000005,regular http traffic
172.16.133.60,172.16.139.250,140,59.994203999999996,regular http traffic
172.16.133.60,172.16.139.250,264,47.060846999999995,regular http traffic
172.16.133.60,172.16.139.250,140,12.934269999999998,regular http traffic
172.16.133.60,172.16.139.250,140,59.99815100000001,regular http traffic
172.16.133.60,172.16.139.250,264,48.085117000000025,regular http traffic
172.16.133.60,172.16.139.250,140,11.91020599999996,regular http traffic
