src_ip,dest_ip,pkt_size,time_diff,original_class
172.16.133.78,173.194.43.45,1152,20.560263999999997,regular http traffic
172.16.133.78,173.194.43.45,300,1.030657000000005,regular http traffic
