src_ip,dest_ip,pkt_size,time_diff,original_class
172.16.133.71,157.56.236.89,316,6.099967000000007,regular http traffic
172.16.133.71,157.56.236.89,316,4.004200999999995,regular http traffic
