src_ip,dest_ip,pkt_size,time_diff,original_class
172.16.133.29,208.111.160.6,1435,0.020775999999999684,regular http traffic
172.16.133.29,208.111.160.6,1431,0.0003429999999999822,regular http traffic
172.16.133.29,208.111.160.6,1199,0.00019700000000000273,regular http traffic
172.16.133.29,208.111.160.6,483,0.2190019999999997,regular http traffic
172.16.133.29,208.111.160.6,505,0.17561300000000024,regular http traffic
172.16.133.29,208.111.160.6,523,0.0003609999999998337,regular http traffic
172.16.133.29,208.111.160.6,1016,19.320511,regular http traffic
