src_ip,dest_ip,pkt_size,time_diff,original_class
172.16.133.63,216.52.242.80,303,138.35447900000003,regular http traffic
172.16.133.63,216.52.242.80,260,0.09849599999998304,regular http traffic
172.16.133.63,216.52.242.80,299,2.1981420000000185,regular http traffic
172.16.133.63,216.52.242.80,640,0.14280699999997637,regular http traffic
172.16.133.63,216.52.242.80,576,1.3263180000000148,regular http traffic
172.16.133.63,216.52.242.80,837,0.30624299999999494,regular http traffic
172.16.133.63,216.52.242.80,899,6.740991000000008,regular http traffic
172.16.133.63,216.52.242.80,777,1.271620999999982,regular http traffic
172.16.133.63,216.52.242.80,995,27.535293000000024,regular http traffic
172.16.133.63,216.52.242.80,761,0.4943719999999985,regular http traffic
172.16.133.63,216.52.242.80,768,0.8316599999999994,regular http traffic
172.16.133.63,216.52.242.80,631,3.086873999999966,regular http traffic
172.16.133.63,216.52.242.80,1283,0.14898600000003626,regular http traffic
172.16.133.63,216.52.242.80,887,1.750550999999973,regular http traffic
172.16.133.63,216.52.242.80,837,0.22324300000002495,regular http traffic
