src_ip,dest_ip,pkt_size,time_diff,original_class
172.16.133.54,107.21.255.53,289,2.788837000000001,regular http traffic
172.16.133.54,107.21.255.53,568,0.05203199999999697,regular http traffic
172.16.133.54,107.21.255.53,519,3.40481299999999,regular http traffic
172.16.133.54,107.21.255.53,465,0.4861280000000079,regular http traffic
172.16.133.54,107.21.255.53,588,0.9359290000000158,regular http traffic
172.16.133.54,107.21.255.53,1153,1.1673029999999756,regular http traffic
172.16.133.54,107.21.255.53,583,0.42987200000001735,regular http traffic
172.16.133.54,107.21.255.53,1175,0.8676849999999945,regular http traffic
172.16.133.54,107.21.255.53,610,1.288267999999988,regular http traffic
