src_ip,dest_ip,pkt_size,time_diff,original_class
172.16.133.95,64.94.107.18,1054,15.67205100000001,regular http traffic
172.16.133.95,64.94.107.18,1143,5.943657999999999,regular http traffic
172.16.133.95,64.94.107.18,1054,13.062193000000008,regular http traffic
172.16.133.95,64.94.107.18,70,38.432597999999984,regular http traffic
