src_ip,dest_ip,pkt_size,time_diff,original_class
172.16.128.169,172.16.133.235,1076,7.459313,regular http traffic
172.16.128.169,172.16.133.235,192,2.0386560000000005,regular http traffic
