src_ip,dest_ip,pkt_size,time_diff,original_class
172.16.133.20,216.52.242.80,1323,0.5190459999999995,regular http traffic
172.16.133.20,216.52.242.80,382,0.7576640000000001,regular http traffic
172.16.133.20,216.52.242.80,1277,26.265392,regular http traffic
172.16.133.20,216.52.242.80,1414,0.49416699999999736,regular http traffic
172.16.133.20,216.52.242.80,1401,0.13189700000000215,regular http traffic
172.16.133.20,216.52.242.80,1470,1.1022999999999996,regular http traffic
172.16.133.20,216.52.242.80,531,0.3070779999999971,regular http traffic
172.16.133.20,216.52.242.80,1426,13.446382000000007,regular http traffic
