src_ip,dest_ip,pkt_size,time_diff,original_class
172.16.133.54,23.62.104.251,406,0.2691999999999979,regular http traffic
172.16.133.54,23.62.104.251,744,7.904738999999992,regular http traffic
