src_ip,dest_ip,pkt_size,time_diff,original_class
172.16.133.44,173.194.43.59,1057,1.3158979999999998,regular http traffic
172.16.133.44,173.194.43.59,1074,65.20205899999999,regular http traffic
172.16.133.44,173.194.43.59,1068,0.022182000000000812,regular http traffic
172.16.133.44,173.194.43.59,1148,3.35573500000001,regular http traffic
172.16.133.44,173.194.43.59,1152,0.022634999999993966,regular http traffic
172.16.133.44,173.194.43.59,1304,14.389661000000004,regular http traffic
172.16.133.44,173.194.43.59,1308,0.04397199999999657,regular http traffic
172.16.133.44,173.194.43.59,1303,8.857431000000005,regular http traffic
172.16.133.44,173.194.43.59,1307,0.8359119999999933,regular http traffic
