src_ip,dest_ip,pkt_size,time_diff,original_class
172.16.133.153,64.17.236.31,196,3.6256850000000007,regular http traffic
172.16.133.153,64.17.236.31,159,56.996539999999996,regular http traffic
172.16.133.153,64.17.236.31,196,2.231819999999999,regular http traffic
172.16.133.153,64.17.236.31,159,56.39049100000001,regular http traffic
172.16.133.153,64.17.236.31,196,2.663146999999981,regular http traffic
172.16.133.153,64.17.236.31,159,56.22481300000001,regular http traffic
172.16.133.153,64.17.236.31,196,11.971159,regular http traffic
172.16.133.153,64.17.236.31,159,49.56483800000001,regular http traffic
172.16.133.153,64.17.236.31,196,1.8074889999999755,regular http traffic
