src_ip,dest_ip,pkt_size,time_diff,original_class
172.16.133.163,184.173.190.13,233,0.080112999999983,regular http traffic
172.16.133.163,184.173.190.13,1177,0.21839700000001017,regular http traffic
