src_ip,dest_ip,pkt_size,time_diff,original_class
172.16.133.96,50.17.207.24,667,0.1967570000000194,regular http traffic
172.16.133.96,50.17.207.24,849,1.8958259999999996,regular http traffic
172.16.133.96,50.17.207.24,741,0.2798919999999896,regular http traffic
172.16.133.96,50.17.207.24,765,1.3368230000000096,regular http traffic
