src_ip,dest_ip,pkt_size,time_diff,original_class
172.16.133.28,173.194.43.59,1182,1.0535930000000011,regular http traffic
172.16.133.28,173.194.43.59,1202,5.047139,regular http traffic
172.16.133.28,173.194.43.59,1185,45.093475999999995,regular http traffic
172.16.133.28,173.194.43.59,1189,0.5021010000000032,regular http traffic
172.16.133.28,173.194.43.59,1202,3.5224079999999915,regular http traffic
172.16.133.28,173.194.43.59,1182,46.616905,regular http traffic
172.16.133.28,173.194.43.59,1186,0.5750110000000035,regular http traffic
172.16.133.28,173.194.43.59,1202,2.377643000000006,regular http traffic
172.16.133.28,173.194.43.59,1188,33.196403000000004,regular http traffic
172.16.133.28,173.194.43.59,1192,0.37944399999997813,regular http traffic
172.16.133.28,173.194.43.59,1202,2.2285140000000183,regular http traffic
172.16.133.28,173.194.43.59,1184,54.04196999999999,regular http traffic
172.16.133.28,173.194.43.59,1188,0.43891300000001365,regular http traffic
172.16.133.28,173.194.43.59,1199,3.3198039999999764,regular http traffic
172.16.133.28,173.194.43.59,1180,19.310009000000008,regular http traffic
172.16.133.28,173.194.43.59,1184,0.4246180000000095,regular http traffic
172.16.133.28,173.194.43.59,1202,34.956417000000016,regular http traffic
