src_ip,dest_ip,pkt_size,time_diff,original_class
172.16.128.169,172.16.133.72,1076,7.232357,regular http traffic
172.16.128.169,172.16.133.72,192,0.30614200000000036,regular http traffic
