src_ip,dest_ip,pkt_size,time_diff,original_class
172.16.133.39,108.160.160.163,269,55.840174,regular http traffic
172.16.133.39,108.160.160.163,269,55.544039999999995,regular http traffic
172.16.133.39,108.160.160.163,269,55.28711200000001,regular http traffic
172.16.133.39,108.160.160.163,269,55.42626799999999,regular http traffic
172.16.133.39,108.160.160.163,269,55.73988499999999,regular http traffic
