src_ip,dest_ip,pkt_size,time_diff,original_class
172.16.133.40,23.62.164.136,303,0.4710230000000024,regular http traffic
172.16.133.40,23.62.164.136,295,0.10394200000000353,regular http traffic
172.16.133.40,23.62.164.136,272,0.15068599999999321,regular http traffic
172.16.133.40,23.62.164.136,291,0.0006020000000006576,regular http traffic
