src_ip,dest_ip,pkt_size,time_diff,original_class
172.16.133.66,173.194.43.34,954,28.504711999999998,regular http traffic
172.16.133.66,173.194.43.34,953,8.071617000000003,regular http traffic
172.16.133.66,173.194.43.34,957,6.9386109999999945,regular http traffic
172.16.133.66,173.194.43.34,1020,84.29022599999999,regular http traffic
172.16.133.66,173.194.43.34,1229,0.8511290000000145,regular http traffic
172.16.133.66,173.194.43.34,1079,0.2513500000000022,regular http traffic
172.16.133.66,173.194.43.34,1355,0.011324999999999363,regular http traffic
172.16.133.66,173.194.43.34,1228,1.848670999999996,regular http traffic
