src_ip,dest_ip,pkt_size,time_diff,original_class
172.16.133.93,173.252.110.27,822,10.747138999999997,regular http traffic
172.16.133.93,173.252.110.27,822,86.401287,regular http traffic
172.16.133.93,173.252.110.27,844,4.281128000000024,regular http traffic
172.16.133.93,173.252.110.27,1331,96.20200699999998,regular http traffic
172.16.133.93,173.252.110.27,1143,43.053675999999996,regular http traffic
