src_ip,dest_ip,pkt_size,time_diff,original_class
172.16.128.169,172.16.139.250,246,53.98864699999999,regular http traffic
172.16.128.169,172.16.139.250,246,59.00858400000001,regular http traffic
172.16.128.169,172.16.139.250,246,59.98775699999999,regular http traffic
172.16.128.169,172.16.139.250,246,60.00574399999999,regular http traffic
