src_ip,dest_ip,pkt_size,time_diff,original_class
172.16.133.54,174.129.2.251,686,37.986731000000006,regular http traffic
172.16.133.54,174.129.2.251,861,7.781380999999982,regular http traffic
