src_ip,dest_ip,pkt_size,time_diff,original_class
172.16.128.169,172.16.133.24,1076,6.196243000000003,regular http traffic
172.16.128.169,172.16.133.24,192,0.6743469999999974,regular http traffic
