src_ip,dest_ip,pkt_size,time_diff,original_class
172.16.133.132,74.119.118.94,548,2.2612379999999916,regular http traffic
172.16.133.132,74.119.118.94,1043,1.824811000000011,regular http traffic
172.16.133.132,74.119.118.94,1005,0.5248399999999833,regular http traffic
172.16.133.132,74.119.118.94,1007,0.03713600000000383,regular http traffic
172.16.133.132,74.119.118.94,1050,1.0737180000000137,regular http traffic
172.16.133.132,74.119.118.94,1050,1.7657059999999944,regular http traffic
