src_ip,dest_ip,pkt_size,time_diff,original_class
172.16.133.78,74.125.226.13,446,0.06461199999999678,regular http traffic
172.16.133.78,74.125.226.13,386,0.0009180000000057476,regular http traffic
172.16.133.78,74.125.226.13,386,0.00684400000000096,regular http traffic
172.16.133.78,74.125.226.13,386,0.0005539999999939482,regular http traffic
172.16.133.78,74.125.226.13,386,0.09752100000000041,regular http traffic
172.16.133.78,74.125.226.13,386,0.0005170000000020991,regular http traffic
172.16.133.78,74.125.226.13,386,0.0006240000000019563,regular http traffic
