src_ip,dest_ip,pkt_size,time_diff,original_class
172.16.133.72,172.16.128.169,394,0.8669070000000003,regular http traffic
172.16.133.72,172.16.128.169,744,1.650066999999999,regular http traffic
