src_ip,dest_ip,pkt_size,time_diff,original_class
172.16.133.54,67.69.174.8,455,0.14771400000000767,regular http traffic
172.16.133.54,67.69.174.8,455,1.265435999999994,regular http traffic
172.16.133.54,67.69.174.8,503,0.9735990000000072,regular http traffic
172.16.133.54,67.69.174.8,493,0.7493999999999943,regular http traffic
172.16.133.54,67.69.174.8,441,27.10623799999999,regular http traffic
172.16.133.54,67.69.174.8,441,2.0325260000000185,regular http traffic
