src_ip,dest_ip,pkt_size,time_diff,original_class
172.16.133.87,199.47.218.150,249,56.056285,regular http traffic
172.16.133.87,199.47.218.150,249,55.77432499999999,regular http traffic
172.16.133.87,199.47.218.150,249,55.41421100000001,regular http traffic
172.16.133.87,199.47.218.150,249,55.18582799999999,regular http traffic
172.16.133.87,199.47.218.150,249,55.49975900000004,regular http traffic
