src_ip,dest_ip,pkt_size,time_diff,original_class
172.16.133.54,204.13.194.137,1107,4.882375999999994,regular http traffic
172.16.133.54,204.13.194.137,1031,0.05687400000000764,regular http traffic
172.16.133.54,204.13.194.137,926,0.028525999999999385,regular http traffic
172.16.133.54,204.13.194.137,873,16.202194000000006,regular http traffic
172.16.133.54,204.13.194.137,1051,5.667279999999977,regular http traffic
172.16.133.54,204.13.194.137,985,0.08949800000002028,regular http traffic
172.16.133.54,204.13.194.137,880,0.18351300000000492,regular http traffic
172.16.133.54,204.13.194.137,925,1.8860699999999895,regular http traffic
172.16.133.54,204.13.194.137,848,5.401619000000011,regular http traffic
172.16.133.54,204.13.194.137,1109,1.5077549999999746,regular http traffic
172.16.133.54,204.13.194.137,1032,0.02805800000001568,regular http traffic
172.16.133.54,204.13.194.137,927,0.041693000000009306,regular http traffic
