src_ip,dest_ip,pkt_size,time_diff,original_class
172.16.133.73,173.194.43.41,604,0.028425999999996066,regular http traffic
172.16.133.73,173.194.43.41,604,0.016327000000003977,regular http traffic
172.16.133.73,173.194.43.41,602,0.10416399999999726,regular http traffic
172.16.133.73,173.194.43.41,602,0.00044300000000419004,regular http traffic
172.16.133.73,173.194.43.41,448,4.208765999999997,regular http traffic
172.16.133.73,173.194.43.41,447,0.30363599999999735,regular http traffic
172.16.133.73,173.194.43.41,447,0.037418000000002394,regular http traffic
172.16.133.73,173.194.43.41,451,38.888277,regular http traffic
172.16.133.73,173.194.43.41,447,0.0034100000000023556,regular http traffic
172.16.133.73,173.194.43.41,447,0.0005740000000002965,regular http traffic
172.16.133.73,173.194.43.41,447,0.5153929999999889,regular http traffic
