src_ip,dest_ip,pkt_size,time_diff,original_class
172.16.133.163,108.170.194.161,344,0.0003070000000207074,regular http traffic
172.16.133.163,108.170.194.161,365,0.0017819999999915126,regular http traffic
