src_ip,dest_ip,pkt_size,time_diff,original_class
172.16.133.55,172.16.128.169,968,34.211918,regular http traffic
172.16.133.55,172.16.128.169,744,1.8462630000000004,regular http traffic
172.16.133.55,172.16.128.169,744,35.650634000000004,regular http traffic
172.16.133.55,172.16.128.169,968,34.238209,regular http traffic
172.16.133.55,172.16.128.169,744,1.8144760000000133,regular http traffic
172.16.133.55,172.16.128.169,744,35.78787199999999,regular http traffic
172.16.133.55,172.16.128.169,968,33.228241999999995,regular http traffic
172.16.133.55,172.16.128.169,744,1.7839759999999956,regular http traffic
172.16.133.55,172.16.128.169,744,36.48673500000001,regular http traffic
172.16.133.55,172.16.128.169,968,33.234792,regular http traffic
172.16.133.55,172.16.128.169,744,1.7978009999999927,regular http traffic
