src_ip,dest_ip,pkt_size,time_diff,original_class
172.16.133.128,208.44.23.50,502,68.40648199999998,regular http traffic
172.16.133.128,208.44.23.50,168,29.86179800000002,regular http traffic
