src_ip,dest_ip,pkt_size,time_diff,original_class
172.16.133.41,74.125.226.58,60,28.635549,regular http traffic
172.16.133.41,74.125.226.58,654,0.6257739999999998,regular http traffic
172.16.133.41,74.125.226.58,1185,5.079837999999995,regular http traffic
172.16.133.41,74.125.226.58,1185,0.24859500000000168,regular http traffic
172.16.133.41,74.125.226.58,1185,73.90911399999999,regular http traffic
172.16.133.41,74.125.226.58,1185,0.35517700000001184,regular http traffic
