src_ip,dest_ip,pkt_size,time_diff,original_class
172.16.133.54,54.235.184.94,393,0.0006020000000006576,regular http traffic
172.16.133.54,54.235.184.94,856,58.14569,regular http traffic
