src_ip,dest_ip,pkt_size,time_diff,original_class
172.16.133.54,23.21.75.80,1418,0.6795769999999948,regular http traffic
172.16.133.54,23.21.75.80,1422,0.6611919999999998,regular http traffic
172.16.133.54,23.21.75.80,1402,12.474278999999996,regular http traffic
172.16.133.54,23.21.75.80,1407,2.832642000000007,regular http traffic
172.16.133.54,23.21.75.80,1404,1.1189859999999925,regular http traffic
172.16.133.54,23.21.75.80,1403,0.26092800000000693,regular http traffic
172.16.133.54,23.21.75.80,1399,17.295969000000014,regular http traffic
172.16.133.54,23.21.75.80,577,4.43338,regular http traffic
