src_ip,dest_ip,pkt_size,time_diff,original_class
172.16.133.66,216.246.14.25,750,0.0007580000000189102,regular http traffic
172.16.133.66,216.246.14.25,882,0.4853719999999839,regular http traffic
