src_ip,dest_ip,pkt_size,time_diff,original_class
172.16.133.184,107.22.223.184,418,6.258876000000001,regular http traffic
172.16.133.184,107.22.223.184,432,9.481842999999998,regular http traffic
