src_ip,dest_ip,pkt_size,time_diff,original_class
172.16.133.153,184.84.3.78,174,54.72633400000001,regular http traffic
172.16.133.153,184.84.3.78,174,63.55889899999998,regular http traffic
172.16.133.153,184.84.3.78,174,68.89977000000002,regular http traffic
172.16.133.153,184.84.3.78,174,50.22417699999997,regular http traffic
