src_ip,dest_ip,pkt_size,time_diff,original_class
172.16.133.73,173.194.43.60,772,0.0006489999999992335,regular http traffic
172.16.133.73,173.194.43.60,995,35.956326,regular http traffic
172.16.133.73,173.194.43.60,500,4.960535000000007,regular http traffic
172.16.133.73,173.194.43.60,1230,0.2693969999999979,regular http traffic
172.16.133.73,173.194.43.60,455,0.8218360000000047,regular http traffic
