src_ip,dest_ip,pkt_size,time_diff,original_class
172.16.133.96,208.47.254.83,470,0.062126999999975396,regular http traffic
172.16.133.96,208.47.254.83,463,6.611980000000017,regular http traffic
172.16.133.96,208.47.254.83,464,0.022919999999999163,regular http traffic
172.16.133.96,208.47.254.83,463,1.7833989999999744,regular http traffic
172.16.133.96,208.47.254.83,464,0.033460000000047785,regular http traffic
172.16.133.96,208.47.254.83,469,6.135166999999967,regular http traffic
172.16.133.96,208.47.254.83,470,0.07467600000001084,regular http traffic
172.16.133.96,208.47.254.83,662,4.149665000000027,regular http traffic
172.16.133.96,208.47.254.83,663,0.030308999999988373,regular http traffic
172.16.133.96,208.47.254.83,538,0.2226660000000038,regular http traffic
172.16.133.96,208.47.254.83,539,0.08120199999996203,regular http traffic
172.16.133.96,208.47.254.83,675,4.6093570000000454,regular http traffic
172.16.133.96,208.47.254.83,676,0.028902999999957046,regular http traffic
172.16.133.96,208.47.254.83,482,1.255078000000026,regular http traffic
172.16.133.96,208.47.254.83,552,0.030799999999999272,regular http traffic
172.16.133.96,208.47.254.83,1462,2.6159639999999627,regular http traffic
172.16.133.96,208.47.254.83,1463,0.024829000000011092,regular http traffic
172.16.133.96,208.47.254.83,506,0.37699200000002975,regular http traffic
172.16.133.96,208.47.254.83,507,0.029141999999978907,regular http traffic
