src_ip,dest_ip,pkt_size,time_diff,original_class
172.16.133.96,23.45.65.26,1336,4.899999998997373e-05,regular http traffic
172.16.133.96,23.45.65.26,961,0.11644699999999375,regular http traffic
172.16.133.96,23.45.65.26,1208,0.15161900000003925,regular http traffic
