src_ip,dest_ip,pkt_size,time_diff,original_class
172.16.133.42,208.89.13.133,932,9.355114,regular http traffic
172.16.133.42,208.89.13.133,900,20.712084000000004,regular http traffic
172.16.133.42,208.89.13.133,932,9.384541999999996,regular http traffic
172.16.133.42,208.89.13.133,900,20.690020000000004,regular http traffic
172.16.133.42,208.89.13.133,932,9.374955999999997,regular http traffic
172.16.133.42,208.89.13.133,900,20.684672000000006,regular http traffic
172.16.133.42,208.89.13.133,932,9.427016999999992,regular http traffic
172.16.133.42,208.89.13.133,900,20.704239,regular http traffic
172.16.133.42,208.89.13.133,932,9.36869399999999,regular http traffic
172.16.133.42,208.89.13.133,900,20.692163000000022,regular http traffic
172.16.133.42,208.89.13.133,931,9.390087999999992,regular http traffic
172.16.133.42,208.89.13.133,899,20.67211599999999,regular http traffic
172.16.133.42,208.89.13.133,932,9.422633000000019,regular http traffic
172.16.133.42,208.89.13.133,899,20.690505,regular http traffic
172.16.133.42,208.89.13.133,932,9.388259999999974,regular http traffic
172.16.133.42,208.89.13.133,900,20.679844000000003,regular http traffic
172.16.133.42,208.89.13.133,932,9.400439000000006,regular http traffic
172.16.133.42,208.89.13.133,900,20.66516999999999,regular http traffic
172.16.133.42,208.89.13.133,932,9.397419000000014,regular http traffic
