src_ip,dest_ip,pkt_size,time_diff,original_class
172.16.133.16,208.92.52.90,719,59.98720999999999,regular http traffic
172.16.133.16,208.92.52.90,719,60.046728,regular http traffic
172.16.133.16,208.92.52.90,719,59.97033999999999,regular http traffic
172.16.133.16,208.92.52.90,719,59.970324000000005,regular http traffic
