src_ip,dest_ip,pkt_size,time_diff,original_class
172.16.133.126,72.21.207.18,165,40.526502,regular http traffic
172.16.133.126,72.21.207.18,165,40.661411,regular http traffic
172.16.133.126,72.21.207.18,165,40.533276,regular http traffic
172.16.133.126,72.21.207.18,165,40.597430999999986,regular http traffic
172.16.133.126,72.21.207.18,165,40.588536000000005,regular http traffic
172.16.133.126,72.21.207.18,165,40.510017000000005,regular http traffic
172.16.133.126,72.21.207.18,165,40.56677800000003,regular http traffic
