src_ip,dest_ip,pkt_size,time_diff,original_class
172.16.133.163,66.235.139.153,1065,6.815068999999994,regular http traffic
172.16.133.163,66.235.139.153,1206,56.74382500000001,regular http traffic
172.16.133.163,66.235.139.153,1065,4.189066999999994,regular http traffic
172.16.133.163,66.235.139.153,1236,37.66899600000001,regular http traffic
172.16.133.163,66.235.139.153,1259,24.82199399999999,regular http traffic
172.16.133.163,66.235.139.153,1148,64.255491,regular http traffic
172.16.133.163,66.235.139.153,1299,0.09740199999998822,regular http traffic
