src_ip,dest_ip,pkt_size,time_diff,original_class
172.16.133.66,64.94.107.25,608,40.65573900000001,regular http traffic
172.16.133.66,64.94.107.25,840,0.03333699999998885,regular http traffic
172.16.133.66,64.94.107.25,623,0.023882000000014614,regular http traffic
172.16.133.66,64.94.107.25,530,0.26678799999999114,regular http traffic
172.16.133.66,64.94.107.25,530,0.035992999999990616,regular http traffic
172.16.133.66,64.94.107.25,913,0.4107930000000124,regular http traffic
172.16.133.66,64.94.107.25,619,0.06364700000000312,regular http traffic
172.16.133.66,64.94.107.25,665,0.5306989999999985,regular http traffic
172.16.133.66,64.94.107.25,1270,1.8906369999999981,regular http traffic
