src_ip,dest_ip,pkt_size,time_diff,original_class
172.16.133.54,209.190.106.126,1502,0.0040919999999999845,regular http traffic
172.16.133.54,209.190.106.126,60,0.03988099999999406,regular http traffic
172.16.133.54,209.190.106.126,1502,0.0637439999999998,regular http traffic
172.16.133.54,209.190.106.126,800,8.056916999999999,regular http traffic
172.16.133.54,209.190.106.126,987,0.3131010000000032,regular http traffic
172.16.133.54,209.190.106.126,988,0.0004040000000031796,regular http traffic
172.16.133.54,209.190.106.126,974,0.005472999999994954,regular http traffic
172.16.133.54,209.190.106.126,1097,0.3457819999999998,regular http traffic
