src_ip,dest_ip,pkt_size,time_diff,original_class
172.16.133.25,173.194.43.38,447,0.00028299999999958914,regular http traffic
172.16.133.25,173.194.43.38,447,0.00024300000000110344,regular http traffic
172.16.133.25,173.194.43.38,447,0.00706599999999824,regular http traffic
172.16.133.25,173.194.43.38,451,43.308143,regular http traffic
172.16.133.25,173.194.43.38,447,0.01718500000000489,regular http traffic
172.16.133.25,173.194.43.38,447,0.0006929999999982783,regular http traffic
