src_ip,dest_ip,pkt_size,time_diff,original_class
172.16.133.40,67.228.244.117,83,0.5696849999999927,regular http traffic
172.16.133.40,67.228.244.117,177,115.586767,regular http traffic
172.16.133.40,67.228.244.117,1509,1.2167340000000024,regular http traffic
