src_ip,dest_ip,pkt_size,time_diff,original_class
172.16.133.95,208.47.254.81,1455,0.6870920000000069,regular http traffic
172.16.133.95,208.47.254.81,1001,14.711556000000002,regular http traffic
172.16.133.95,208.47.254.81,1091,6.217229000000003,regular http traffic
172.16.133.95,208.47.254.81,1001,13.041924999999992,regular http traffic
172.16.133.95,208.47.254.81,1455,38.42498699999999,regular http traffic
172.16.133.95,208.47.254.81,1455,0.5528910000000451,regular http traffic
