src_ip,dest_ip,pkt_size,time_diff,original_class
172.16.133.41,23.0.60.101,200,0.06034999999999968,regular http traffic
172.16.133.41,23.0.60.101,223,0.02885700000000213,regular http traffic
172.16.133.41,23.0.60.101,219,0.0006100000000088812,regular http traffic
172.16.133.41,23.0.60.101,202,0.003581999999994423,regular http traffic
172.16.133.41,23.0.60.101,203,0.0007200000000011642,regular http traffic
172.16.133.41,23.0.60.101,220,0.18932300000000168,regular http traffic
