src_ip,dest_ip,pkt_size,time_diff,original_class
172.16.133.54,67.69.174.129,1234,0.19194300000000908,regular http traffic
172.16.133.54,67.69.174.129,466,0.0004899999999992133,regular http traffic
172.16.133.54,67.69.174.129,1288,15.268440999999996,regular http traffic
172.16.133.54,67.69.174.129,520,0.0008370000000041955,regular http traffic
172.16.133.54,67.69.174.129,1337,11.046238999999986,regular http traffic
172.16.133.54,67.69.174.129,1369,0.00035200000002078013,regular http traffic
172.16.133.54,67.69.174.129,1375,0.11809800000000337,regular http traffic
172.16.133.54,67.69.174.129,1373,0.0003789999999810334,regular http traffic
172.16.133.54,67.69.174.129,1368,0.042957000000001244,regular http traffic
