src_ip,dest_ip,pkt_size,time_diff,original_class
172.16.133.54,23.60.159.231,1253,0.20799800000000346,regular http traffic
172.16.133.54,23.60.159.231,1303,0.3470469999999892,regular http traffic
172.16.133.54,23.60.159.231,1330,1.0557510000000008,regular http traffic
172.16.133.54,23.60.159.231,1314,15.427754000000007,regular http traffic
172.16.133.54,23.60.159.231,1307,18.228283999999988,regular http traffic
172.16.133.54,23.60.159.231,472,4.572754000000003,regular http traffic
172.16.133.54,23.60.159.231,499,0.22359800000000973,regular http traffic
