src_ip,dest_ip,pkt_size,time_diff,original_class
172.16.133.28,138.108.6.20,1455,7.801156999999998,regular http traffic
172.16.133.28,138.108.6.20,1211,209.57637200000002,regular http traffic
172.16.133.28,138.108.6.20,1445,35.19754899999998,regular http traffic
