src_ip,dest_ip,pkt_size,time_diff,original_class
172.16.133.92,172.16.128.169,394,1.6413160000000007,regular http traffic
172.16.133.92,172.16.128.169,737,1.7126029999999997,regular http traffic
