src_ip,dest_ip,pkt_size,time_diff,original_class
172.16.133.26,216.52.242.80,247,177.347219,regular http traffic
172.16.133.26,216.52.242.80,101,0.11295699999999442,regular http traffic
172.16.133.26,216.52.242.80,178,0.10122799999999188,regular http traffic
172.16.133.26,216.52.242.80,793,0.7130860000000041,regular http traffic
172.16.133.26,216.52.242.80,793,1.0036560000000065,regular http traffic
172.16.133.26,216.52.242.80,262,0.03130899999999315,regular http traffic
172.16.133.26,216.52.242.80,101,0.006927000000018779,regular http traffic
