src_ip,dest_ip,pkt_size,time_diff,original_class
172.16.133.66,208.47.254.81,308,23.691700999999995,regular http traffic
172.16.133.66,208.47.254.81,831,16.932766999999984,regular http traffic
172.16.133.66,208.47.254.81,831,0.0016300000000057935,regular http traffic
172.16.133.66,208.47.254.81,600,0.06487500000000068,regular http traffic
172.16.133.66,208.47.254.81,508,0.2869919999999979,regular http traffic
172.16.133.66,208.47.254.81,508,0.03657599999999661,regular http traffic
172.16.133.66,208.47.254.81,596,0.41304200000001856,regular http traffic
172.16.133.66,208.47.254.81,512,0.22167199999998388,regular http traffic
172.16.133.66,208.47.254.81,780,0.12965800000000627,regular http traffic
172.16.133.66,208.47.254.81,780,0.04278600000000665,regular http traffic
172.16.133.66,208.47.254.81,512,0.0003010000000074342,regular http traffic
172.16.133.66,208.47.254.81,1261,9.247749999999996,regular http traffic
172.16.133.66,208.47.254.81,1317,1.00945999999999,regular http traffic
