src_ip,dest_ip,pkt_size,time_diff,original_class
172.16.133.163,63.116.244.162,433,0.2297320000000127,regular http traffic
172.16.133.163,63.116.244.162,419,0.0001769999999794436,regular http traffic
172.16.133.163,63.116.244.162,404,0.021232999999995172,regular http traffic
172.16.133.163,63.116.244.162,397,0.09050000000002001,regular http traffic
172.16.133.163,63.116.244.162,423,0.8307979999999873,regular http traffic
172.16.133.163,63.116.244.162,412,0.0001630000000147902,regular http traffic
172.16.133.163,63.116.244.162,430,0.002627999999987196,regular http traffic
