src_ip,dest_ip,pkt_size,time_diff,original_class
172.16.133.54,216.52.121.177,1171,4.112823000000006,regular http traffic
172.16.133.54,216.52.121.177,588,3.7093249999999927,regular http traffic
172.16.133.54,216.52.121.177,588,14.721010000000007,regular http traffic
172.16.133.54,216.52.121.177,532,21.318028999999996,regular http traffic
172.16.133.54,216.52.121.177,574,7.793466999999993,regular http traffic
172.16.133.54,216.52.121.177,497,4.956754000000018,regular http traffic
