src_ip,dest_ip,pkt_size,time_diff,original_class
172.16.128.169,172.16.133.92,1076,6.537225,regular http traffic
172.16.128.169,172.16.133.92,192,1.6489509999999994,regular http traffic
