src_ip,dest_ip,pkt_size,time_diff,original_class
172.16.133.132,216.52.121.178,428,0.0007310000000018135,regular http traffic
172.16.133.132,216.52.121.178,427,0.0006569999999896936,regular http traffic
172.16.133.132,216.52.121.178,427,0.0005020000000115488,regular http traffic
