src_ip,dest_ip,pkt_size,time_diff,original_class
172.16.133.184,173.194.43.35,793,0.16389900000000068,regular http traffic
172.16.133.184,173.194.43.35,882,3.808573999999993,regular http traffic
172.16.133.184,173.194.43.35,848,2.5281130000000047,regular http traffic
172.16.133.184,173.194.43.35,848,9.70292599999999,regular http traffic
