src_ip,dest_ip,pkt_size,time_diff,original_class
172.16.133.54,54.243.192.249,1295,8.053088000000002,regular http traffic
172.16.133.54,54.243.192.249,639,16.601328999999993,regular http traffic
172.16.133.54,54.243.192.249,417,21.93871700000001,regular http traffic
172.16.133.54,54.243.192.249,578,9.092633000000006,regular http traffic
