src_ip,dest_ip,pkt_size,time_diff,original_class
172.16.133.93,208.47.254.25,467,0.3089510000000075,regular http traffic
172.16.133.93,208.47.254.25,480,0.4444289999999853,regular http traffic
