src_ip,dest_ip,pkt_size,time_diff,original_class
172.16.133.66,68.67.159.235,452,3.2880899999999826,regular http traffic
172.16.133.66,68.67.159.235,1093,0.0014720000000068012,regular http traffic
172.16.133.66,68.67.159.235,1108,0.21791899999999487,regular http traffic
