src_ip,dest_ip,pkt_size,time_diff,original_class
172.16.133.90,172.16.128.169,480,0.3617820000000016,regular http traffic
172.16.133.90,172.16.128.169,680,1.621637999999999,regular http traffic
