src_ip,dest_ip,pkt_size,time_diff,original_class
172.16.133.40,173.194.43.45,546,0.3174849999999907,regular http traffic
172.16.133.40,173.194.43.45,1277,0.1655450000000087,regular http traffic
172.16.133.40,173.194.43.45,1394,0.15496100000000013,regular http traffic
172.16.133.40,173.194.43.45,410,0.18940899999999772,regular http traffic
172.16.133.40,173.194.43.45,539,0.041651999999999134,regular http traffic
172.16.133.40,173.194.43.45,1443,0.3413979999999981,regular http traffic
172.16.133.40,173.194.43.45,1469,0.6787570000000045,regular http traffic
172.16.133.40,173.194.43.45,412,0.07956500000000233,regular http traffic
172.16.133.40,173.194.43.45,75,0.04479099999998937,regular http traffic
172.16.133.40,173.194.43.45,954,0.7006240000000048,regular http traffic
172.16.133.40,173.194.43.45,1393,115.874568,regular http traffic
172.16.133.40,173.194.43.45,1423,0.08402900000001523,regular http traffic
172.16.133.40,173.194.43.45,412,0.07257199999997965,regular http traffic
172.16.133.40,173.194.43.45,1472,0.04573999999999501,regular http traffic
172.16.133.40,173.194.43.45,68,0.6615640000000269,regular http traffic
172.16.133.40,173.194.43.45,412,0.0674759999999992,regular http traffic
172.16.133.40,173.194.43.45,104,0.019716999999985774,regular http traffic
172.16.133.40,173.194.43.45,411,0.28851099999999974,regular http traffic
