src_ip,dest_ip,pkt_size,time_diff,original_class
172.16.133.48,23.59.225.224,1005,1.191077,regular http traffic
172.16.133.48,23.59.225.224,1015,2.3813150000000007,regular http traffic
172.16.133.48,23.59.225.224,1129,0.1928069999999984,regular http traffic
172.16.133.48,23.59.225.224,1282,0.0430620000000026,regular http traffic
172.16.133.48,23.59.225.224,396,0.0162009999999988,regular http traffic
