src_ip,dest_ip,pkt_size,time_diff,original_class
172.16.133.132,23.13.210.227,495,0.258607000000012,regular http traffic
172.16.133.132,23.13.210.227,522,4.487362999999988,regular http traffic
