src_ip,dest_ip,pkt_size,time_diff,original_class
172.16.133.40,4.28.73.137,539,1.4102060000000023,regular http traffic
172.16.133.40,4.28.73.137,696,0.4240999999999957,regular http traffic
172.16.133.40,4.28.73.137,852,0.16231000000000506,regular http traffic
172.16.133.40,4.28.73.137,938,0.3094990000000024,regular http traffic
172.16.133.40,4.28.73.137,1089,0.3303370000000001,regular http traffic
