src_ip,dest_ip,pkt_size,time_diff,original_class
172.16.133.68,173.194.43.40,346,10.098734999999976,regular http traffic
172.16.133.68,173.194.43.40,252,40.09688700000001,regular http traffic
172.16.133.68,173.194.43.40,345,34.725431000000015,regular http traffic
