src_ip,dest_ip,pkt_size,time_diff,original_class
172.16.255.1,128.241.90.211,438,0.000580999999996834,regular http traffic
172.16.255.1,128.241.90.211,441,0.000263000000003899,regular http traffic
172.16.255.1,128.241.90.211,535,35.002667999999986,regular http traffic
172.16.255.1,128.241.90.211,535,0.005863000000005059,regular http traffic
172.16.255.1,128.241.90.211,536,0.00823400000001584,regular http traffic
