src_ip,dest_ip,pkt_size,time_diff,original_class
172.16.133.132,23.46.16.170,384,0.0004920000000012692,regular http traffic
172.16.133.132,23.46.16.170,388,0.053277999999998826,regular http traffic
172.16.133.132,23.46.16.170,381,0.1655709999999999,regular http traffic
172.16.133.132,23.46.16.170,380,0.04741500000000087,regular http traffic
172.16.133.132,23.46.16.170,455,0.8232339999999994,regular http traffic
172.16.133.132,23.46.16.170,493,1.2912570000000017,regular http traffic
