src_ip,dest_ip,pkt_size,time_diff,original_class
172.16.133.54,204.154.111.33,576,0.95923599999999,regular http traffic
172.16.133.54,204.154.111.33,579,0.4721660000000014,regular http traffic
172.16.133.54,204.154.111.33,329,12.371997000000007,regular http traffic
172.16.133.54,204.154.111.33,559,3.063970999999995,regular http traffic
172.16.133.54,204.154.111.33,556,1.0553859999999986,regular http traffic
172.16.133.54,204.154.111.33,557,0.371374000000003,regular http traffic
172.16.133.54,204.154.111.33,216,16.846958,regular http traffic
