src_ip,dest_ip,pkt_size,time_diff,original_class
172.16.133.47,173.194.43.8,718,0.027822999999997933,regular http traffic
172.16.133.47,173.194.43.8,742,0.026882000000000517,regular http traffic
172.16.133.47,173.194.43.8,717,0.025272999999998547,regular http traffic
