src_ip,dest_ip,pkt_size,time_diff,original_class
172.16.133.96,98.139.183.24,930,0.15919900000000098,regular http traffic
172.16.133.96,98.139.183.24,1099,7.060869000000025,regular http traffic
172.16.133.96,98.139.183.24,1338,0.08616799999998648,regular http traffic
172.16.133.96,98.139.183.24,1099,1.8164540000000216,regular http traffic
172.16.133.96,98.139.183.24,121,0.027783999999996922,regular http traffic
172.16.133.96,98.139.183.24,1183,2.1337629999999876,regular http traffic
172.16.133.96,98.139.183.24,650,1.4126119999999673,regular http traffic
172.16.133.96,98.139.183.24,930,2.295790000000011,regular http traffic
172.16.133.96,98.139.183.24,650,3.6556429999999978,regular http traffic
