src_ip,dest_ip,pkt_size,time_diff,original_class
172.16.133.41,184.173.89.4,782,0.1654440000000008,regular http traffic
172.16.133.41,184.173.89.4,779,73.70732699999999,regular http traffic
172.16.133.41,184.173.89.4,782,0.37138000000000204,regular http traffic
