src_ip,dest_ip,pkt_size,time_diff,original_class
172.16.133.132,23.0.51.167,510,2.219687999999991,regular http traffic
172.16.133.132,23.0.51.167,615,1.539904000000007,regular http traffic
