src_ip,dest_ip,pkt_size,time_diff,original_class
172.16.133.184,64.208.138.244,931,0.012869000000009123,regular http traffic
172.16.133.184,64.208.138.244,564,0.06737199999999177,regular http traffic
172.16.133.184,64.208.138.244,546,3.8658570000000054,regular http traffic
172.16.133.184,64.208.138.244,628,0.06283399999999517,regular http traffic
