src_ip,dest_ip,pkt_size,time_diff,original_class
172.16.133.66,173.194.75.103,1289,0.24650700000000825,regular http traffic
172.16.133.66,173.194.75.103,1294,0.035000999999994065,regular http traffic
