src_ip,dest_ip,pkt_size,time_diff,original_class
172.16.133.54,74.121.139.112,219,1.2146510000000035,regular http traffic
172.16.133.54,74.121.139.112,216,0.42998099999999795,regular http traffic
172.16.133.54,74.121.139.112,200,12.840485000000001,regular http traffic
172.16.133.54,74.121.139.112,203,2.7590339999999998,regular http traffic
172.16.133.54,74.121.139.112,201,0.7432809999999961,regular http traffic
172.16.133.54,74.121.139.112,200,0.34950400000001025,regular http traffic
172.16.133.54,74.121.139.112,141,17.163415,regular http traffic
