src_ip,dest_ip,pkt_size,time_diff,original_class
172.16.133.96,108.160.161.162,440,55.70488,regular http traffic
172.16.133.96,108.160.161.162,440,55.602895000000004,regular http traffic
172.16.133.96,108.160.161.162,440,55.752245999999985,regular http traffic
172.16.133.96,108.160.161.162,440,55.474582,regular http traffic
