src_ip,dest_ip,pkt_size,time_diff,original_class
172.16.133.88,172.16.139.250,139,33.070905999999994,regular http traffic
172.16.133.88,172.16.139.250,139,59.99673800000001,regular http traffic
172.16.133.88,172.16.139.250,264,26.957793999999993,regular http traffic
172.16.133.88,172.16.139.250,139,33.036123,regular http traffic
172.16.133.88,172.16.139.250,139,60.005596,regular http traffic
172.16.133.88,172.16.139.250,264,27.974620000000016,regular http traffic
172.16.133.88,172.16.139.250,139,32.012451999999996,regular http traffic
