src_ip,dest_ip,pkt_size,time_diff,original_class
172.16.133.30,157.166.226.108,333,0.6860389999999938,regular http traffic
172.16.133.30,157.166.226.108,333,0.2717309999999884,regular http traffic
