src_ip,dest_ip,pkt_size,time_diff,original_class
172.16.133.78,69.25.24.24,972,0.05866600000000233,regular http traffic
172.16.133.78,69.25.24.24,972,0.002955000000000041,regular http traffic
