src_ip,dest_ip,pkt_size,time_diff,original_class
172.16.133.184,173.194.43.45,553,0.07071100000000285,regular http traffic
172.16.133.184,173.194.43.45,411,6.1112349999999935,regular http traffic
172.16.133.184,173.194.43.45,553,0.053994000000002984,regular http traffic
172.16.133.184,173.194.43.45,411,9.437290000000004,regular http traffic
172.16.133.184,173.194.43.45,553,0.04302099999999598,regular http traffic
