src_ip,dest_ip,pkt_size,time_diff,original_class
172.16.133.54,23.33.85.215,615,0.00030999999999892225,regular http traffic
172.16.133.54,23.33.85.215,578,0.00043700000000512773,regular http traffic
172.16.133.54,23.33.85.215,594,0.0003679999999945949,regular http traffic
172.16.133.54,23.33.85.215,608,0.08543900000000804,regular http traffic
