src_ip,dest_ip,pkt_size,time_diff,original_class
172.16.133.132,207.171.163.14,367,0.5706950000000006,regular http traffic
172.16.133.132,207.171.163.14,367,2.121046999999976,regular http traffic
