src_ip,dest_ip,pkt_size,time_diff,original_class
172.16.133.12,8.27.243.253,564,0.03722799999999893,regular http traffic
172.16.133.12,8.27.243.253,567,0.00034800000000245745,regular http traffic
172.16.133.12,8.27.243.253,569,0.0017550000000028376,regular http traffic
172.16.133.12,8.27.243.253,461,0.00038999999999589363,regular http traffic
172.16.133.12,8.27.243.253,461,0.23114300000000298,regular http traffic
172.16.133.12,8.27.243.253,461,0.0003719999999987067,regular http traffic
172.16.133.12,8.27.243.253,462,3.345408000000006,regular http traffic
