src_ip,dest_ip,pkt_size,time_diff,original_class
172.16.133.96,173.194.43.60,435,14.591920000000016,regular http traffic
172.16.133.96,173.194.43.60,426,3.8314469999999687,regular http traffic
172.16.133.96,173.194.43.60,427,0.05464900000004036,regular http traffic
172.16.133.96,173.194.43.60,440,0.0011349999999765714,regular http traffic
172.16.133.96,173.194.43.60,440,4.9000540000000115,regular http traffic
