src_ip,dest_ip,pkt_size,time_diff,original_class
172.16.133.44,208.111.161.254,617,0.0005589999999999762,regular http traffic
172.16.133.44,208.111.161.254,633,1.5898409999999998,regular http traffic
172.16.133.44,208.111.161.254,1059,1.5783420000000001,regular http traffic
172.16.133.44,208.111.161.254,1084,0.0005930000000002877,regular http traffic
172.16.133.44,208.111.161.254,917,64.897458,regular http traffic
172.16.133.44,208.111.161.254,486,0.002679000000000542,regular http traffic
172.16.133.44,208.111.161.254,683,0.0015250000000008868,regular http traffic
172.16.133.44,208.111.161.254,1161,0.05445899999999426,regular http traffic
