src_ip,dest_ip,pkt_size,time_diff,original_class
172.16.133.54,54.243.145.248,1331,0.3580950000000058,regular http traffic
172.16.133.54,54.243.145.248,1397,0.6404529999999937,regular http traffic
172.16.133.54,54.243.145.248,1378,0.00034800000000245745,regular http traffic
172.16.133.54,54.243.145.248,1391,0.23852500000000987,regular http traffic
172.16.133.54,54.243.145.248,1373,0.0008899999999982811,regular http traffic
172.16.133.54,54.243.145.248,1320,0.7117389999999943,regular http traffic
172.16.133.54,54.243.145.248,1320,0.001041999999998211,regular http traffic
