src_ip,dest_ip,pkt_size,time_diff,original_class
172.16.133.68,54.243.166.36,276,0.04020500000001448,regular http traffic
172.16.133.68,54.243.166.36,275,0.03611200000000281,regular http traffic
172.16.133.68,54.243.166.36,275,0.04421100000001843,regular http traffic
172.16.133.68,54.243.166.36,276,0.03256899999996676,regular http traffic
172.16.133.68,54.243.166.36,275,0.03488100000004124,regular http traffic
172.16.133.68,54.243.166.36,276,0.04278599999997823,regular http traffic
172.16.133.68,54.243.166.36,276,0.05568599999998014,regular http traffic
