src_ip,dest_ip,pkt_size,time_diff,original_class
172.16.133.153,141.101.113.194,166,119.21708799999999,regular http traffic
172.16.133.153,141.101.113.194,166,119.55943200000002,regular http traffic
