src_ip,dest_ip,pkt_size,time_diff,original_class
172.16.133.60,66.199.173.81,582,5.730361000000016,regular http traffic
172.16.133.60,66.199.173.81,573,7.868270999999993,regular http traffic
172.16.133.60,66.199.173.81,572,35.90864099999999,regular http traffic
