src_ip,dest_ip,pkt_size,time_diff,original_class
172.16.133.67,64.4.11.25,523,0.16576700000001665,regular http traffic
172.16.133.67,64.4.11.25,523,19.055652999999978,regular http traffic
172.16.133.67,64.4.11.25,523,0.22919500000000426,regular http traffic
