src_ip,dest_ip,pkt_size,time_diff,original_class
172.16.133.39,173.194.43.2,763,0.02541999999999689,regular http traffic
172.16.133.39,173.194.43.2,787,0.029672000000005028,regular http traffic
172.16.133.39,173.194.43.2,762,0.023310000000009268,regular http traffic
