src_ip,dest_ip,pkt_size,time_diff,original_class
172.16.133.41,68.67.159.147,958,0.006556999999999924,regular http traffic
172.16.133.41,68.67.159.147,1016,0.13212400000000013,regular http traffic
