src_ip,dest_ip,pkt_size,time_diff,original_class
172.16.133.41,23.67.243.65,1051,34.939452,regular http traffic
172.16.133.41,23.67.243.65,1032,0.03464999999999918,regular http traffic
