src_ip,dest_ip,pkt_size,time_diff,original_class
172.16.133.54,23.15.128.66,1354,0.44422199999999634,regular http traffic
172.16.133.54,23.15.128.66,1454,48.268716,regular http traffic
