src_ip,dest_ip,pkt_size,time_diff,original_class
172.16.133.20,173.194.43.55,1026,0.38304899999999975,regular http traffic
172.16.133.20,173.194.43.55,1100,0.00033299999999769625,regular http traffic
172.16.133.20,173.194.43.55,1094,0.1684980000000138,regular http traffic
172.16.133.20,173.194.43.55,1045,0.06860499999999092,regular http traffic
172.16.133.20,173.194.43.55,1086,0.19573400000000163,regular http traffic
