src_ip,dest_ip,pkt_size,time_diff,original_class
172.16.133.71,108.160.161.163,353,55.499444000000004,regular http traffic
172.16.133.71,108.160.161.163,353,56.538927,regular http traffic
172.16.133.71,108.160.161.163,353,56.14648700000001,regular http traffic
172.16.133.71,108.160.161.163,353,55.49799200000001,regular http traffic
