src_ip,dest_ip,pkt_size,time_diff,original_class
172.16.133.20,74.125.226.78,447,0.005187000000034914,regular http traffic
172.16.133.20,74.125.226.78,447,0.09064300000000003,regular http traffic
172.16.133.20,74.125.226.78,447,0.0008029999999621396,regular http traffic
172.16.133.20,74.125.226.78,447,0.0003740000000220789,regular http traffic
172.16.133.20,74.125.226.78,447,0.0018150000000218824,regular http traffic
172.16.133.20,74.125.226.78,449,4.565646999999956,regular http traffic
172.16.133.20,74.125.226.78,449,0.008040000000050895,regular http traffic
172.16.133.20,74.125.226.78,449,0.0010029999999687789,regular http traffic
172.16.133.20,74.125.226.78,282,0.7787010000000123,regular http traffic
172.16.133.20,74.125.226.78,343,9.903204000000017,regular http traffic
172.16.133.20,74.125.226.78,287,10.014395999999977,regular http traffic
172.16.133.20,74.125.226.78,296,7.084970999999996,regular http traffic
