src_ip,dest_ip,pkt_size,time_diff,original_class
172.16.133.68,172.16.128.169,438,0.3548770000000001,regular http traffic
172.16.133.68,172.16.128.169,744,1.611644,regular http traffic
