src_ip,dest_ip,pkt_size,time_diff,original_class
172.16.133.78,216.52.242.80,792,1.631571000000001,regular http traffic
172.16.133.78,216.52.242.80,797,0.5634619999999995,regular http traffic
172.16.133.78,216.52.242.80,718,19.094269999999998,regular http traffic
172.16.133.78,216.52.242.80,235,2.742080999999999,regular http traffic
172.16.133.78,216.52.242.80,217,0.011072000000005744,regular http traffic
172.16.133.78,216.52.242.80,235,42.307362,regular http traffic
172.16.133.78,216.52.242.80,235,62.69055,regular http traffic
172.16.133.78,216.52.242.80,235,83.19751199999999,regular http traffic
172.16.133.78,216.52.242.80,502,61.46271300000001,regular http traffic
172.16.133.78,216.52.242.80,472,0.6873039999999833,regular http traffic
172.16.133.78,216.52.242.80,472,0.0007960000000366563,regular http traffic
172.16.133.78,216.52.242.80,829,3.378219999999999,regular http traffic
172.16.133.78,216.52.242.80,822,0.008887999999956264,regular http traffic
