src_ip,dest_ip,pkt_size,time_diff,original_class
172.16.133.93,74.63.51.79,1126,0.49799600000000055,regular http traffic
172.16.133.93,74.63.51.79,1328,15.39900800000001,regular http traffic
172.16.133.93,74.63.51.79,1145,0.3661469999999838,regular http traffic
172.16.133.93,74.63.51.79,1134,0.007015000000023974,regular http traffic
172.16.133.93,74.63.51.79,1160,28.392119999999977,regular http traffic
172.16.133.93,74.63.51.79,1233,11.716002000000003,regular http traffic
172.16.133.93,74.63.51.79,1115,3.3335579999999823,regular http traffic
172.16.133.93,74.63.51.79,1107,0.0008000000000265572,regular http traffic
172.16.133.93,74.63.51.79,1107,0.0002460000000041873,regular http traffic
172.16.133.93,74.63.51.79,1107,0.00023900000002186061,regular http traffic
172.16.133.93,74.63.51.79,1107,0.00023399999997764098,regular http traffic
172.16.133.93,74.63.51.79,1107,0.0002640000000155851,regular http traffic
172.16.133.93,74.63.51.79,1107,0.2019769999999994,regular http traffic
172.16.133.93,74.63.51.79,1107,0.0005579999999554275,regular http traffic
172.16.133.93,74.63.51.79,1107,0.00025100000004840695,regular http traffic
172.16.133.93,74.63.51.79,1107,0.0004289999999969041,regular http traffic
