src_ip,dest_ip,pkt_size,time_diff,original_class
172.16.133.66,23.6.17.224,273,0.921765999999991,regular http traffic
172.16.133.66,23.6.17.224,1263,0.000732999999996764,regular http traffic
