src_ip,dest_ip,pkt_size,time_diff,original_class
172.16.133.25,173.194.43.47,542,10.190430999999997,regular http traffic
172.16.133.25,173.194.43.47,542,0.0004310000000060654,regular http traffic
172.16.133.25,173.194.43.47,586,30.147518000000005,regular http traffic
