src_ip,dest_ip,pkt_size,time_diff,original_class
172.16.133.132,199.27.208.55,657,5.271158000000014,regular http traffic
172.16.133.132,199.27.208.55,674,0.04757200000000239,regular http traffic
172.16.133.132,199.27.208.55,674,0.011731999999994969,regular http traffic
172.16.133.132,199.27.208.55,655,0.005425999999999931,regular http traffic
172.16.133.132,199.27.208.55,659,0.0005659999999920728,regular http traffic
172.16.133.132,199.27.208.55,658,0.0012289999999950396,regular http traffic
172.16.133.132,199.27.208.55,483,1.3923620000000199,regular http traffic
172.16.133.132,199.27.208.55,519,1.1565789999999936,regular http traffic
172.16.133.132,199.27.208.55,535,0.003153999999994994,regular http traffic
172.16.133.132,199.27.208.55,481,0.006698999999997568,regular http traffic
172.16.133.132,199.27.208.55,446,3.9820899999999995,regular http traffic
172.16.133.132,199.27.208.55,442,0.06053700000001072,regular http traffic
172.16.133.132,199.27.208.55,110,0.02893299999999499,regular http traffic
172.16.133.132,199.27.208.55,484,1.8203460000000007,regular http traffic
172.16.133.132,199.27.208.55,110,2.3175779999999975,regular http traffic
