src_ip,dest_ip,pkt_size,time_diff,original_class
172.16.133.54,157.56.134.97,800,0.3139850000000024,regular http traffic
172.16.133.54,157.56.134.97,748,7.8759919999999966,regular http traffic
172.16.133.54,157.56.134.97,1188,0.22079800000000205,regular http traffic
172.16.133.54,157.56.134.97,782,1.1559090000000083,regular http traffic
172.16.133.54,157.56.134.97,789,0.5339019999999977,regular http traffic
172.16.133.54,157.56.134.97,750,12.269347999999994,regular http traffic
172.16.133.54,157.56.134.97,1188,1.7537190000000038,regular http traffic
172.16.133.54,157.56.134.97,757,1.3648689999999988,regular http traffic
172.16.133.54,157.56.134.97,750,1.0783380000000022,regular http traffic
172.16.133.54,157.56.134.97,753,0.33627400000000307,regular http traffic
172.16.133.54,157.56.134.97,744,16.801988999999992,regular http traffic
172.16.133.54,157.56.134.97,1041,5.2921460000000025,regular http traffic
172.16.133.54,157.56.134.97,1121,9.184537000000006,regular http traffic
