src_ip,dest_ip,pkt_size,time_diff,original_class
172.16.133.82,108.160.161.158,247,55.65800900000001,regular http traffic
172.16.133.82,108.160.161.158,247,55.50309699999998,regular http traffic
172.16.133.82,108.160.161.158,247,55.69711100000001,regular http traffic
172.16.133.82,108.160.161.158,247,55.28175400000001,regular http traffic
