src_ip,dest_ip,pkt_size,time_diff,original_class
172.16.133.132,23.67.242.10,430,0.006071999999999633,regular http traffic
172.16.133.132,23.67.242.10,434,0.0004860000000022069,regular http traffic
172.16.133.132,23.67.242.10,433,0.0017040000000001498,regular http traffic
172.16.133.132,23.67.242.10,449,0.0005050000000004218,regular http traffic
172.16.133.132,23.67.242.10,462,0.000453999999997734,regular http traffic
172.16.133.132,23.67.242.10,411,0.4384820000000005,regular http traffic
172.16.133.132,23.67.242.10,410,0.009115000000001316,regular http traffic
172.16.133.132,23.67.242.10,417,0.0032409999999991612,regular http traffic
172.16.133.132,23.67.242.10,431,0.5066239999999986,regular http traffic
