src_ip,dest_ip,pkt_size,time_diff,original_class
172.16.133.95,173.194.43.59,1290,0.015846999999979516,regular http traffic
172.16.133.95,173.194.43.59,1311,15.320595000000026,regular http traffic
172.16.133.95,173.194.43.59,1305,0.049081999999998516,regular http traffic
172.16.133.95,173.194.43.59,1350,6.243093999999985,regular http traffic
172.16.133.95,173.194.43.59,1344,0.05466400000000249,regular http traffic
172.16.133.95,173.194.43.59,1311,13.05949799999999,regular http traffic
172.16.133.95,173.194.43.59,1305,0.0047470000000089385,regular http traffic
172.16.133.95,173.194.43.59,1286,38.37911600000001,regular http traffic
172.16.133.95,173.194.43.59,1290,0.012671000000011645,regular http traffic
