src_ip,dest_ip,pkt_size,time_diff,original_class
172.16.133.40,216.52.242.80,286,14.563170999999997,regular http traffic
172.16.133.40,216.52.242.80,286,1.5297950000000071,regular http traffic
172.16.133.40,216.52.242.80,249,44.40089099999999,regular http traffic
172.16.133.40,216.52.242.80,463,69.52379000000002,regular http traffic
172.16.133.40,216.52.242.80,258,2.3229169999999897,regular http traffic
