src_ip,dest_ip,pkt_size,time_diff,original_class
172.16.133.18,172.16.139.250,688,50.000764,regular http traffic
172.16.133.18,172.16.139.250,688,50.00741700000002,regular http traffic
172.16.133.18,172.16.139.250,688,50.101654999999994,regular http traffic
172.16.133.18,172.16.139.250,688,49.99312999999998,regular http traffic
172.16.133.18,172.16.139.250,688,50.00139200000001,regular http traffic
