src_ip,dest_ip,pkt_size,time_diff,original_class
172.16.133.87,74.125.226.16,473,0.0008499999999855845,regular http traffic
172.16.133.87,74.125.226.16,473,0.0008200000000044838,regular http traffic
172.16.133.87,74.125.226.16,473,0.0003150000000005093,regular http traffic
172.16.133.87,74.125.226.16,473,0.0003079999999897609,regular http traffic
