src_ip,dest_ip,pkt_size,time_diff,original_class
172.16.133.29,208.44.23.59,868,14.928618,regular http traffic
172.16.133.29,208.44.23.59,941,40.557835,regular http traffic
172.16.133.29,208.44.23.59,813,15.136521000000016,regular http traffic
172.16.133.29,208.44.23.59,911,6.1600979999999765,regular http traffic
172.16.133.29,208.44.23.59,1196,16.854648000000026,regular http traffic
172.16.133.29,208.44.23.59,918,8.39256499999999,regular http traffic
172.16.133.29,208.44.23.59,878,7.803203999999994,regular http traffic
172.16.133.29,208.44.23.59,1214,12.786973000000017,regular http traffic
172.16.133.29,208.44.23.59,1214,17.367759999999976,regular http traffic
172.16.133.29,208.44.23.59,1214,6.252182000000005,regular http traffic
172.16.133.29,208.44.23.59,1214,11.671521000000013,regular http traffic
172.16.133.29,208.44.23.59,1214,11.715910000000008,regular http traffic
172.16.133.29,208.44.23.59,1214,4.748448999999994,regular http traffic
172.16.133.29,208.44.23.59,1214,3.31810999999999,regular http traffic
172.16.133.29,208.44.23.59,1214,4.409640000000024,regular http traffic
172.16.133.29,208.44.23.59,1214,9.115216999999973,regular http traffic
172.16.133.29,208.44.23.59,1214,10.543554000000029,regular http traffic
