src_ip,dest_ip,pkt_size,time_diff,original_class
172.16.133.54,204.246.169.70,443,0.0010690000000010969,regular http traffic
172.16.133.54,204.246.169.70,443,0.00038000000000693035,regular http traffic
172.16.133.54,204.246.169.70,443,0.00018999999997504347,regular http traffic
172.16.133.54,204.246.169.70,443,0.00019700000001421358,regular http traffic
172.16.133.54,204.246.169.70,443,0.00030399999999985994,regular http traffic
172.16.133.54,204.246.169.70,443,0.030286999999987074,regular http traffic
172.16.133.54,204.246.169.70,443,0.0009459999999990032,regular http traffic
172.16.133.54,204.246.169.70,443,0.0006060000000047694,regular http traffic
172.16.133.54,204.246.169.70,443,0.00038499999999430656,regular http traffic
