src_ip,dest_ip,pkt_size,time_diff,original_class
172.16.133.41,74.119.118.94,1276,0.025873999999999953,regular http traffic
172.16.133.41,74.119.118.94,1282,34.828518,regular http traffic
172.16.133.41,74.119.118.94,1284,0.03285400000000038,regular http traffic
172.16.133.41,74.119.118.94,1332,0.018867999999997664,regular http traffic
172.16.133.41,74.119.118.94,1276,74.016906,regular http traffic
172.16.133.41,74.119.118.94,1278,0.08662900000000207,regular http traffic
172.16.133.41,74.119.118.94,1326,0.04348099999999988,regular http traffic
