src_ip,dest_ip,pkt_size,time_diff,original_class
172.16.133.24,172.16.128.169,394,0.6604990000000015,regular http traffic
172.16.133.24,172.16.128.169,748,1.636564,regular http traffic
