src_ip,dest_ip,pkt_size,time_diff,original_class
172.16.133.40,173.194.43.33,1136,4.334070000000011,regular http traffic
172.16.133.40,173.194.43.33,1117,113.83775099999998,regular http traffic
172.16.133.40,173.194.43.33,1074,2.4262010000000203,regular http traffic
