src_ip,dest_ip,pkt_size,time_diff,original_class
172.16.133.66,23.15.129.231,584,0.14418000000000575,regular http traffic
172.16.133.66,23.15.129.231,492,2.6394280000000094,regular http traffic
