src_ip,dest_ip,pkt_size,time_diff,original_class
172.16.133.30,216.221.224.26,243,0.8319429999999954,regular http traffic
172.16.133.30,216.221.224.26,346,0.7712659999999971,regular http traffic
172.16.133.30,216.221.224.26,243,0.814976999999999,regular http traffic
172.16.133.30,216.221.224.26,248,0.858836000000025,regular http traffic
172.16.133.30,216.221.224.26,239,0.2371169999999836,regular http traffic
172.16.133.30,216.221.224.26,327,0.07436100000001034,regular http traffic
172.16.133.30,216.221.224.26,238,0.11405199999998672,regular http traffic
172.16.133.30,216.221.224.26,238,0.632758999999993,regular http traffic
172.16.133.30,216.221.224.26,249,0.4828240000000221,regular http traffic
172.16.133.30,216.221.224.26,298,2.6623280000000022,regular http traffic
172.16.133.30,216.221.224.26,244,0.6889349999999865,regular http traffic
