src_ip,dest_ip,pkt_size,time_diff,original_class
172.16.133.55,173.194.43.57,442,0.35803200000000857,regular http traffic
172.16.133.55,173.194.43.57,643,0.033568000000002485,regular http traffic
172.16.133.55,173.194.43.57,787,17.109739999999988,regular http traffic
172.16.133.55,173.194.43.57,546,0.05407600000000912,regular http traffic
