src_ip,dest_ip,pkt_size,time_diff,original_class
172.16.133.25,74.125.170.42,436,0.0012040000000013151,regular http traffic
172.16.133.25,74.125.170.42,460,42.71409799999999,regular http traffic
172.16.133.25,74.125.170.42,528,1.0410350000000008,regular http traffic
172.16.133.25,74.125.170.42,533,1.5921790000000016,regular http traffic
172.16.133.25,74.125.170.42,533,45.735820000000004,regular http traffic
172.16.133.25,74.125.170.42,533,62.29620799999999,regular http traffic
172.16.133.25,74.125.170.42,533,61.736778000000015,regular http traffic
172.16.133.25,74.125.170.42,534,61.77287799999996,regular http traffic
