src_ip,dest_ip,pkt_size,time_diff,original_class
172.16.133.132,69.25.24.24,424,0.062389999999993506,regular http traffic
172.16.133.132,69.25.24.24,526,1.2929359999999974,regular http traffic
172.16.133.132,69.25.24.24,647,3.925428000000011,regular http traffic
172.16.133.132,69.25.24.24,677,1.8524209999999925,regular http traffic
