src_ip,dest_ip,pkt_size,time_diff,original_class
172.16.133.116,208.111.160.6,1480,27.487766,regular http traffic
172.16.133.116,208.111.160.6,1481,0.0010869999999982838,regular http traffic
172.16.133.116,208.111.160.6,1479,0.0009540000000072268,regular http traffic
172.16.133.116,208.111.160.6,780,0.0008830000000017435,regular http traffic
