src_ip,dest_ip,pkt_size,time_diff,original_class
172.16.133.93,23.6.17.224,1105,4.212387000000007,regular http traffic
172.16.133.93,23.6.17.224,260,95.544756,regular http traffic
172.16.133.93,23.6.17.224,1018,0.06675099999998224,regular http traffic
172.16.133.93,23.6.17.224,1348,43.61570900000004,regular http traffic
172.16.133.93,23.6.17.224,923,0.0030679999999847496,regular http traffic
