src_ip,dest_ip,pkt_size,time_diff,original_class
172.16.133.20,74.125.226.70,447,0.00029999999998153726,regular http traffic
172.16.133.20,74.125.226.70,447,0.00043099999999185457,regular http traffic
172.16.133.20,74.125.226.70,447,0.0003930000000309519,regular http traffic
172.16.133.20,74.125.226.70,447,0.9271559999999681,regular http traffic
172.16.133.20,74.125.226.70,449,3.648300000000006,regular http traffic
172.16.133.20,74.125.226.70,449,0.00044400000001587614,regular http traffic
172.16.133.20,74.125.226.70,449,0.0004660000000171749,regular http traffic
