src_ip,dest_ip,pkt_size,time_diff,original_class
172.16.133.66,173.194.43.43,830,0.25356800000000135,regular http traffic
172.16.133.66,173.194.43.43,565,0.24566699999999742,regular http traffic
172.16.133.66,173.194.43.43,239,0.001069999999998572,regular http traffic
172.16.133.66,173.194.43.43,178,0.0014550000000213004,regular http traffic
172.16.133.66,173.194.43.43,152,0.0016349999999931697,regular http traffic
