src_ip,dest_ip,pkt_size,time_diff,original_class
172.16.133.30,208.68.110.119,290,0.43127800000002026,regular http traffic
172.16.133.30,208.68.110.119,289,0.3209459999999922,regular http traffic
172.16.133.30,208.68.110.119,295,0.338310000000007,regular http traffic
172.16.133.30,208.68.110.119,291,0.3202009999999973,regular http traffic
172.16.133.30,208.68.110.119,289,0.2954069999999831,regular http traffic
172.16.133.30,208.68.110.119,290,0.34799700000002076,regular http traffic
172.16.133.30,208.68.110.119,288,0.41702699999999027,regular http traffic
172.16.133.30,208.68.110.119,295,0.31438499999998726,regular http traffic
172.16.133.30,208.68.110.119,289,0.3690820000000201,regular http traffic
