src_ip,dest_ip,pkt_size,time_diff,original_class
172.16.133.96,98.139.225.43,625,14.575800999999956,regular http traffic
172.16.133.96,98.139.225.43,1340,4.362831000000028,regular http traffic
172.16.133.96,98.139.225.43,851,0.08360599999997476,regular http traffic
172.16.133.96,98.139.225.43,897,0.338623000000041,regular http traffic
172.16.133.96,98.139.225.43,1307,5.17224299999998,regular http traffic
172.16.133.96,98.139.225.43,765,0.08827400000001262,regular http traffic
172.16.133.96,98.139.225.43,811,0.3421769999999924,regular http traffic
172.16.133.96,98.139.225.43,404,3.256740999999977,regular http traffic
172.16.133.96,98.139.225.43,404,0.05732900000003838,regular http traffic
172.16.133.96,98.139.225.43,408,0.03975900000000365,regular http traffic
