src_ip,dest_ip,pkt_size,time_diff,original_class
172.16.133.73,173.194.41.111,798,35.638532,regular http traffic
172.16.133.73,173.194.41.111,1006,7.790868000000003,regular http traffic
