src_ip,dest_ip,pkt_size,time_diff,original_class
172.16.133.24,172.16.139.250,265,38.040012999999995,regular http traffic
172.16.133.24,172.16.139.250,264,81.96331099999999,regular http traffic
172.16.133.24,172.16.139.250,264,120.01387600000001,regular http traffic
