src_ip,dest_ip,pkt_size,time_diff,original_class
172.16.133.235,172.16.128.169,394,2.0449080000000004,regular http traffic
172.16.133.235,172.16.128.169,748,1.6316729999999993,regular http traffic
