src_ip,dest_ip,pkt_size,time_diff,original_class
172.16.133.132,193.149.47.98,738,0.1929479999999728,regular http traffic
172.16.133.132,193.149.47.98,742,0.1626190000000065,regular http traffic
