src_ip,dest_ip,pkt_size,time_diff,original_class
172.16.133.78,31.13.74.7,1453,0.0009709999999998331,regular http traffic
172.16.133.78,31.13.74.7,1454,0.8806069999999977,regular http traffic
172.16.133.78,31.13.74.7,1453,0.001122999999999763,regular http traffic
172.16.133.78,31.13.74.7,1409,0.488660000000003,regular http traffic
