src_ip,dest_ip,pkt_size,time_diff,original_class
172.217.168.226,10.8.0.6,1298,1642.927132,regular http traffic
172.217.168.226,10.8.0.6,1368,1744.039393,regular http traffic
172.217.168.226,10.8.0.6,585,5691.198942999999,regular http traffic
172.217.168.226,10.8.0.6,258,0.6603510000004462,regular http traffic
172.217.168.226,10.8.0.6,1339,6.836830000000191,regular http traffic
172.217.168.226,10.8.0.6,898,1.9895180000003165,regular http traffic
172.217.168.226,10.8.0.6,748,0.06332800000018324,regular http traffic
