src_ip,dest_ip,pkt_size,time_diff,original_class
172.16.133.41,98.139.225.43,1417,0.08131600000000105,regular http traffic
172.16.133.41,98.139.225.43,1359,0.07413199999999875,regular http traffic
172.16.133.41,98.139.225.43,1359,0.08943400000000423,regular http traffic
172.16.133.41,98.139.225.43,1359,0.06185799999999375,regular http traffic
172.16.133.41,98.139.225.43,1359,73.562221,regular http traffic
172.16.133.41,98.139.225.43,1497,0.2626029999999986,regular http traffic
172.16.133.41,98.139.225.43,1417,0.0725620000000049,regular http traffic
172.16.133.41,98.139.225.43,1359,0.06679800000000569,regular http traffic
172.16.133.41,98.139.225.43,1359,0.07507799999999065,regular http traffic
