src_ip,dest_ip,pkt_size,time_diff,original_class
172.16.133.20,74.125.226.0,961,1.7730749999999773,regular http traffic
172.16.133.20,74.125.226.0,677,3.6719610000000102,regular http traffic
172.16.133.20,74.125.226.0,770,0.08178000000003749,regular http traffic
172.16.133.20,74.125.226.0,904,22.166758999999956,regular http traffic
