src_ip,dest_ip,pkt_size,time_diff,original_class
172.16.133.20,66.175.215.85,860,0.13781099999999924,regular http traffic
172.16.133.20,66.175.215.85,503,12.799926999999997,regular http traffic
172.16.133.20,66.175.215.85,902,0.03594499999999812,regular http traffic
