src_ip,dest_ip,pkt_size,time_diff,original_class
172.16.128.169,172.16.133.78,192,0.46086400000000083,regular http traffic
172.16.128.169,172.16.133.78,236,38.121840999999996,regular http traffic
172.16.128.169,172.16.133.78,1076,33.204212,regular http traffic
172.16.128.169,172.16.133.78,192,0.3650999999999982,regular http traffic
172.16.128.169,172.16.133.78,236,38.078119000000015,regular http traffic
172.16.128.169,172.16.133.78,1076,33.52603399999998,regular http traffic
172.16.128.169,172.16.133.78,236,37.25203300000001,regular http traffic
172.16.128.169,172.16.133.78,1076,34.285461999999995,regular http traffic
172.16.128.169,172.16.133.78,236,37.24007399999999,regular http traffic
