src_ip,dest_ip,pkt_size,time_diff,original_class
172.16.133.96,76.13.116.133,558,0.0003790000000094551,regular http traffic
172.16.133.96,76.13.116.133,557,0.0020959999999945467,regular http traffic
172.16.133.96,76.13.116.133,553,0.000990999999999076,regular http traffic
172.16.133.96,76.13.116.133,553,0.0003950000000259024,regular http traffic
172.16.133.96,76.13.116.133,554,0.0012770000000159598,regular http traffic
172.16.133.96,76.13.116.133,597,0.009032999999988078,regular http traffic
172.16.133.96,76.13.116.133,558,0.06970899999998892,regular http traffic
172.16.133.96,76.13.116.133,586,4.803990999999996,regular http traffic
