src_ip,dest_ip,pkt_size,time_diff,original_class
172.16.133.68,76.74.248.254,271,0.07923099999999295,regular http traffic
172.16.133.68,76.74.248.254,281,0.15456999999997834,regular http traffic
172.16.133.68,76.74.248.254,295,0.15048000000001593,regular http traffic
172.16.133.68,76.74.248.254,261,0.5442249999999831,regular http traffic
172.16.133.68,76.74.248.254,294,0.07763299999999163,regular http traffic
172.16.133.68,76.74.248.254,295,0.15669500000001335,regular http traffic
172.16.133.68,76.74.248.254,271,0.08750800000001391,regular http traffic
172.16.133.68,76.74.248.254,294,0.0848699999999667,regular http traffic
172.16.133.68,76.74.248.254,281,0.17467000000004873,regular http traffic
172.16.133.68,76.74.248.254,267,0.09699699999998757,regular http traffic
172.16.133.68,76.74.248.254,271,0.08971400000001495,regular http traffic
172.16.133.68,76.74.248.254,285,0.07807199999996328,regular http traffic
172.16.133.68,76.74.248.254,279,0.08994799999999259,regular http traffic
172.16.133.68,76.74.248.254,285,0.16062400000004118,regular http traffic
172.16.133.68,76.74.248.254,264,0.07882599999999229,regular http traffic
