src_ip,dest_ip,pkt_size,time_diff,original_class
172.16.133.29,23.0.49.244,538,0.0005429999999932988,regular http traffic
172.16.133.29,23.0.49.244,538,0.03280300000000125,regular http traffic
172.16.133.29,23.0.49.244,538,0.09853700000000742,regular http traffic
172.16.133.29,23.0.49.244,553,0.0012270000000000891,regular http traffic
172.16.133.29,23.0.49.244,560,55.627268,regular http traffic
172.16.133.29,23.0.49.244,560,0.0015469999999879747,regular http traffic
172.16.133.29,23.0.49.244,545,0.06902099999999223,regular http traffic
172.16.133.29,23.0.49.244,545,0.0005430000000217206,regular http traffic
172.16.133.29,23.0.49.244,454,15.115771999999993,regular http traffic
172.16.133.29,23.0.49.244,645,22.855918000000003,regular http traffic
172.16.133.29,23.0.49.244,645,0.03586400000000367,regular http traffic
172.16.133.29,23.0.49.244,645,0.13060799999999517,regular http traffic
172.16.133.29,23.0.49.244,645,0.0026860000000112905,regular http traffic
172.16.133.29,23.0.49.244,645,0.05228599999998096,regular http traffic
172.16.133.29,23.0.49.244,478,13.048992999999996,regular http traffic
172.16.133.29,23.0.49.244,478,0.016529000000019778,regular http traffic
172.16.133.29,23.0.49.244,478,0.01590699999999856,regular http traffic
172.16.133.29,23.0.49.244,478,0.3867349999999874,regular http traffic
172.16.133.29,23.0.49.244,539,2.388375999999994,regular http traffic
172.16.133.29,23.0.49.244,539,0.0008219999999994343,regular http traffic
172.16.133.29,23.0.49.244,539,13.363910000000004,regular http traffic
172.16.133.29,23.0.49.244,539,0.0015879999999981464,regular http traffic
172.16.133.29,23.0.49.244,539,17.365903000000003,regular http traffic
172.16.133.29,23.0.49.244,539,0.0002250000000003638,regular http traffic
172.16.133.29,23.0.49.244,539,0.14766600000001517,regular http traffic
172.16.133.29,23.0.49.244,539,29.491142999999994,regular http traffic
172.16.133.29,23.0.49.244,539,0.0002620000000206346,regular http traffic
172.16.133.29,23.0.49.244,539,4.734057999999948,regular http traffic
172.16.133.29,23.0.49.244,539,0.0003420000000460277,regular http traffic
