src_ip,dest_ip,pkt_size,time_diff,original_class
172.16.133.54,74.125.142.95,534,0.00027700000001118497,regular http traffic
172.16.133.54,74.125.142.95,534,0.1624519999999876,regular http traffic
172.16.133.54,74.125.142.95,578,0.16059400000000323,regular http traffic
172.16.133.54,74.125.142.95,534,0.002212999999997578,regular http traffic
172.16.133.54,74.125.142.95,641,0.010165999999998121,regular http traffic
172.16.133.54,74.125.142.95,534,0.3149400000000071,regular http traffic
172.16.133.54,74.125.142.95,535,0.21463799999999367,regular http traffic
172.16.133.54,74.125.142.95,535,0.08454500000000564,regular http traffic
172.16.133.54,74.125.142.95,569,0.364570999999998,regular http traffic
172.16.133.54,74.125.142.95,695,4.6222819999999984,regular http traffic
