src_ip,dest_ip,pkt_size,time_diff,original_class
172.16.133.73,74.125.226.59,809,2.3503849999999957,regular http traffic
172.16.133.73,74.125.226.59,814,0.4912660000000031,regular http traffic
172.16.133.73,74.125.226.59,814,2.6660660000000007,regular http traffic
172.16.133.73,74.125.226.59,767,1.3052749999999946,regular http traffic
172.16.133.73,74.125.226.59,793,1.3617400000000046,regular http traffic
172.16.133.73,74.125.226.59,793,2.6360600000000005,regular http traffic
172.16.133.73,74.125.226.59,741,6.002576999999995,regular http traffic
172.16.133.73,74.125.226.59,689,20.56223,regular http traffic
172.16.133.73,74.125.226.59,683,1.9644480000000044,regular http traffic
