src_ip,dest_ip,pkt_size,time_diff,original_class
172.16.133.40,172.16.139.250,139,11.464156000000003,regular http traffic
172.16.133.40,172.16.139.250,139,59.996149,regular http traffic
172.16.133.40,172.16.139.250,139,12.902163000000002,regular http traffic
172.16.133.40,172.16.139.250,265,0.6222999999999956,regular http traffic
172.16.133.40,172.16.139.250,264,35.01957,regular http traffic
172.16.133.40,172.16.139.250,139,24.356892999999985,regular http traffic
172.16.133.40,172.16.139.250,139,60.00199500000002,regular http traffic
172.16.133.40,172.16.139.250,264,35.66383699999997,regular http traffic
172.16.133.40,172.16.139.250,139,24.33593400000001,regular http traffic
