src_ip,dest_ip,pkt_size,time_diff,original_class
172.16.133.66,173.194.43.58,434,3.028535999999974,regular http traffic
172.16.133.66,173.194.43.58,579,2.1837289999999996,regular http traffic
