src_ip,dest_ip,pkt_size,time_diff,original_class
172.16.133.45,173.194.75.106,1186,0.044472999999999985,regular http traffic
172.16.133.45,173.194.75.106,1201,0.43989999999999796,regular http traffic
172.16.133.45,173.194.75.106,1232,0.1889390000000013,regular http traffic
