src_ip,dest_ip,pkt_size,time_diff,original_class
172.16.133.54,204.13.194.136,825,0.34098000000000184,regular http traffic
172.16.133.54,204.13.194.136,334,0.965834000000001,regular http traffic
172.16.133.54,204.13.194.136,954,1.451509999999999,regular http traffic
172.16.133.54,204.13.194.136,895,0.10871900000000778,regular http traffic
172.16.133.54,204.13.194.136,790,0.03104599999998925,regular http traffic
172.16.133.54,204.13.194.136,909,4.824085000000011,regular http traffic
172.16.133.54,204.13.194.136,1087,3.1140860000000004,regular http traffic
172.16.133.54,204.13.194.136,1031,0.05697099999999011,regular http traffic
172.16.133.54,204.13.194.136,926,0.047721000000009894,regular http traffic
