src_ip,dest_ip,pkt_size,time_diff,original_class
172.16.133.66,173.194.43.59,1188,0.21544199999999591,regular http traffic
172.16.133.66,173.194.43.59,921,41.009221999999994,regular http traffic
172.16.133.66,173.194.43.59,924,0.49182899999999563,regular http traffic
172.16.133.66,173.194.43.59,1209,2.996762000000018,regular http traffic
172.16.133.66,173.194.43.59,459,0.1293619999999862,regular http traffic
