src_ip,dest_ip,pkt_size,time_diff,original_class
172.16.133.41,208.47.254.24,916,0.853864999999999,regular http traffic
172.16.133.41,208.47.254.24,907,0.22209099999999893,regular http traffic
172.16.133.41,208.47.254.24,916,0.025342000000001974,regular http traffic
172.16.133.41,208.47.254.24,907,0.011955000000000382,regular http traffic
172.16.133.41,208.47.254.24,908,0.7469899999999967,regular http traffic
