src_ip,dest_ip,pkt_size,time_diff,original_class
172.16.133.41,208.47.254.26,864,0.0013829999999970255,regular http traffic
172.16.133.41,208.47.254.26,877,0.17172700000000418,regular http traffic
172.16.133.41,208.47.254.26,881,0.5758319999999983,regular http traffic
172.16.133.41,208.47.254.26,886,0.003644000000001313,regular http traffic
172.16.133.41,208.47.254.26,890,0.4267709999999951,regular http traffic
