src_ip,dest_ip,pkt_size,time_diff,original_class
172.16.133.96,209.234.235.129,1056,5.974230999999975,regular http traffic
172.16.133.96,209.234.235.129,1221,0.09756300000003648,regular http traffic
172.16.133.96,209.234.235.129,279,0.13406299999996918,regular http traffic
172.16.133.96,209.234.235.129,1271,0.9659450000000334,regular http traffic
172.16.133.96,209.234.235.129,278,0.07448699999997643,regular http traffic
172.16.133.96,209.234.235.129,280,0.0006329999999934444,regular http traffic
172.16.133.96,209.234.235.129,275,0.0010209999999801767,regular http traffic
