src_ip,dest_ip,pkt_size,time_diff,original_class
172.16.133.41,199.204.31.83,445,1.3967079999999967,regular http traffic
172.16.133.41,199.204.31.83,554,1.9560570000000013,regular http traffic
172.16.133.41,199.204.31.83,386,0.6667350000000027,regular http traffic
172.16.133.41,199.204.31.83,62,35.386658000000004,regular http traffic
172.16.133.41,199.204.31.83,319,104.119587,regular http traffic
