src_ip,dest_ip,pkt_size,time_diff,original_class
172.16.133.46,172.16.139.250,264,8.790018,regular http traffic
172.16.133.46,172.16.139.250,140,51.209952,regular http traffic
172.16.133.46,172.16.139.250,140,59.98983100000001,regular http traffic
172.16.133.46,172.16.139.250,264,8.821067999999997,regular http traffic
172.16.133.46,172.16.139.250,140,51.186645,regular http traffic
172.16.133.46,172.16.139.250,140,59.98596899999998,regular http traffic
172.16.133.46,172.16.139.250,264,8.845789000000025,regular http traffic
