src_ip,dest_ip,pkt_size,time_diff,original_class
172.64.106.22,10.8.0.6,45,5.2538039999999455,regular http traffic
172.64.106.22,10.8.0.6,1309,0.0032160000009753276,regular http traffic
172.64.106.22,10.8.0.6,392,0.007578999999168445,regular http traffic
