src_ip,dest_ip,pkt_size,time_diff,original_class
172.16.133.39,206.190.57.60,669,1.9721589999999765,regular http traffic
172.16.133.39,206.190.57.60,855,0.40225700000002007,regular http traffic
172.16.133.39,206.190.57.60,273,4.867774999999995,regular http traffic
172.16.133.39,206.190.57.60,849,0.09200899999999024,regular http traffic
