src_ip,dest_ip,pkt_size,time_diff,original_class
172.16.133.96,23.67.243.35,512,0.34698600000001534,regular http traffic
172.16.133.96,23.67.243.35,364,0.4425810000000183,regular http traffic
172.16.133.96,23.67.243.35,367,0.08983499999999367,regular http traffic
