src_ip,dest_ip,pkt_size,time_diff,original_class
172.16.133.54,173.204.219.5,821,0.4675579999999968,regular http traffic
172.16.133.54,173.204.219.5,867,7.364029000000002,regular http traffic
172.16.133.54,173.204.219.5,901,14.716881,regular http traffic
172.16.133.54,173.204.219.5,845,21.322368999999995,regular http traffic
172.16.133.54,173.204.219.5,887,7.792578999999989,regular http traffic
172.16.133.54,173.204.219.5,810,4.958223000000004,regular http traffic
