src_ip,dest_ip,pkt_size,time_diff,original_class
172.16.133.40,64.215.255.17,1159,0.10413799999999185,regular http traffic
172.16.133.40,64.215.255.17,1356,0.02905499999999961,regular http traffic
