src_ip,dest_ip,pkt_size,time_diff,original_class
172.16.133.121,173.194.43.58,917,6.358649999999997,regular http traffic
172.16.133.121,173.194.43.58,814,41.28508799999999,regular http traffic
