src_ip,dest_ip,pkt_size,time_diff,original_class
173.194.68.95,172.16.133.68,1095,10.003009999999989,regular http traffic
173.194.68.95,172.16.133.68,181,4.977035000000001,regular http traffic
173.194.68.95,172.16.133.68,288,4.920626999999996,regular http traffic
173.194.68.95,172.16.133.68,510,9.998622000000012,regular http traffic
173.194.68.95,172.16.133.68,223,55.070426,regular http traffic
