src_ip,dest_ip,pkt_size,time_diff,original_class
173.193.216.81,172.16.133.66,1158,0.005892999999986159,regular http traffic
173.193.216.81,172.16.133.66,353,0.005894000000012056,regular http traffic
173.193.216.81,172.16.133.66,1207,0.0030759999999929732,regular http traffic
