src_ip,dest_ip,pkt_size,time_diff,original_class
173.194.43.59,172.16.133.44,803,1.2962760000000006,regular http traffic
173.194.43.59,172.16.133.44,804,65.21441800000001,regular http traffic
173.194.43.59,172.16.133.44,1030,0.002844999999993547,regular http traffic
173.194.43.59,172.16.133.44,1029,3.671999999999997,regular http traffic
173.194.43.59,172.16.133.44,798,0.0051660000000026685,regular http traffic
173.194.43.59,172.16.133.44,1029,14.084610999999995,regular http traffic
173.194.43.59,172.16.133.44,801,0.11293700000000229,regular http traffic
173.194.43.59,172.16.133.44,1029,8.791669999999996,regular http traffic
173.194.43.59,172.16.133.44,801,0.817772000000005,regular http traffic
