src_ip,dest_ip,pkt_size,time_diff,original_class
173.194.43.34,172.16.133.66,430,28.516891,regular http traffic
173.194.43.34,172.16.133.66,430,8.064667,regular http traffic
173.194.43.34,172.16.133.66,430,6.939013000000003,regular http traffic
173.194.43.34,172.16.133.66,430,84.28969299999999,regular http traffic
173.194.43.34,172.16.133.66,430,0.8453149999999994,regular http traffic
173.194.43.34,172.16.133.66,430,0.26320000000001187,regular http traffic
173.194.43.34,172.16.133.66,430,0.004758000000009588,regular http traffic
173.194.43.34,172.16.133.66,430,1.8450320000000033,regular http traffic
