src_ip,dest_ip,pkt_size,time_diff,original_class
173.192.42.178,172.16.133.48,266,0.2413950000000007,regular http traffic
173.192.42.178,172.16.133.48,241,5.645924999999998,regular http traffic
