src_ip,dest_ip,pkt_size,time_diff,original_class
173.194.43.45,172.16.133.184,554,0.06583499999999276,regular http traffic
173.194.43.45,172.16.133.184,693,6.124537000000004,regular http traffic
173.194.43.45,172.16.133.184,554,0.04984799999999723,regular http traffic
173.194.43.45,172.16.133.184,693,9.431388999999996,regular http traffic
173.194.43.45,172.16.133.184,554,0.04085400000001016,regular http traffic
