src_ip,dest_ip,pkt_size,time_diff,original_class
173.230.156.102,10.10.6.233,70,1.4245469999996203,regular http traffic
173.230.156.102,10.10.6.233,69,0.14258499999959895,regular http traffic
173.230.156.102,10.10.6.233,69,0.16951800000060757,regular http traffic
173.230.156.102,10.10.6.233,69,0.14222199999949225,regular http traffic
173.230.156.102,10.10.6.233,69,0.14365600000019185,regular http traffic
