src_ip,dest_ip,pkt_size,time_diff,original_class
173.194.43.32,172.16.133.25,674,0.3317370000000004,regular http traffic
173.194.43.32,172.16.133.25,721,0.0007249999999991985,regular http traffic
173.194.43.32,172.16.133.25,894,0.0012560000000014782,regular http traffic
173.194.43.32,172.16.133.25,1144,0.01484699999999961,regular http traffic
173.194.43.32,172.16.133.25,1053,0.010853999999998365,regular http traffic
173.194.43.32,172.16.133.25,910,0.015754000000001156,regular http traffic
