src_ip,dest_ip,pkt_size,time_diff,original_class
173.194.43.57,172.16.133.78,1193,0.006941999999995119,regular http traffic
173.194.43.57,172.16.133.78,1193,0.001958999999999378,regular http traffic
173.194.43.57,172.16.133.78,1193,0.005965000000003329,regular http traffic
173.194.43.57,172.16.133.78,1193,0.0011590000000012424,regular http traffic
173.194.43.57,172.16.133.78,1193,0.084344999999999,regular http traffic
