src_ip,dest_ip,pkt_size,time_diff,original_class
173.194.43.59,172.16.133.63,1028,7.993030000000033,regular http traffic
173.194.43.59,172.16.133.63,1475,0.01680799999996907,regular http traffic
173.194.43.59,172.16.133.63,1028,28.029503000000034,regular http traffic
173.194.43.59,172.16.133.63,797,0.8006679999999733,regular http traffic
173.194.43.59,172.16.133.63,804,5.244320000000016,regular http traffic
