src_ip,dest_ip,pkt_size,time_diff,original_class
173.194.75.104,172.16.133.54,633,8.143214999999998,regular http traffic
173.194.75.104,172.16.133.54,1246,1.8702169999999967,regular http traffic
173.194.75.104,172.16.133.54,1032,0.19610799999999529,regular http traffic
173.194.75.104,172.16.133.54,957,0.3741540000000043,regular http traffic
173.194.75.104,172.16.133.54,575,0.21657600000000343,regular http traffic
173.194.75.104,172.16.133.54,811,0.045813999999992916,regular http traffic
173.194.75.104,172.16.133.54,1026,14.51197400000001,regular http traffic
173.194.75.104,172.16.133.54,957,0.9416909999999916,regular http traffic
173.194.75.104,172.16.133.54,957,0.007382000000006883,regular http traffic
173.194.75.104,172.16.133.54,724,0.6108169999999973,regular http traffic
173.194.75.104,172.16.133.54,957,0.36018799999999374,regular http traffic
173.194.75.104,172.16.133.54,906,18.69349600000001,regular http traffic
173.194.75.104,172.16.133.54,957,0.9348740000000078,regular http traffic
173.194.75.104,172.16.133.54,957,0.0008439999999723113,regular http traffic
173.194.75.104,172.16.133.54,1201,8.985625000000027,regular http traffic
173.194.75.104,172.16.133.54,957,1.024156999999974,regular http traffic
173.194.75.104,172.16.133.54,957,0.0013320000000192067,regular http traffic
173.194.75.104,172.16.133.54,957,0.03845899999998892,regular http traffic
