src_ip,dest_ip,pkt_size,time_diff,original_class
173.194.43.35,172.16.133.184,442,0.13573900000000094,regular http traffic
173.194.43.35,172.16.133.184,442,3.8456410000000005,regular http traffic
173.194.43.35,172.16.133.184,442,2.737051000000008,regular http traffic
173.194.43.35,172.16.133.184,442,9.452158999999995,regular http traffic
