src_ip,dest_ip,pkt_size,time_diff,original_class
173.194.43.45,172.16.133.41,681,34.341414,regular http traffic
173.194.43.45,172.16.133.41,681,0.2481909999999985,regular http traffic
173.194.43.45,172.16.133.41,681,73.909693,regular http traffic
173.194.43.45,172.16.133.41,681,0.3548619999999971,regular http traffic
