src_ip,dest_ip,pkt_size,time_diff,original_class
173.194.43.59,172.16.133.66,799,0.18274900000000116,regular http traffic
173.194.43.59,172.16.133.66,585,40.988786000000005,regular http traffic
173.194.43.59,172.16.133.66,849,0.5264999999999986,regular http traffic
173.194.43.59,172.16.133.66,102,2.9649880000000053,regular http traffic
173.194.43.59,172.16.133.66,552,0.097329000000002,regular http traffic
