src_ip,dest_ip,pkt_size,time_diff,original_class
173.194.43.39,172.16.133.163,188,0.7872070000000235,regular http traffic
173.194.43.39,172.16.133.163,625,0.40417599999997833,regular http traffic
