src_ip,dest_ip,pkt_size,time_diff,original_class
173.194.43.40,172.16.133.73,274,4.109335999999999,regular http traffic
173.194.43.40,172.16.133.73,469,1.2980219999999996,regular http traffic
173.194.43.40,172.16.133.73,497,0.00671000000000177,regular http traffic
173.194.43.40,172.16.133.73,786,0.8945469999999993,regular http traffic
173.194.43.40,172.16.133.73,578,0.33374799999999993,regular http traffic
173.194.43.40,172.16.133.73,307,0.009349000000000274,regular http traffic
173.194.43.40,172.16.133.73,593,0.01852299999999829,regular http traffic
173.194.43.40,172.16.133.73,534,10.531993,regular http traffic
173.194.43.40,172.16.133.73,880,8.684268000000003,regular http traffic
173.194.43.40,172.16.133.73,778,13.410103999999997,regular http traffic
173.194.43.40,172.16.133.73,869,3.4635650000000027,regular http traffic
173.194.43.40,172.16.133.73,591,0.8506600000000049,regular http traffic
173.194.43.40,172.16.133.73,591,0.0191820000000007,regular http traffic
173.194.43.40,172.16.133.73,1226,1.0911589999999904,regular http traffic
173.194.43.40,172.16.133.73,796,0.09807500000000857,regular http traffic
173.194.43.40,172.16.133.73,323,0.34552099999999086,regular http traffic
173.194.43.40,172.16.133.73,549,0.5676739999999967,regular http traffic
173.194.43.40,172.16.133.73,578,0.13762700000000905,regular http traffic
173.194.43.40,172.16.133.73,593,0.03712199999999655,regular http traffic
173.194.43.40,172.16.133.73,591,1.6010820000000052,regular http traffic
173.194.43.40,172.16.133.73,578,6.344887999999997,regular http traffic
173.194.43.40,172.16.133.73,591,0.0012710000000026866,regular http traffic
173.194.43.40,172.16.133.73,593,0.035738999999992416,regular http traffic
173.194.43.40,172.16.133.73,106,1.6386439999999993,regular http traffic
