src_ip,dest_ip,pkt_size,time_diff,original_class
173.193.244.61,131.202.240.101,445,0.0036890506744384766,regular http traffic
173.193.244.61,131.202.240.101,445,349.31160402297974,regular http traffic
173.193.244.61,131.202.240.101,445,0.002422809600830078,regular http traffic
173.193.244.61,131.202.240.101,445,162.7698471546173,regular http traffic
173.193.244.61,131.202.240.101,445,0.0009410381317138672,regular http traffic
