src_ip,dest_ip,pkt_size,time_diff,original_class
173.194.43.58,172.16.133.66,214,3.0234210000000132,regular http traffic
173.194.43.58,172.16.133.66,890,2.2145610000000033,regular http traffic
