src_ip,dest_ip,pkt_size,time_diff,original_class
173.194.43.59,172.16.133.78,804,0.4997189999999989,regular http traffic
173.194.43.59,172.16.133.78,299,22.249722000000002,regular http traffic
173.194.43.59,172.16.133.78,256,0.05125300000000266,regular http traffic
173.194.43.59,172.16.133.78,251,0.0024820000000005393,regular http traffic
173.194.43.59,172.16.133.78,260,0.018964999999994347,regular http traffic
173.194.43.59,172.16.133.78,420,0.005709000000003073,regular http traffic
173.194.43.59,172.16.133.78,1480,0.23073199999999616,regular http traffic
173.194.43.59,172.16.133.78,836,0.0423940000000016,regular http traffic
173.194.43.59,172.16.133.78,1195,0.02410199999999918,regular http traffic
173.194.43.59,172.16.133.78,801,253.01409700000002,regular http traffic
173.194.43.59,172.16.133.78,1030,0.0046550000000138425,regular http traffic
