src_ip,dest_ip,pkt_size,time_diff,original_class
173.241.242.7,172.16.133.132,497,0.3847989999999868,regular http traffic
173.241.242.7,172.16.133.132,497,0.5692910000000211,regular http traffic
173.241.242.7,172.16.133.132,497,1.3098569999999938,regular http traffic
173.241.242.7,172.16.133.132,497,1.5794139999999857,regular http traffic
