src_ip,dest_ip,pkt_size,time_diff,original_class
173.194.43.34,172.16.133.25,188,44.700759000000005,regular http traffic
173.194.43.34,172.16.133.25,1282,0.15168899999999041,regular http traffic
173.194.43.34,172.16.133.25,142,0.12709500000001128,regular http traffic
173.194.43.34,172.16.133.25,840,0.4364889999999946,regular http traffic
