src_ip,dest_ip,pkt_size,time_diff,original_class
173.194.43.60,172.16.133.96,508,14.57424599999996,regular http traffic
173.194.43.60,172.16.133.96,514,3.8339200000000346,regular http traffic
173.194.43.60,172.16.133.96,520,0.056326000000012755,regular http traffic
173.194.43.60,172.16.133.96,520,0.0001449999999749707,regular http traffic
173.194.43.60,172.16.133.96,520,4.90115099999997,regular http traffic
