src_ip,dest_ip,pkt_size,time_diff,original_class
173.204.219.5,172.16.133.54,890,0.4505449999999911,regular http traffic
173.204.219.5,172.16.133.54,1100,7.3263979999999975,regular http traffic
173.204.219.5,172.16.133.54,890,14.721702000000008,regular http traffic
173.204.219.5,172.16.133.54,266,5.013914,regular http traffic
173.204.219.5,172.16.133.54,890,16.29837900000001,regular http traffic
173.204.219.5,172.16.133.54,890,7.796257999999995,regular http traffic
173.204.219.5,172.16.133.54,890,4.968192999999985,regular http traffic
