src_ip,dest_ip,pkt_size,time_diff,original_class
173.194.74.191,172.16.133.66,593,0.0332300000000032,regular http traffic
173.194.74.191,172.16.133.66,1055,0.13452900000001478,regular http traffic
173.194.74.191,172.16.133.66,1179,0.026274999999998272,regular http traffic
173.194.74.191,172.16.133.66,599,0.017781999999982645,regular http traffic
173.194.74.191,172.16.133.66,213,0.013740000000012742,regular http traffic
173.194.74.191,172.16.133.66,225,0.076595999999995,regular http traffic
173.194.74.191,172.16.133.66,969,0.463025000000016,regular http traffic
173.194.74.191,172.16.133.66,1302,0.12379199999998036,regular http traffic
173.194.74.191,172.16.133.66,403,0.051855000000017526,regular http traffic
173.194.74.191,172.16.133.66,723,0.0848139999999944,regular http traffic
173.194.74.191,172.16.133.66,416,0.01821100000000797,regular http traffic
173.194.74.191,172.16.133.66,721,0.022576999999984082,regular http traffic
173.194.74.191,172.16.133.66,1442,1.909544000000011,regular http traffic
173.194.74.191,172.16.133.66,729,0.16385599999998135,regular http traffic
