src_ip,dest_ip,pkt_size,time_diff,original_class
173.194.41.111,172.16.133.73,269,35.359308,regular http traffic
173.194.41.111,172.16.133.73,269,7.75031899999999,regular http traffic
