src_ip,dest_ip,pkt_size,time_diff,original_class
173.194.43.60,172.16.133.116,797,14.671886000000004,regular http traffic
173.194.43.60,172.16.133.116,805,24.136004999999997,regular http traffic
173.194.43.60,172.16.133.116,797,1.3446029999999993,regular http traffic
173.194.43.60,172.16.133.116,804,9.599435999999997,regular http traffic
173.194.43.60,172.16.133.116,685,16.637467,regular http traffic
173.194.43.60,172.16.133.116,797,16.050258999999997,regular http traffic
173.194.43.60,172.16.133.116,799,22.094397,regular http traffic
173.194.43.60,172.16.133.116,799,12.966993000000016,regular http traffic
173.194.43.60,172.16.133.116,805,14.601804999999985,regular http traffic
173.194.43.60,172.16.133.116,797,7.771236000000016,regular http traffic
173.194.43.60,172.16.133.116,805,31.61148799999998,regular http traffic
173.194.43.60,172.16.133.116,797,1.1754820000000166,regular http traffic
173.194.43.60,172.16.133.116,799,20.100161999999983,regular http traffic
173.194.43.60,172.16.133.116,797,19.729550000000017,regular http traffic
173.194.43.60,172.16.133.116,800,18.743751000000003,regular http traffic
173.194.43.60,172.16.133.116,336,28.44259600000001,regular http traffic
173.194.43.60,172.16.133.116,334,0.1956079999999929,regular http traffic
173.194.43.60,172.16.133.116,800,13.372248000000013,regular http traffic
