src_ip,dest_ip,pkt_size,time_diff,original_class
173.194.43.59,172.16.133.68,414,0.10947699999999827,regular http traffic
173.194.43.59,172.16.133.68,414,0.3392419999999845,regular http traffic
173.194.43.59,172.16.133.68,414,0.11309500000001549,regular http traffic
173.194.43.59,172.16.133.68,414,0.5005529999999965,regular http traffic
173.194.43.59,172.16.133.68,414,0.1058089999999936,regular http traffic
