src_ip,dest_ip,pkt_size,time_diff,original_class
173.194.43.47,172.16.133.40,61,0.16754600000001574,regular http traffic
173.194.43.47,172.16.133.40,416,10.146064999999993,regular http traffic
173.194.43.47,172.16.133.40,416,0.00019399999999336615,regular http traffic
173.194.43.47,172.16.133.40,252,30.013372000000004,regular http traffic
