src_ip,dest_ip,pkt_size,time_diff,original_class
173.194.43.59,172.16.133.95,1029,0.011702999999982922,regular http traffic
173.194.43.59,172.16.133.95,1029,15.303927000000016,regular http traffic
173.194.43.59,172.16.133.95,666,0.03667099999998413,regular http traffic
173.194.43.59,172.16.133.95,1028,6.253155000000021,regular http traffic
173.194.43.59,172.16.133.95,666,0.04353499999999144,regular http traffic
173.194.43.59,172.16.133.95,670,13.090306999999996,regular http traffic
173.194.43.59,172.16.133.95,1029,0.006779999999992015,regular http traffic
173.194.43.59,172.16.133.95,800,38.38714300000004,regular http traffic
173.194.43.59,172.16.133.95,1029,0.010911999999962063,regular http traffic
