src_ip,dest_ip,pkt_size,time_diff,original_class
173.194.43.45,172.16.133.93,209,15.485501999999997,regular http traffic
173.194.43.45,172.16.133.93,1228,28.760820999999993,regular http traffic
173.194.43.45,172.16.133.93,1234,14.381641000000002,regular http traffic
