src_ip,dest_ip,pkt_size,time_diff,original_class
173.194.43.38,172.16.133.25,687,0.005895000000002426,regular http traffic
173.194.43.38,172.16.133.25,1230,0.0005780000000008556,regular http traffic
173.194.43.38,172.16.133.25,1417,0.00012699999999910005,regular http traffic
173.194.43.38,172.16.133.25,687,43.31057199999999,regular http traffic
173.194.43.38,172.16.133.25,425,0.019562000000000523,regular http traffic
173.194.43.38,172.16.133.25,1417,0.004564000000002011,regular http traffic
