src_ip,dest_ip,pkt_size,time_diff,original_class
173.252.100.27,172.16.133.40,505,0.4121370000000013,regular http traffic
173.252.100.27,172.16.133.40,491,117.555012,regular http traffic
