src_ip,dest_ip,pkt_size,time_diff,original_class
173.194.43.36,172.16.133.55,430,0.017180999999993674,regular http traffic
173.194.43.36,172.16.133.55,430,17.148778000000007,regular http traffic
173.194.43.36,172.16.133.55,430,0.0009670000000028267,regular http traffic
