src_ip,dest_ip,pkt_size,time_diff,original_class
173.194.43.43,172.16.133.66,790,0.35368299999998953,regular http traffic
173.194.43.43,172.16.133.66,485,0.20501500000000306,regular http traffic
173.194.43.43,172.16.133.66,410,0.0034510000000125274,regular http traffic
173.194.43.43,172.16.133.66,443,0.009266999999994141,regular http traffic
173.194.43.43,172.16.133.66,501,0.1855380000000082,regular http traffic
