src_ip,dest_ip,pkt_size,time_diff,original_class
174.37.29.148,172.16.133.40,522,0.04445200000000682,regular http traffic
174.37.29.148,172.16.133.40,1150,0.8176479999999913,regular http traffic
174.37.29.148,172.16.133.40,565,0.6318710000000038,regular http traffic
174.37.29.148,172.16.133.40,109,0.7227450000000033,regular http traffic
174.37.29.148,172.16.133.40,598,0.18534999999999968,regular http traffic
174.37.29.148,172.16.133.40,1149,114.734172,regular http traffic
174.37.29.148,172.16.133.40,522,0.15840399999999022,regular http traffic
174.37.29.148,172.16.133.40,799,0.08843899999999394,regular http traffic
174.37.29.148,172.16.133.40,565,0.5110290000000077,regular http traffic
174.37.29.148,172.16.133.40,105,1.1292239999999936,regular http traffic
174.37.29.148,172.16.133.40,598,0.17694900000000757,regular http traffic
