src_ip,dest_ip,pkt_size,time_diff,original_class
174.129.214.80,172.16.133.66,242,9.299999999257125e-05,regular http traffic
174.129.214.80,172.16.133.66,242,0.0010959999999897718,regular http traffic
174.129.214.80,172.16.133.66,242,0.0004390000000000782,regular http traffic
174.129.214.80,172.16.133.66,242,0.0015879999999981464,regular http traffic
174.129.214.80,172.16.133.66,242,0.0004020000000082291,regular http traffic
