src_ip,dest_ip,pkt_size,time_diff,original_class
174.129.2.251,172.16.133.54,761,37.97751199999999,regular http traffic
174.129.2.251,172.16.133.54,761,7.76692300000002,regular http traffic
