src_ip,dest_ip,pkt_size,time_diff,original_class
174.35.22.75,172.16.133.96,79,0.03460699999999406,regular http traffic
174.35.22.75,172.16.133.96,1211,0.03647999999998319,regular http traffic
174.35.22.75,172.16.133.96,105,0.06497699999999895,regular http traffic
174.35.22.75,172.16.133.96,1245,0.026412999999990916,regular http traffic
174.35.22.75,172.16.133.96,1258,0.0008160000000430045,regular http traffic
174.35.22.75,172.16.133.96,311,5.41719999999998,regular http traffic
174.35.22.75,172.16.133.96,554,0.03534100000001672,regular http traffic
174.35.22.75,172.16.133.96,1047,0.05518299999999954,regular http traffic
174.35.22.75,172.16.133.96,1108,0.1362479999999664,regular http traffic
