src_ip,dest_ip,pkt_size,time_diff,original_class
178.79.165.5,10.10.6.233,69,0.03080000000045402,regular http traffic
178.79.165.5,10.10.6.233,69,0.049724999999853026,regular http traffic
178.79.165.5,10.10.6.233,69,0.03742899999997462,regular http traffic
178.79.165.5,10.10.6.233,69,0.043079000000034284,regular http traffic
178.79.165.5,10.10.6.233,69,0.04147800000009738,regular http traffic
178.79.165.5,10.10.6.233,69,0.043246999999610125,regular http traffic
178.79.165.5,10.10.6.233,69,0.0472250000002532,regular http traffic
178.79.165.5,10.10.6.233,69,0.03167500000017753,regular http traffic
178.79.165.5,10.10.6.233,69,0.036059000000022934,regular http traffic
178.79.165.5,10.10.6.233,69,0.0793389999998908,regular http traffic
178.79.165.5,10.10.6.233,69,0.041736000000128115,regular http traffic
178.79.165.5,10.10.6.233,69,0.04637699999966571,regular http traffic
178.79.165.5,10.10.6.233,69,0.12644300000010844,regular http traffic
178.79.165.5,10.10.6.233,69,0.1468349999995553,regular http traffic
178.79.165.5,10.10.6.233,69,1.3665960000007544,regular http traffic
