src_ip,dest_ip,pkt_size,time_diff,original_class
178.250.2.135,10.8.0.6,254,0.06965999999920314,regular http traffic
178.250.2.135,10.8.0.6,1109,0.2271789999995235,regular http traffic
178.250.2.135,10.8.0.6,112,0.01656100000036531,regular http traffic
178.250.2.135,10.8.0.6,782,0.09218499999951746,regular http traffic
178.250.2.135,10.8.0.6,685,0.048122000000148546,regular http traffic
178.250.2.135,10.8.0.6,1162,0.7028300000001764,regular http traffic
