src_ip,dest_ip,pkt_size,time_diff,original_class
178.154.131.216,10.8.0.6,232,0.003802999999606982,regular http traffic
178.154.131.216,10.8.0.6,933,0.018215000003692694,regular http traffic
178.154.131.216,10.8.0.6,1333,0.03996799999731593,regular http traffic
178.154.131.216,10.8.0.6,361,0.0007749999931547791,regular http traffic
178.154.131.216,10.8.0.6,821,0.008398000005399808,regular http traffic
