src_ip,dest_ip,pkt_size,time_diff,original_class
178.32.212.40,10.8.0.6,711,0.2990609999997105,regular http traffic
178.32.212.40,10.8.0.6,719,0.09162100000048667,regular http traffic
178.32.212.40,10.8.0.6,711,2.5263139999997293,regular http traffic
178.32.212.40,10.8.0.6,145,3.9769059999998717,regular http traffic
178.32.212.40,10.8.0.6,1378,0.3869380000005549,regular http traffic
178.32.212.40,10.8.0.6,267,0.5044859999998152,regular http traffic
178.32.212.40,10.8.0.6,627,1.8098449999997683,regular http traffic
