src_ip,dest_ip,pkt_size,time_diff,original_class
180.149.145.243,10.8.0.6,45,0.40942400000000134,regular http traffic
180.149.145.243,10.8.0.6,45,0.003862999999995509,regular http traffic
180.149.145.243,10.8.0.6,238,0.26024400000000014,regular http traffic
180.149.145.243,10.8.0.6,45,0.0776299999999992,regular http traffic
180.149.145.243,10.8.0.6,45,0.014882999999997537,regular http traffic
180.149.145.243,10.8.0.6,242,0.004052999999998974,regular http traffic
180.149.145.243,10.8.0.6,45,3.2000000004472895e-05,regular http traffic
180.149.145.243,10.8.0.6,45,0.004630000000005907,regular http traffic
180.149.145.243,10.8.0.6,45,0.4801619999999929,regular http traffic
180.149.145.243,10.8.0.6,45,0.3113340000000022,regular http traffic
180.149.145.243,10.8.0.6,480,0.3473070000000007,regular http traffic
