src_ip,dest_ip,pkt_size,time_diff,original_class
183.136.203.249,10.8.0.6,962,0.012623000000530737,regular http traffic
183.136.203.249,10.8.0.6,961,0.014604999998482526,regular http traffic
183.136.203.249,10.8.0.6,811,0.38157000000137486,regular http traffic
183.136.203.249,10.8.0.6,811,0.015948000000207685,regular http traffic
183.136.203.249,10.8.0.6,811,0.006391999999323161,regular http traffic
