src_ip,dest_ip,pkt_size,time_diff,original_class
184.173.189.190,172.16.133.132,60,0.9420760000000001,regular http traffic
184.173.189.190,172.16.133.132,60,0.1693869999999933,regular http traffic
184.173.189.190,172.16.133.132,60,99.65194299999999,regular http traffic
184.173.189.190,172.16.133.132,60,1.1872570000000167,regular http traffic
184.173.189.190,172.16.133.132,60,0.10268599999997718,regular http traffic
184.173.189.190,172.16.133.132,60,2.2025750000000244,regular http traffic
184.173.189.190,172.16.133.132,60,0.12782699999999636,regular http traffic
