src_ip,dest_ip,pkt_size,time_diff,original_class
184.84.36.46,172.16.133.54,279,1.1432859999999891,regular http traffic
184.84.36.46,172.16.133.54,279,0.4636780000000016,regular http traffic
184.84.36.46,172.16.133.54,279,12.326854000000012,regular http traffic
184.84.36.46,172.16.133.54,279,3.1040439999999876,regular http traffic
184.84.36.46,172.16.133.54,279,1.0843510000000123,regular http traffic
184.84.36.46,172.16.133.54,279,0.3263939999999934,regular http traffic
184.84.36.46,172.16.133.54,279,16.829831000000013,regular http traffic
