src_ip,dest_ip,pkt_size,time_diff,original_class
184.84.3.53,172.16.133.41,388,0.821676999999994,regular http traffic
184.84.3.53,172.16.133.41,1476,0.026389000000008878,regular http traffic
184.84.3.53,172.16.133.41,998,0.004391999999995733,regular http traffic
184.84.3.53,172.16.133.41,1091,0.03113500000000613,regular http traffic
184.84.3.53,172.16.133.41,976,0.0030459999999976617,regular http traffic
184.84.3.53,172.16.133.41,301,0.0014769999999941774,regular http traffic
184.84.3.53,172.16.133.41,1440,0.02557199999999682,regular http traffic
184.84.3.53,172.16.133.41,830,0.009711000000010017,regular http traffic
184.84.3.53,172.16.133.41,500,0.01373799999998937,regular http traffic
184.84.3.53,172.16.133.41,1372,0.006828000000012935,regular http traffic
184.84.3.53,172.16.133.41,928,0.0002499999999940883,regular http traffic
184.84.3.53,172.16.133.41,183,0.0098469999999935,regular http traffic
184.84.3.53,172.16.133.41,876,0.006689000000008605,regular http traffic
184.84.3.53,172.16.133.41,375,0.0032889999999952124,regular http traffic
184.84.3.53,172.16.133.41,1400,0.0504449999999963,regular http traffic
184.84.3.53,172.16.133.41,849,0.0239609999999999,regular http traffic
184.84.3.53,172.16.133.41,561,0.18379800000001012,regular http traffic
184.84.3.53,172.16.133.41,328,0.0028459999999910224,regular http traffic
184.84.3.53,172.16.133.41,648,0.006866999999999734,regular http traffic
184.84.3.53,172.16.133.41,242,0.0028110000000083346,regular http traffic
184.84.3.53,172.16.133.41,118,0.015701999999990335,regular http traffic
184.84.3.53,172.16.133.41,1213,0.006391000000007807,regular http traffic
184.84.3.53,172.16.133.41,1211,0.019619000000005826,regular http traffic
184.84.3.53,172.16.133.41,89,0.04685099999998954,regular http traffic
184.84.3.53,172.16.133.41,355,0.008396000000004733,regular http traffic
184.84.3.53,172.16.133.41,1182,0.04873399999999606,regular http traffic
184.84.3.53,172.16.133.41,737,0.03637500000000671,regular http traffic
184.84.3.53,172.16.133.41,547,0.390822,regular http traffic
184.84.3.53,172.16.133.41,539,0.24948499999999285,regular http traffic
184.84.3.53,172.16.133.41,85,0.2964580000000012,regular http traffic
184.84.3.53,172.16.133.41,765,1.5818830000000048,regular http traffic
