src_ip,dest_ip,pkt_size,time_diff,original_class
184.72.255.145,172.16.133.47,233,0.0063509999999999955,regular http traffic
184.72.255.145,172.16.133.47,174,0.11928000000000027,regular http traffic
184.72.255.145,172.16.133.47,1041,0.0005839999999999179,regular http traffic
184.72.255.145,172.16.133.47,165,0.1564890000000001,regular http traffic
184.72.255.145,172.16.133.47,224,0.001379000000000019,regular http traffic
184.72.255.145,172.16.133.47,134,0.049321999999999644,regular http traffic
184.72.255.145,172.16.133.47,198,0.017982000000000387,regular http traffic
184.72.255.145,172.16.133.47,162,0.036354999999999915,regular http traffic
184.72.255.145,172.16.133.47,165,0.0051320000000001365,regular http traffic
184.72.255.145,172.16.133.47,142,0.03344799999999992,regular http traffic
184.72.255.145,172.16.133.47,198,0.008311999999999653,regular http traffic
184.72.255.145,172.16.133.47,880,0.026033000000000417,regular http traffic
184.72.255.145,172.16.133.47,209,0.021058999999999717,regular http traffic
184.72.255.145,172.16.133.47,156,0.025132000000000154,regular http traffic
184.72.255.145,172.16.133.47,287,0.029411000000000076,regular http traffic
184.72.255.145,172.16.133.47,174,0.013332999999999817,regular http traffic
184.72.255.145,172.16.133.47,218,0.06807000000000007,regular http traffic
184.72.255.145,172.16.133.47,60,0.0022739999999998872,regular http traffic
184.72.255.145,172.16.133.47,216,0.04405700000000001,regular http traffic
184.72.255.145,172.16.133.47,198,0.003622000000000014,regular http traffic
184.72.255.145,172.16.133.47,1224,0.048653999999999975,regular http traffic
184.72.255.145,172.16.133.47,317,0.0012340000000001794,regular http traffic
184.72.255.145,172.16.133.47,620,0.03611399999999998,regular http traffic
184.72.255.145,172.16.133.47,909,18.575655,regular http traffic
184.72.255.145,172.16.133.47,425,0.04663499999999843,regular http traffic
184.72.255.145,172.16.133.47,716,1.3428190000000022,regular http traffic
184.72.255.145,172.16.133.47,424,0.024521000000000015,regular http traffic
184.72.255.145,172.16.133.47,506,0.8441759999999974,regular http traffic
