src_ip,dest_ip,pkt_size,time_diff,original_class
184.172.28.153,172.16.133.132,909,1.4771100000000104,regular http traffic
184.172.28.153,172.16.133.132,253,37.17301699999999,regular http traffic
