src_ip,dest_ip,pkt_size,time_diff,original_class
184.26.44.96,131.202.240.86,833,5.003148078918457,regular http traffic
184.26.44.96,131.202.240.86,833,0.05815887451171875,regular http traffic
