src_ip,dest_ip,pkt_size,time_diff,original_class
185.33.223.218,10.8.0.6,95,1.1887420000002749,regular http traffic
185.33.223.218,10.8.0.6,771,3.993250999999873,regular http traffic
185.33.223.218,10.8.0.6,281,0.43829899999946065,regular http traffic
