src_ip,dest_ip,pkt_size,time_diff,original_class
185.33.223.202,10.8.0.6,844,0.8737810000002355,regular http traffic
185.33.223.202,10.8.0.6,844,0.054490000000441796,regular http traffic
185.33.223.202,10.8.0.6,843,0.07085399999959918,regular http traffic
185.33.223.202,10.8.0.6,864,0.5905249999996158,regular http traffic
185.33.223.202,10.8.0.6,865,0.418734000000768,regular http traffic
185.33.223.202,10.8.0.6,865,0.24801699999989069,regular http traffic
185.33.223.202,10.8.0.6,864,0.06327599999895028,regular http traffic
185.33.223.202,10.8.0.6,843,1.5587410000007367,regular http traffic
185.33.223.202,10.8.0.6,844,0.07066399999894202,regular http traffic
185.33.223.202,10.8.0.6,843,0.009242000000085682,regular http traffic
185.33.223.202,10.8.0.6,844,0.06179100000008475,regular http traffic
185.33.223.202,10.8.0.6,844,0.20666300000084448,regular http traffic
