src_ip,dest_ip,pkt_size,time_diff,original_class
185.86.138.78,10.8.0.6,1259,0.0017139999999926658,regular http traffic
185.86.138.78,10.8.0.6,1259,0.17393400000037218,regular http traffic
