src_ip,dest_ip,pkt_size,time_diff,original_class
192.168.3.131,72.14.213.147,1266,0.24984200000000012,regular http traffic
192.168.3.131,72.14.213.147,1157,1.2101360000000003,regular http traffic
192.168.3.131,72.14.213.147,1131,15.890225999999998,regular http traffic
192.168.3.131,72.14.213.147,1263,0.30195499999999953,regular http traffic
192.168.3.131,72.14.213.147,1156,0.844068,regular http traffic
