src_ip,dest_ip,pkt_size,time_diff,original_class
192.168.3.131,65.54.95.142,676,24.5019,regular http traffic
192.168.3.131,65.54.95.142,682,9.300000000322939e-05,regular http traffic
192.168.3.131,65.54.95.142,657,0.04095799999999983,regular http traffic
