src_ip,dest_ip,pkt_size,time_diff,original_class
192.168.3.131,206.108.207.138,780,25.278810000000004,regular http traffic
192.168.3.131,206.108.207.138,811,78.356664,regular http traffic
192.168.3.131,206.108.207.138,805,0.3953160000000082,regular http traffic
192.168.3.131,206.108.207.138,788,60.21443399999998,regular http traffic
192.168.3.131,206.108.207.138,763,0.3351460000000088,regular http traffic
