src_ip,dest_ip,pkt_size,time_diff,original_class
192.168.3.131,65.54.95.66,975,0.08653899999999837,regular http traffic
192.168.3.131,65.54.95.66,1198,164.333209,regular http traffic
192.168.3.131,65.54.95.66,1222,0.219301999999999,regular http traffic
