src_ip,dest_ip,pkt_size,time_diff,original_class
192.168.3.131,65.55.5.232,703,0.2367030000000001,regular http traffic
192.168.3.131,65.55.5.232,701,0.6571879999999999,regular http traffic
192.168.3.131,65.55.5.232,773,25.331789,regular http traffic
192.168.3.131,65.55.5.232,775,0.7270150000000015,regular http traffic
192.168.3.131,65.55.5.232,804,0.49624499999999827,regular http traffic
192.168.3.131,65.55.5.232,1077,25.056485000000002,regular http traffic
192.168.3.131,65.55.5.232,1079,0.18811399999999878,regular http traffic
192.168.3.131,65.55.5.232,811,0.11222699999999719,regular http traffic
192.168.3.131,65.55.5.232,1121,10.939672000000009,regular http traffic
192.168.3.131,65.55.5.232,1123,0.1549229999999966,regular http traffic
192.168.3.131,65.55.5.232,811,0.18280299999999272,regular http traffic
192.168.3.131,65.55.5.232,1132,67.08523000000001,regular http traffic
192.168.3.131,65.55.5.232,1134,0.18133900000000835,regular http traffic
192.168.3.131,65.55.5.232,811,0.2121609999999805,regular http traffic
192.168.3.131,65.55.5.232,1133,12.424508000000003,regular http traffic
192.168.3.131,65.55.5.232,1135,0.17928900000001136,regular http traffic
192.168.3.131,65.55.5.232,811,0.23874499999999443,regular http traffic
192.168.3.131,65.55.5.232,985,21.049847,regular http traffic
192.168.3.131,65.55.5.232,987,0.45096300000000156,regular http traffic
192.168.3.131,65.55.5.232,1030,25.878041999999994,regular http traffic
192.168.3.131,65.55.5.232,1032,0.1714369999999974,regular http traffic
192.168.3.131,65.55.5.232,1030,0.08457599999999843,regular http traffic
