src_ip,dest_ip,pkt_size,time_diff,original_class
192.168.3.131,66.220.149.32,1200,25.313557000000003,regular http traffic
192.168.3.131,66.220.149.32,1199,12.140672000000002,regular http traffic
192.168.3.131,66.220.149.32,1199,66.59251099999999,regular http traffic
192.168.3.131,66.220.149.32,1199,12.84453000000002,regular http traffic
