src_ip,dest_ip,pkt_size,time_diff,original_class
192.168.3.131,66.235.139.121,1202,1.5997379999999999,regular http traffic
192.168.3.131,66.235.139.121,1342,11.163443000000001,regular http traffic
192.168.3.131,66.235.139.121,1389,12.752082999999999,regular http traffic
192.168.3.131,66.235.139.121,1453,139.946882,regular http traffic
