src_ip,dest_ip,pkt_size,time_diff,original_class
192.168.3.131,195.27.155.11,1023,25.138230000000004,regular http traffic
192.168.3.131,195.27.155.11,1022,12.13922999999999,regular http traffic
192.168.3.131,195.27.155.11,1022,66.564174,regular http traffic
192.168.3.131,195.27.155.11,1022,12.870285000000024,regular http traffic
192.168.3.131,195.27.155.11,1010,47.670930999999996,regular http traffic
