src_ip,dest_ip,pkt_size,time_diff,original_class
192.147.107.13,172.16.133.46,323,0.05932200000000165,regular http traffic
192.147.107.13,172.16.133.46,140,0.9678339999999963,regular http traffic
192.147.107.13,172.16.133.46,145,0.0012910000000019295,regular http traffic
192.147.107.13,172.16.133.46,707,0.0635820000000038,regular http traffic
