src_ip,dest_ip,pkt_size,time_diff,original_class
194.9.8.199,130.68.81.253,498,2.418637000000217,regular http traffic
194.9.8.199,130.68.81.253,506,4.592607999999927,regular http traffic
