src_ip,dest_ip,pkt_size,time_diff,original_class
194.9.8.12,150.204.83.70,519,3.3279150000007576,regular http traffic
194.9.8.12,150.204.83.70,518,0.003344999999171705,regular http traffic
194.9.8.12,150.204.83.70,519,3.000000106112566e-06,regular http traffic
194.9.8.12,150.204.83.70,499,4.7000000449770596e-05,regular http traffic
194.9.8.12,150.204.83.70,503,0.039289999999709835,regular http traffic
194.9.8.12,150.204.83.70,495,0.003590999999687483,regular http traffic
194.9.8.12,150.204.83.70,496,0.003095000000030268,regular http traffic
194.9.8.12,150.204.83.70,519,0.004243000000315078,regular http traffic
194.9.8.12,150.204.83.70,567,3.2388099999998303,regular http traffic
194.9.8.12,150.204.83.70,489,0.01442600000063976,regular http traffic
194.9.8.12,150.204.83.70,519,2.99919299999965,regular http traffic
194.9.8.12,150.204.83.70,547,69.95910999999978,regular http traffic
194.9.8.12,150.204.83.70,704,14.03150900000037,regular http traffic
194.9.8.12,150.204.83.70,560,3.3816790000000765,regular http traffic
194.9.8.12,150.204.83.70,547,31.07448999999997,regular http traffic
194.9.8.12,150.204.83.70,704,44.86867900000016,regular http traffic
194.9.8.12,150.204.83.70,560,3.322679999999309,regular http traffic
