src_ip,dest_ip,pkt_size,time_diff,original_class
194.9.8.22,202.11.82.89,436,1.7657390000000532,regular http traffic
194.9.8.22,202.11.82.89,506,2.697347000000036,regular http traffic
194.9.8.22,202.11.82.89,466,0.3320649999999432,regular http traffic
