src_ip,dest_ip,pkt_size,time_diff,original_class
194.9.8.51,202.11.82.91,420,0.9794760000004317,regular http traffic
194.9.8.51,202.11.82.91,450,2.0002370000001974,regular http traffic
