src_ip,dest_ip,pkt_size,time_diff,original_class
194.9.8.51,202.11.82.90,487,0.1869989999995596,regular http traffic
194.9.8.51,202.11.82.90,517,3.0002290000002176,regular http traffic
