src_ip,dest_ip,pkt_size,time_diff,original_class
194.9.8.51,110.209.6.25,472,0.5710390000003827,regular http traffic
194.9.8.51,110.209.6.25,471,0.0008920000000216532,regular http traffic
194.9.8.51,110.209.6.25,474,0.0009479999998802668,regular http traffic
194.9.8.51,110.209.6.25,473,0.0008989999996629194,regular http traffic
194.9.8.51,110.209.6.25,471,0.0009479999998802668,regular http traffic
194.9.8.51,110.209.6.25,423,1.41852100000051,regular http traffic
194.9.8.51,110.209.6.25,453,1.040578999999525,regular http traffic
