src_ip,dest_ip,pkt_size,time_diff,original_class
194.9.8.12,202.11.82.70,542,0.3583770000000186,regular http traffic
194.9.8.12,202.11.82.70,532,13.61073499999975,regular http traffic
194.9.8.12,202.11.82.70,542,0.2603319999998348,regular http traffic
194.9.8.12,202.11.82.70,532,15.392820000000029,regular http traffic
194.9.8.12,202.11.82.70,542,0.3576780000003055,regular http traffic
194.9.8.12,202.11.82.70,532,733.5949299999997,regular http traffic
194.9.8.12,202.11.82.70,542,10.47316200000023,regular http traffic
194.9.8.12,202.11.82.70,571,56.962743000000046,regular http traffic
194.9.8.12,202.11.82.70,727,112.57250399999975,regular http traffic
194.9.8.12,202.11.82.70,583,0.30671499999971275,regular http traffic
