src_ip,dest_ip,pkt_size,time_diff,original_class
194.9.8.9,208.18.90.42,441,0.4446660000000975,regular http traffic
194.9.8.9,208.18.90.42,471,2.999663999999939,regular http traffic
194.9.8.9,208.18.90.42,467,4.019068000000061,regular http traffic
194.9.8.9,208.18.90.42,467,21.40573100000006,regular http traffic
194.9.8.9,208.18.90.42,510,1.958498999999847,regular http traffic
194.9.8.9,208.18.90.42,510,0.9495269999999891,regular http traffic
194.9.8.9,208.18.90.42,467,3.7533860000000914,regular http traffic
194.9.8.9,208.18.90.42,471,45.8735650000001,regular http traffic
