src_ip,dest_ip,pkt_size,time_diff,original_class
194.9.8.53,150.204.83.102,375,860.955837,regular http traffic
194.9.8.53,150.204.83.102,375,0.017571000000089043,regular http traffic
194.9.8.53,150.204.83.102,397,0.0031419999997979176,regular http traffic
