src_ip,dest_ip,pkt_size,time_diff,original_class
194.9.8.55,110.209.6.25,466,10.158400000000029,regular http traffic
194.9.8.55,110.209.6.25,476,0.02405799999996816,regular http traffic
194.9.8.55,110.209.6.25,498,0.0987259999999992,regular http traffic
194.9.8.55,110.209.6.25,439,0.19959900000003472,regular http traffic
194.9.8.55,110.209.6.25,469,2.9842419999999947,regular http traffic
194.9.8.55,110.209.6.25,444,13.427039000000036,regular http traffic
