src_ip,dest_ip,pkt_size,time_diff,original_class
198.145.13.24,172.16.133.42,454,0.098719,regular http traffic
198.145.13.24,172.16.133.42,454,0.001927000000000234,regular http traffic
