src_ip,dest_ip,pkt_size,time_diff,original_class
198.134.112.242,10.8.0.6,323,0.551529999999957,regular http traffic
198.134.112.242,10.8.0.6,983,0.7283449999999903,regular http traffic
