src_ip,dest_ip,pkt_size,time_diff,original_class
198.134.112.241,10.8.0.6,323,0.3632939999952214,regular http traffic
198.134.112.241,10.8.0.6,981,0.1834860000089975,regular http traffic
