src_ip,dest_ip,pkt_size,time_diff,original_class
199.47.218.150,172.16.133.87,233,56.056268,regular http traffic
199.47.218.150,172.16.133.87,233,55.774276,regular http traffic
199.47.218.150,172.16.133.87,233,55.41508399999999,regular http traffic
199.47.218.150,172.16.133.87,233,55.18494900000002,regular http traffic
199.47.218.150,172.16.133.87,233,55.50086699999997,regular http traffic
