src_ip,dest_ip,pkt_size,time_diff,original_class
199.47.216.146,172.16.133.68,233,55.28891300000001,regular http traffic
199.47.216.146,172.16.133.68,233,55.28918999999999,regular http traffic
199.47.216.146,172.16.133.68,233,55.529608999999994,regular http traffic
199.47.216.146,172.16.133.68,233,55.578332999999986,regular http traffic
