src_ip,dest_ip,pkt_size,time_diff,original_class
199.204.31.83,172.16.133.41,254,0.03148000000000195,regular http traffic
199.204.31.83,172.16.133.41,687,1.9542020000000022,regular http traffic
199.204.31.83,172.16.133.41,288,0.6333729999999989,regular http traffic
199.204.31.83,172.16.133.41,648,35.407453,regular http traffic
199.204.31.83,172.16.133.41,371,104.116244,regular http traffic
