src_ip,dest_ip,pkt_size,time_diff,original_class
199.166.0.26,10.8.0.6,254,4.681137999999919,regular http traffic
199.166.0.26,10.8.0.6,361,2.9501799999998184,regular http traffic
199.166.0.26,10.8.0.6,262,1.4760000000005675,regular http traffic
