src_ip,dest_ip,pkt_size,time_diff,original_class
199.38.164.36,131.202.240.101,105,22.20816397666931,regular http traffic
199.38.164.36,131.202.240.101,106,27.578650951385498,regular http traffic
