src_ip,dest_ip,pkt_size,time_diff,original_class
199.59.148.247,172.16.133.95,513,60.041431,regular http traffic
199.59.148.247,172.16.133.95,512,60.32783199999999,regular http traffic
199.59.148.247,172.16.133.95,512,59.672102000000024,regular http traffic
199.59.148.247,172.16.133.95,513,59.99178599999999,regular http traffic
