src_ip,dest_ip,pkt_size,time_diff,original_class
2.20.143.37,10.8.0.6,880,0.0030939999996917322,regular http traffic
2.20.143.37,10.8.0.6,1364,0.04239699999743607,regular http traffic
