src_ip,dest_ip,pkt_size,time_diff,original_class
2.21.40.243,10.8.0.6,796,1.2071369999994204,regular http traffic
2.21.40.243,10.8.0.6,816,6.059221000001344,regular http traffic
2.21.40.243,10.8.0.6,681,0.8408299999991868,regular http traffic
2.21.40.243,10.8.0.6,707,10.076019000000088,regular http traffic
2.21.40.243,10.8.0.6,688,0.08959700000013981,regular http traffic
2.21.40.243,10.8.0.6,690,0.08856200000082026,regular http traffic
