src_ip,dest_ip,pkt_size,time_diff,original_class
202.11.82.252,217.22.112.72,634,21.151382000000012,regular http traffic
202.11.82.252,217.22.112.72,617,0.0038930000000618747,regular http traffic
202.11.82.252,217.22.112.72,617,0.20808599999998023,regular http traffic
202.11.82.252,217.22.112.72,617,0.21272699999997258,regular http traffic
202.11.82.252,217.22.112.72,635,0.16356400000006488,regular http traffic
