src_ip,dest_ip,pkt_size,time_diff,original_class
202.11.82.253,66.201.189.54,617,27.793542000000116,regular http traffic
202.11.82.253,66.201.189.54,634,0.41707900000005793,regular http traffic
202.11.82.253,66.201.189.54,617,1.0269509999998263,regular http traffic
