src_ip,dest_ip,pkt_size,time_diff,original_class
202.11.82.70,217.22.112.72,750,0.08320400000002337,regular http traffic
202.11.82.70,217.22.112.72,750,0.3670080000000553,regular http traffic
202.11.82.70,217.22.112.72,750,0.411878999999999,regular http traffic
202.11.82.70,217.22.112.72,750,0.12433199999998124,regular http traffic
