src_ip,dest_ip,pkt_size,time_diff,original_class
202.11.82.102,217.22.112.14,473,76.00973999999997,regular http traffic
202.11.82.102,217.22.112.14,233,97.25028800000018,regular http traffic
202.11.82.102,217.22.112.14,473,272.21307000000024,regular http traffic
