src_ip,dest_ip,pkt_size,time_diff,original_class
202.11.82.252,66.201.189.14,617,32.50956800000006,regular http traffic
202.11.82.252,66.201.189.14,634,0.009933999999930165,regular http traffic
202.11.82.252,66.201.189.14,635,0.07498000000009597,regular http traffic
202.11.82.252,66.201.189.14,617,0.05401199999994333,regular http traffic
202.11.82.252,66.201.189.14,617,0.2794529999999895,regular http traffic
