src_ip,dest_ip,pkt_size,time_diff,original_class
202.11.82.70,194.9.8.199,1320,0.22444399999994857,regular http traffic
202.11.82.70,194.9.8.199,1223,0.000849000000016531,regular http traffic
202.11.82.70,194.9.8.199,244,0.0029970000000503205,regular http traffic
202.11.82.70,194.9.8.199,452,0.002745999999660853,regular http traffic
202.11.82.70,194.9.8.199,86,0.00863100000015038,regular http traffic
202.11.82.70,194.9.8.199,1276,0.012129000000186352,regular http traffic
202.11.82.70,194.9.8.199,302,0.005888999999569933,regular http traffic
202.11.82.70,194.9.8.199,636,0.0970830000001115,regular http traffic
202.11.82.70,194.9.8.199,755,0.03778199999987919,regular http traffic
202.11.82.70,194.9.8.199,777,0.00020100000028833165,regular http traffic
202.11.82.70,194.9.8.199,725,0.00014899999996487168,regular http traffic
202.11.82.70,194.9.8.199,360,0.014975999999933265,regular http traffic
202.11.82.70,194.9.8.199,744,4.6999999995023245e-05,regular http traffic
202.11.82.70,194.9.8.199,730,0.15248400000018592,regular http traffic
202.11.82.70,194.9.8.199,730,2.9939589999999043,regular http traffic
202.11.82.70,194.9.8.199,829,1.809733999999935,regular http traffic
202.11.82.70,194.9.8.199,636,0.1629640000001018,regular http traffic
202.11.82.70,194.9.8.199,530,0.01742000000012922,regular http traffic
202.11.82.70,194.9.8.199,539,4.667731000000003,regular http traffic
202.11.82.70,194.9.8.199,477,1.3565249999996922,regular http traffic
202.11.82.70,194.9.8.199,636,0.1487400000000889,regular http traffic
202.11.82.70,194.9.8.199,961,0.09044099999982791,regular http traffic
202.11.82.70,194.9.8.199,726,40.254353000000265,regular http traffic
202.11.82.70,194.9.8.199,723,9.90166999999974,regular http traffic
202.11.82.70,194.9.8.199,1362,609.2783690000001,regular http traffic
202.11.82.70,194.9.8.199,748,0.1413710000001629,regular http traffic
