src_ip,dest_ip,pkt_size,time_diff,original_class
202.11.82.70,66.201.189.54,772,9.721734999999853,regular http traffic
202.11.82.70,66.201.189.54,954,0.2964190000000144,regular http traffic
202.11.82.70,66.201.189.54,749,8.419121000000132,regular http traffic
202.11.82.70,66.201.189.54,954,1.5914929999999003,regular http traffic
202.11.82.70,66.201.189.54,976,10.009070000000065,regular http traffic
202.11.82.70,66.201.189.54,976,20.020530000000008,regular http traffic
