src_ip,dest_ip,pkt_size,time_diff,original_class
202.11.82.91,110.209.6.86,729,0.19196199999998953,regular http traffic
202.11.82.91,110.209.6.86,729,2.989682000000016,regular http traffic
