src_ip,dest_ip,pkt_size,time_diff,original_class
202.11.82.252,66.201.189.54,634,27.804922999999917,regular http traffic
202.11.82.252,66.201.189.54,617,0.4162309999999252,regular http traffic
202.11.82.252,66.201.189.54,617,0.0013480000000072323,regular http traffic
