src_ip,dest_ip,pkt_size,time_diff,original_class
202.11.82.15,208.18.90.59,586,337.9196999999999,regular http traffic
202.11.82.15,208.18.90.59,278,10.003626000000168,regular http traffic
202.11.82.15,208.18.90.59,586,0.20024399999988418,regular http traffic
202.11.82.15,208.18.90.59,586,10.014951999999994,regular http traffic
202.11.82.15,208.18.90.59,586,10.00527000000011,regular http traffic
202.11.82.15,208.18.90.59,531,1427.2439469999997,regular http traffic
