src_ip,dest_ip,pkt_size,time_diff,original_class
202.11.82.70,157.99.66.52,1088,5.641959,regular http traffic
202.11.82.70,157.99.66.52,809,0.45624600000000015,regular http traffic
202.11.82.70,157.99.66.52,1088,5.544383,regular http traffic
202.11.82.70,157.99.66.52,809,0.8748550000000002,regular http traffic
202.11.82.70,157.99.66.52,1088,9.034182000000001,regular http traffic
202.11.82.70,157.99.66.52,809,0.2870949999999972,regular http traffic
202.11.82.70,157.99.66.52,1088,8.875508,regular http traffic
202.11.82.70,157.99.66.52,809,0.26872700000000194,regular http traffic
202.11.82.70,157.99.66.52,1088,6.469100999999998,regular http traffic
