src_ip,dest_ip,pkt_size,time_diff,original_class
202.11.82.253,157.99.66.14,595,1.4143020000046818,regular http traffic
202.11.82.253,157.99.66.14,634,0.001097999993362464,regular http traffic
202.11.82.253,157.99.66.14,595,0.0228590000042459,regular http traffic
202.11.82.253,157.99.66.14,635,0.011230999996769242,regular http traffic
202.11.82.253,157.99.66.14,595,0.008484000005410053,regular http traffic
