src_ip,dest_ip,pkt_size,time_diff,original_class
202.11.82.102,66.201.189.60,219,22.004694999999998,regular http traffic
202.11.82.102,66.201.189.60,564,0.0022930000000087603,regular http traffic
202.11.82.102,66.201.189.60,79,65.54016100000001,regular http traffic
202.11.82.102,66.201.189.60,564,0.008436999999958061,regular http traffic
202.11.82.102,66.201.189.60,564,3.6314409999999953,regular http traffic
202.11.82.102,66.201.189.60,83,0.8207940000000349,regular http traffic
202.11.82.102,66.201.189.60,564,0.5125160000000051,regular http traffic
202.11.82.102,66.201.189.60,79,0.6345609999999624,regular http traffic
