src_ip,dest_ip,pkt_size,time_diff,original_class
202.11.82.90,66.201.189.69,481,0.3547320000002401,regular http traffic
202.11.82.90,66.201.189.69,481,37.080652999999984,regular http traffic
