src_ip,dest_ip,pkt_size,time_diff,original_class
202.11.82.90,66.201.189.54,772,9.799000000000206,regular http traffic
202.11.82.90,66.201.189.54,415,0.19349599999986822,regular http traffic
202.11.82.90,66.201.189.54,749,8.02514700000006,regular http traffic
202.11.82.90,66.201.189.54,415,1.9862570000000233,regular http traffic
202.11.82.90,66.201.189.54,415,10.01272199999994,regular http traffic
202.11.82.90,66.201.189.54,415,10.00950899999998,regular http traffic
