src_ip,dest_ip,pkt_size,time_diff,original_class
202.11.82.251,66.201.189.69,617,0.45230899999978647,regular http traffic
202.11.82.251,66.201.189.69,617,36.98766800000021,regular http traffic
