src_ip,dest_ip,pkt_size,time_diff,original_class
202.11.82.70,110.209.6.52,353,0.02954499999998461,regular http traffic
202.11.82.70,110.209.6.52,354,0.006687999999996919,regular http traffic
202.11.82.70,110.209.6.52,353,0.00025300000004335743,regular http traffic
202.11.82.70,110.209.6.52,354,0.00034599999997908526,regular http traffic
202.11.82.70,110.209.6.52,353,0.01467400000001362,regular http traffic
202.11.82.70,110.209.6.52,353,0.00010299999996732367,regular http traffic
202.11.82.70,110.209.6.52,352,0.010878000000047905,regular http traffic
202.11.82.70,110.209.6.52,681,21.499914999999987,regular http traffic
202.11.82.70,110.209.6.52,353,0.01382699999999204,regular http traffic
