src_ip,dest_ip,pkt_size,time_diff,original_class
202.77.129.150,10.8.0.6,314,0.9798470000000066,regular http traffic
202.77.129.150,10.8.0.6,146,12.296178999999995,regular http traffic
