src_ip,dest_ip,pkt_size,time_diff,original_class
202.11.82.91,208.18.90.74,729,0.051018999999996595,regular http traffic
202.11.82.91,208.18.90.74,729,3.0191979999999603,regular http traffic
202.11.82.91,208.18.90.74,728,2.1370670000001155,regular http traffic
202.11.82.91,208.18.90.74,733,5.2999369999997725,regular http traffic
202.11.82.91,208.18.90.74,724,5.32199700000001,regular http traffic
