src_ip,dest_ip,pkt_size,time_diff,original_class
202.11.82.253,217.22.112.14,642,354.22953799999993,regular http traffic
202.11.82.253,217.22.112.14,658,0.006240000000047985,regular http traffic
202.11.82.253,217.22.112.14,658,0.006687999999996919,regular http traffic
