src_ip,dest_ip,pkt_size,time_diff,original_class
202.11.82.253,66.201.189.60,595,56.200377,regular http traffic
202.11.82.253,66.201.189.60,595,0.8225999999999658,regular http traffic
202.11.82.253,66.201.189.60,634,2.0741110000000162,regular http traffic
