src_ip,dest_ip,pkt_size,time_diff,original_class
202.11.82.89,217.22.112.14,760,30.473451000000296,regular http traffic
202.11.82.89,217.22.112.14,741,0.09288599999990765,regular http traffic
