src_ip,dest_ip,pkt_size,time_diff,original_class
202.11.82.253,157.99.66.59,637,5.242226999999957,regular http traffic
202.11.82.253,157.99.66.59,636,0.013377999999988788,regular http traffic
202.11.82.253,157.99.66.59,637,3.051697000000047,regular http traffic
202.11.82.253,157.99.66.59,637,0.06354899999996633,regular http traffic
202.11.82.253,157.99.66.59,634,8.411633999999992,regular http traffic
202.11.82.253,157.99.66.59,583,126.768619,regular http traffic
202.11.82.253,157.99.66.59,583,1526.737458,regular http traffic
