src_ip,dest_ip,pkt_size,time_diff,original_class
202.11.82.70,66.201.189.60,749,0.15312900000003538,regular http traffic
202.11.82.70,66.201.189.60,274,7.198787999999979,regular http traffic
