src_ip,dest_ip,pkt_size,time_diff,original_class
202.11.82.91,194.9.8.199,729,0.11895899999990434,regular http traffic
202.11.82.91,194.9.8.199,729,2.9813599999997678,regular http traffic
