src_ip,dest_ip,pkt_size,time_diff,original_class
202.11.82.15,157.99.66.14,492,0.9748809999998684,regular http traffic
202.11.82.15,157.99.66.14,492,2.9969670000000406,regular http traffic
202.11.82.15,157.99.66.14,492,367.7536620000001,regular http traffic
202.11.82.15,157.99.66.14,756,4.114949999999908,regular http traffic
202.11.82.15,157.99.66.14,492,0.014871000000084678,regular http traffic
