src_ip,dest_ip,pkt_size,time_diff,original_class
202.11.82.251,217.22.112.72,617,21.161264000000074,regular http traffic
202.11.82.251,217.22.112.72,617,0.2522589999999809,regular http traffic
202.11.82.251,217.22.112.72,635,0.16635899999994308,regular http traffic
202.11.82.251,217.22.112.72,617,0.11020700000005945,regular http traffic
202.11.82.251,217.22.112.72,634,0.22894899999994323,regular http traffic
