src_ip,dest_ip,pkt_size,time_diff,original_class
202.11.82.91,208.18.90.42,186,0.14015300000005482,regular http traffic
202.11.82.91,208.18.90.42,180,135.18404600000008,regular http traffic
202.11.82.91,208.18.90.42,186,0.030996999999842956,regular http traffic
