src_ip,dest_ip,pkt_size,time_diff,original_class
202.11.82.90,208.18.90.42,180,237.83289199999996,regular http traffic
202.11.82.90,208.18.90.42,181,0.09393499999998767,regular http traffic
