src_ip,dest_ip,pkt_size,time_diff,original_class
202.11.82.252,157.99.66.59,637,3.703801999999996,regular http traffic
202.11.82.252,157.99.66.59,637,3.0828939999999534,regular http traffic
202.11.82.252,157.99.66.59,635,8.047022000000027,regular http traffic
