src_ip,dest_ip,pkt_size,time_diff,original_class
202.11.82.253,208.18.90.42,186,0.3359569999999792,regular http traffic
202.11.82.253,208.18.90.42,186,0.32293200000000866,regular http traffic
202.11.82.253,208.18.90.42,186,0.32118299999999067,regular http traffic
202.11.82.253,208.18.90.42,186,0.2635890000000245,regular http traffic
202.11.82.253,208.18.90.42,186,0.28015299999998433,regular http traffic
202.11.82.253,208.18.90.42,186,117.88957100000002,regular http traffic
202.11.82.253,208.18.90.42,186,0.3406969999999774,regular http traffic
202.11.82.253,208.18.90.42,186,0.370646000000022,regular http traffic
202.11.82.253,208.18.90.42,186,0.3473879999999667,regular http traffic
202.11.82.253,208.18.90.42,186,0.4495090000000346,regular http traffic
202.11.82.253,208.18.90.42,186,0.31838799999997036,regular http traffic
