src_ip,dest_ip,pkt_size,time_diff,original_class
202.11.82.102,66.201.189.54,710,8.25746700000002,regular http traffic
202.11.82.102,66.201.189.54,473,0.014007999999989806,regular http traffic
202.11.82.102,66.201.189.54,710,5.362693000000036,regular http traffic
202.11.82.102,66.201.189.54,473,0.015559999999936736,regular http traffic
202.11.82.102,66.201.189.54,473,22.748898000000054,regular http traffic
202.11.82.102,66.201.189.54,492,521.589785,regular http traffic
202.11.82.102,66.201.189.54,492,27.80592200000001,regular http traffic
202.11.82.102,66.201.189.54,492,0.4168769999998858,regular http traffic
202.11.82.102,66.201.189.54,492,0.5147260000001097,regular http traffic
