src_ip,dest_ip,pkt_size,time_diff,original_class
202.11.82.252,66.201.189.69,617,0.46553499999981796,regular http traffic
202.11.82.252,66.201.189.69,617,37.24252299999989,regular http traffic
