src_ip,dest_ip,pkt_size,time_diff,original_class
202.11.82.90,217.22.112.72,749,21.108158000000003,regular http traffic
202.11.82.90,217.22.112.72,526,0.07102800000006937,regular http traffic
202.11.82.90,217.22.112.72,526,0.35188499999992473,regular http traffic
202.11.82.90,217.22.112.72,526,0.39690200000006826,regular http traffic
202.11.82.90,217.22.112.72,750,0.11200399999995625,regular http traffic
