src_ip,dest_ip,pkt_size,time_diff,original_class
202.11.82.91,157.99.66.52,769,4.173595000000001,regular http traffic
202.11.82.91,157.99.66.52,769,4.902361999999999,regular http traffic
202.11.82.91,157.99.66.52,769,2.1505600000000005,regular http traffic
202.11.82.91,157.99.66.52,769,4.0578530000000015,regular http traffic
202.11.82.91,157.99.66.52,757,4.023857999999997,regular http traffic
202.11.82.91,157.99.66.52,769,8.798694000000001,regular http traffic
202.11.82.91,157.99.66.52,769,4.449410999999998,regular http traffic
202.11.82.91,157.99.66.52,769,3.0621030000000005,regular http traffic
202.11.82.91,157.99.66.52,769,5.156514000000001,regular http traffic
202.11.82.91,157.99.66.52,769,0.7701920000000015,regular http traffic
202.11.82.91,157.99.66.52,769,6.100800999999997,regular http traffic
