src_ip,dest_ip,pkt_size,time_diff,original_class
202.11.82.15,157.99.66.52,233,84.08607900000004,regular http traffic
202.11.82.15,157.99.66.52,219,3.887598999999966,regular http traffic
