src_ip,dest_ip,pkt_size,time_diff,original_class
202.11.82.102,157.99.66.73,79,5.2993069999997715,regular http traffic
202.11.82.102,157.99.66.73,79,5.0187049999999545,regular http traffic
202.11.82.102,157.99.66.73,79,5.023448000000371,regular http traffic
202.11.82.102,157.99.66.73,83,11.049827999999707,regular http traffic
202.11.82.102,157.99.66.73,83,0.011430000000018481,regular http traffic
202.11.82.102,157.99.66.73,83,0.016172000000096887,regular http traffic
