src_ip,dest_ip,pkt_size,time_diff,original_class
202.11.82.102,66.201.189.69,473,5.136297999999897,regular http traffic
202.11.82.102,66.201.189.69,473,5.070157000000108,regular http traffic
202.11.82.102,66.201.189.69,473,5.065308000000186,regular http traffic
202.11.82.102,66.201.189.69,473,11.073558000000048,regular http traffic
202.11.82.102,66.201.189.69,473,5.119975000000068,regular http traffic
202.11.82.102,66.201.189.69,473,5.083933999999772,regular http traffic
