src_ip,dest_ip,pkt_size,time_diff,original_class
202.11.82.69,208.18.90.42,180,180.47184800000002,regular http traffic
202.11.82.69,208.18.90.42,181,8.479424999999992,regular http traffic
