src_ip,dest_ip,pkt_size,time_diff,original_class
202.11.82.251,66.201.189.14,634,32.51341100000002,regular http traffic
202.11.82.251,66.201.189.14,617,0.0037439999999833162,regular http traffic
202.11.82.251,66.201.189.14,617,0.12954100000001745,regular http traffic
202.11.82.251,66.201.189.14,635,0.1611920000000282,regular http traffic
202.11.82.251,66.201.189.14,617,0.11901000000000295,regular http traffic
