src_ip,dest_ip,pkt_size,time_diff,original_class
202.11.82.90,157.99.66.52,764,30.178221999999977,regular http traffic
202.11.82.90,157.99.66.52,70,2.5990730000000326,regular http traffic
202.11.82.90,157.99.66.52,284,3.843076999999994,regular http traffic
202.11.82.90,157.99.66.52,748,5.798180000000002,regular http traffic
202.11.82.90,157.99.66.52,405,23.338780999999983,regular http traffic
202.11.82.90,157.99.66.52,405,209.67108000000002,regular http traffic
202.11.82.90,157.99.66.52,75,2.999999992425728e-06,regular http traffic
202.11.82.90,157.99.66.52,405,33.82070500000003,regular http traffic
202.11.82.90,157.99.66.52,75,9.999999974752427e-07,regular http traffic
202.11.82.90,157.99.66.52,405,0.8037819999999556,regular http traffic
202.11.82.90,157.99.66.52,405,0.79534799999999,regular http traffic
202.11.82.90,157.99.66.52,75,9.999999974752427e-07,regular http traffic
202.11.82.90,157.99.66.52,405,0.7888100000000122,regular http traffic
202.11.82.90,157.99.66.52,405,1.665864000000056,regular http traffic
202.11.82.90,157.99.66.52,75,9.999999974752427e-07,regular http traffic
202.11.82.90,157.99.66.52,405,0.7936529999999493,regular http traffic
202.11.82.90,157.99.66.52,75,9.999999974752427e-07,regular http traffic
202.11.82.90,157.99.66.52,405,3.188727999999969,regular http traffic
202.11.82.90,157.99.66.52,75,9.999999974752427e-07,regular http traffic
202.11.82.90,157.99.66.52,733,50.34466400000008,regular http traffic
202.11.82.90,157.99.66.52,740,16.72013800000002,regular http traffic
202.11.82.90,157.99.66.52,738,47.005221000000006,regular http traffic
202.11.82.90,157.99.66.52,748,5.945273999999927,regular http traffic
202.11.82.90,157.99.66.52,732,147.21094700000003,regular http traffic
202.11.82.90,157.99.66.52,757,116.37328600000001,regular http traffic
