src_ip,dest_ip,pkt_size,time_diff,original_class
203.205.224.27,10.8.0.6,933,0.00048299999980372377,regular http traffic
203.205.224.27,10.8.0.6,551,0.07025100000100792,regular http traffic
203.205.224.27,10.8.0.6,567,0.6064499999993131,regular http traffic
203.205.224.27,10.8.0.6,1032,9.599221000000398,regular http traffic
203.205.224.27,10.8.0.6,945,0.0017680000000837026,regular http traffic
203.205.224.27,10.8.0.6,685,7.000000005064066e-05,regular http traffic
