src_ip,dest_ip,pkt_size,time_diff,original_class
204.246.169.70,172.16.133.54,1318,0.0009609999999895535,regular http traffic
204.246.169.70,172.16.133.54,863,0.0002020000000015898,regular http traffic
204.246.169.70,172.16.133.54,1145,0.000945000000001528,regular http traffic
204.246.169.70,172.16.133.54,830,0.0006759999999985666,regular http traffic
204.246.169.70,172.16.133.54,534,0.00023100000001363696,regular http traffic
204.246.169.70,172.16.133.54,947,0.02453199999999356,regular http traffic
204.246.169.70,172.16.133.54,600,0.0013000000000147338,regular http traffic
204.246.169.70,172.16.133.54,1104,0.0004589999999780048,regular http traffic
204.246.169.70,172.16.133.54,965,0.0006590000000130658,regular http traffic
