src_ip,dest_ip,pkt_size,time_diff,original_class
204.154.111.224,131.202.240.101,60,0.024487018585205078,regular http traffic
204.154.111.224,131.202.240.101,60,41.718425035476685,regular http traffic
204.154.111.224,131.202.240.101,1107,0.17074203491210938,regular http traffic
204.154.111.224,131.202.240.101,1107,190.03267192840576,regular http traffic
204.154.111.224,131.202.240.101,1107,162.67482113838196,regular http traffic
204.154.111.224,131.202.240.101,60,0.22075700759887695,regular http traffic
204.154.111.224,131.202.240.101,1107,25.817255973815918,regular http traffic
204.154.111.224,131.202.240.101,60,0.027362823486328125,regular http traffic
