src_ip,dest_ip,pkt_size,time_diff,original_class
204.13.194.191,172.16.133.132,744,0.05751200000000267,regular http traffic
204.13.194.191,172.16.133.132,884,0.08048500000001013,regular http traffic
204.13.194.191,172.16.133.132,807,0.7893499999999847,regular http traffic
204.13.194.191,172.16.133.132,760,2.387193999999994,regular http traffic
204.13.194.191,172.16.133.132,910,0.21000600000002123,regular http traffic
204.13.194.191,172.16.133.132,948,3.625852999999978,regular http traffic
204.13.194.191,172.16.133.132,772,0.2910020000000202,regular http traffic
