src_ip,dest_ip,pkt_size,time_diff,original_class
204.9.163.158,172.16.255.1,335,7.239539999999991,regular http traffic
204.9.163.158,172.16.255.1,335,1.2931460000000072,regular http traffic
204.9.163.158,172.16.255.1,335,0.18499599999999816,regular http traffic
204.9.163.158,172.16.255.1,335,3.946727999999993,regular http traffic
204.9.163.158,172.16.255.1,339,8.359591000000009,regular http traffic
204.9.163.158,172.16.255.1,335,179.21448499999997,regular http traffic
