src_ip,dest_ip,pkt_size,time_diff,original_class
205.153.84.114,172.16.133.153,188,55.525994,regular http traffic
205.153.84.114,172.16.133.153,188,62.751431999999994,regular http traffic
205.153.84.114,172.16.133.153,188,69.30426100000003,regular http traffic
205.153.84.114,172.16.133.153,188,50.47297099999997,regular http traffic
