src_ip,dest_ip,pkt_size,time_diff,original_class
206.108.207.138,192.168.3.131,89,25.257418,regular http traffic
206.108.207.138,192.168.3.131,503,78.34746799999999,regular http traffic
206.108.207.138,192.168.3.131,1094,0.3970380000000091,regular http traffic
206.108.207.138,192.168.3.131,1305,60.20860299999998,regular http traffic
206.108.207.138,192.168.3.131,1094,0.34074300000000335,regular http traffic
