src_ip,dest_ip,pkt_size,time_diff,original_class
206.108.207.145,192.168.3.131,285,0.28697500000000176,regular http traffic
206.108.207.145,192.168.3.131,285,0.9557479999999998,regular http traffic
