src_ip,dest_ip,pkt_size,time_diff,original_class
206.190.57.60,172.16.133.39,604,2.1514180000000067,regular http traffic
206.190.57.60,172.16.133.39,1491,0.3027349999999842,regular http traffic
206.190.57.60,172.16.133.39,818,4.963018000000005,regular http traffic
206.190.57.60,172.16.133.39,200,0.05316799999999944,regular http traffic
