src_ip,dest_ip,pkt_size,time_diff,original_class
207.46.0.109,192.168.3.131,75,0.161366000000001,regular http traffic
207.46.0.109,192.168.3.131,75,25.068956999999997,regular http traffic
207.46.0.109,192.168.3.131,76,0.18313100000000304,regular http traffic
207.46.0.109,192.168.3.131,75,11.020025999999994,regular http traffic
207.46.0.109,192.168.3.131,75,1.1645770000000084,regular http traffic
207.46.0.109,192.168.3.131,75,66.38919699999998,regular http traffic
207.46.0.109,192.168.3.131,76,0.1782440000000065,regular http traffic
207.46.0.109,192.168.3.131,74,12.630483999999996,regular http traffic
207.46.0.109,192.168.3.131,74,0.24508900000000722,regular http traffic
207.46.0.109,192.168.3.131,75,47.47958700000001,regular http traffic
207.46.0.109,192.168.3.131,76,0.23629999999999995,regular http traffic
