src_ip,dest_ip,pkt_size,time_diff,original_class
207.171.163.14,172.16.133.132,517,0.5575739999999882,regular http traffic
207.171.163.14,172.16.133.132,517,2.146626999999995,regular http traffic
