src_ip,dest_ip,pkt_size,time_diff,original_class
208.111.160.6,172.16.133.29,721,0.010019999999999918,regular http traffic
208.111.160.6,172.16.133.29,648,0.003219000000000527,regular http traffic
208.111.160.6,172.16.133.29,879,0.030736000000000097,regular http traffic
208.111.160.6,172.16.133.29,1168,0.41109499999999954,regular http traffic
208.111.160.6,172.16.133.29,642,0.03174499999999991,regular http traffic
208.111.160.6,172.16.133.29,1003,0.05496999999999996,regular http traffic
208.111.160.6,172.16.133.29,1322,19.187837,regular http traffic
