src_ip,dest_ip,pkt_size,time_diff,original_class
208.18.90.54,41.204.84.14,76,0.00019100000000094042,regular http traffic
208.18.90.54,41.204.84.14,76,0.0016990000000021155,regular http traffic
208.18.90.54,41.204.84.14,80,5.013339000000002,regular http traffic
208.18.90.54,41.204.84.14,80,0.00024899999999661304,regular http traffic
208.18.90.54,41.204.84.14,80,0.00010000000000331966,regular http traffic
208.18.90.54,41.204.84.14,111,47.581299,regular http traffic
