src_ip,dest_ip,pkt_size,time_diff,original_class
208.18.90.180,41.204.84.90,88,53.300111000000015,regular http traffic
208.18.90.180,41.204.84.90,229,127.65405499999997,regular http traffic
208.18.90.180,41.204.84.90,219,1.0050320000000283,regular http traffic
208.18.90.180,41.204.84.90,219,8.771404000000075,regular http traffic
208.18.90.180,41.204.84.90,229,37.73043099999995,regular http traffic
208.18.90.180,41.204.84.90,219,2.140484000000015,regular http traffic
208.18.90.180,41.204.84.90,219,4.708200999999917,regular http traffic
