src_ip,dest_ip,pkt_size,time_diff,original_class
208.47.254.81,172.16.133.132,821,0.28936399999999907,regular http traffic
208.47.254.81,172.16.133.132,314,0.2752260000000035,regular http traffic
