src_ip,dest_ip,pkt_size,time_diff,original_class
208.18.90.65,41.204.84.102,88,11.08215800000005,regular http traffic
208.18.90.65,41.204.84.102,92,5.031121999999982,regular http traffic
208.18.90.65,41.204.84.102,123,47.530741000000035,regular http traffic
