src_ip,dest_ip,pkt_size,time_diff,original_class
208.18.90.57,150.204.83.15,482,0.3140960000000632,regular http traffic
208.18.90.57,150.204.83.15,489,0.006988000000092143,regular http traffic
208.18.90.57,150.204.83.15,523,0.044971000000259664,regular http traffic
208.18.90.57,150.204.83.15,525,0.013924999999744614,regular http traffic
208.18.90.57,150.204.83.15,531,0.006838000000243483,regular http traffic
208.18.90.57,150.204.83.15,560,0.22889699999996083,regular http traffic
208.18.90.57,150.204.83.15,561,0.007837999999992462,regular http traffic
208.18.90.57,150.204.83.15,564,0.00448999999980515,regular http traffic
208.18.90.57,150.204.83.15,558,0.015371999999842956,regular http traffic
208.18.90.57,150.204.83.15,560,0.01717000000007829,regular http traffic
208.18.90.57,150.204.83.15,437,0.3900130000001809,regular http traffic
