src_ip,dest_ip,pkt_size,time_diff,original_class
208.47.254.9,172.16.133.132,1302,0.16025900000000348,regular http traffic
208.47.254.9,172.16.133.132,1433,0.31166199999999833,regular http traffic
208.47.254.9,172.16.133.132,1499,0.0019630000000034897,regular http traffic
208.47.254.9,172.16.133.132,71,0.5373349999999988,regular http traffic
