src_ip,dest_ip,pkt_size,time_diff,original_class
208.18.90.54,41.204.84.253,93,8.572795000000042,regular http traffic
208.18.90.54,41.204.84.253,97,1.0207999999998947,regular http traffic
208.18.90.54,41.204.84.253,97,5.042769000000021,regular http traffic
208.18.90.54,41.204.84.253,93,0.181028000000083,regular http traffic
208.18.90.54,41.204.84.253,87,7.05217099999993,regular http traffic
208.18.90.54,41.204.84.253,97,0.00020600000004833419,regular http traffic
208.18.90.54,41.204.84.253,87,5.140190999999959,regular http traffic
