src_ip,dest_ip,pkt_size,time_diff,original_class
208.47.254.81,172.16.133.66,302,23.694999999999993,regular http traffic
208.47.254.81,172.16.133.66,302,16.93948500000002,regular http traffic
208.47.254.81,172.16.133.66,302,0.0010460000000023228,regular http traffic
208.47.254.81,172.16.133.66,302,0.0549699999999973,regular http traffic
208.47.254.81,172.16.133.66,363,0.29423599999998373,regular http traffic
208.47.254.81,172.16.133.66,363,0.041396000000020194,regular http traffic
208.47.254.81,172.16.133.66,363,0.41555199999999104,regular http traffic
208.47.254.81,172.16.133.66,302,0.2571059999999932,regular http traffic
208.47.254.81,172.16.133.66,363,0.08174700000000712,regular http traffic
208.47.254.81,172.16.133.66,363,0.05046400000000517,regular http traffic
208.47.254.81,172.16.133.66,302,0.03151399999998716,regular http traffic
208.47.254.81,172.16.133.66,363,9.218016000000006,regular http traffic
208.47.254.81,172.16.133.66,363,1.0430719999999951,regular http traffic
