src_ip,dest_ip,pkt_size,time_diff,original_class
208.47.254.58,172.16.133.48,1274,0.0390340000000009,regular http traffic
208.47.254.58,172.16.133.48,358,0.058866999999999337,regular http traffic
