src_ip,dest_ip,pkt_size,time_diff,original_class
208.18.90.42,150.204.83.103,1438,1572.5927429999997,regular http traffic
208.18.90.42,150.204.83.103,1438,1067.633097,regular http traffic
208.18.90.42,150.204.83.103,1438,0.0033450000000811997,regular http traffic
208.18.90.42,150.204.83.103,1438,0.00024899999971239595,regular http traffic
208.18.90.42,150.204.83.103,1438,44.34997900000053,regular http traffic
208.18.90.42,150.204.83.103,1438,0.0002500000000509317,regular http traffic
