src_ip,dest_ip,pkt_size,time_diff,original_class
208.89.14.135,172.16.133.40,320,0.13735499999999945,regular http traffic
208.89.14.135,172.16.133.40,161,0.07702700000000107,regular http traffic
208.89.14.135,172.16.133.40,848,0.046509000000000356,regular http traffic
208.89.14.135,172.16.133.40,242,0.041780000000002815,regular http traffic
