src_ip,dest_ip,pkt_size,time_diff,original_class
208.18.90.57,150.204.83.102,438,0.3820269999996526,regular http traffic
208.18.90.57,150.204.83.102,468,3.0021090000000186,regular http traffic
208.18.90.57,150.204.83.102,461,4.807827999999972,regular http traffic
208.18.90.57,150.204.83.102,457,3.023721999999907,regular http traffic
