src_ip,dest_ip,pkt_size,time_diff,original_class
208.18.90.43,217.22.112.55,461,0.06373800000000074,regular http traffic
208.18.90.43,217.22.112.55,460,0.0012479999999985836,regular http traffic
208.18.90.43,217.22.112.55,462,0.33840300000000134,regular http traffic
208.18.90.43,217.22.112.55,463,5.2999999999414626e-05,regular http traffic
208.18.90.43,217.22.112.55,425,0.18232599999999977,regular http traffic
208.18.90.43,217.22.112.55,455,2.8249720000000007,regular http traffic
208.18.90.43,217.22.112.55,470,58.882739,regular http traffic
208.18.90.43,217.22.112.55,572,0.018267999999991957,regular http traffic
208.18.90.43,217.22.112.55,571,0.0009480000000081645,regular http traffic
208.18.90.43,217.22.112.55,573,0.0007990000000006603,regular http traffic
208.18.90.43,217.22.112.55,574,0.0013979999999946813,regular http traffic
208.18.90.43,217.22.112.55,480,3.115659000000008,regular http traffic
208.18.90.43,217.22.112.55,489,2.1666819999999944,regular http traffic
208.18.90.43,217.22.112.55,488,3.1107680000000073,regular http traffic
