src_ip,dest_ip,pkt_size,time_diff,original_class
208.47.254.34,172.16.133.93,472,0.04721599999999171,regular http traffic
208.47.254.34,172.16.133.93,1307,0.08740800000001059,regular http traffic
208.47.254.34,172.16.133.93,767,0.24086800000000608,regular http traffic
