src_ip,dest_ip,pkt_size,time_diff,original_class
208.18.90.42,41.204.84.102,105,5.018110999999976,regular http traffic
208.18.90.42,41.204.84.102,109,5.021098999999992,regular http traffic
208.18.90.42,41.204.84.102,99,5.012717000000009,regular http traffic
208.18.90.42,41.204.84.102,116,11.055867999999975,regular http traffic
208.18.90.42,41.204.84.102,120,5.016910000000053,regular http traffic
208.18.90.42,41.204.84.102,120,5.016210999999998,regular http traffic
208.18.90.42,41.204.84.102,122,39.558892999999955,regular http traffic
208.18.90.42,41.204.84.102,121,0.035837000000014996,regular http traffic
208.18.90.42,41.204.84.102,117,0.01971600000001672,regular http traffic
