src_ip,dest_ip,pkt_size,time_diff,original_class
208.47.254.9,172.16.133.41,130,0.0002980000000007976,regular http traffic
208.47.254.9,172.16.133.41,831,0.22544100000000356,regular http traffic
208.47.254.9,172.16.133.41,1232,0.03725000000000023,regular http traffic
208.47.254.9,172.16.133.41,1310,0.025208999999996706,regular http traffic
208.47.254.9,172.16.133.41,1055,0.005456000000002348,regular http traffic
208.47.254.9,172.16.133.41,1156,0.0975169999999963,regular http traffic
