src_ip,dest_ip,pkt_size,time_diff,original_class
208.18.90.180,41.204.84.91,88,3.0526459999999815,regular http traffic
208.18.90.180,41.204.84.91,88,2.9233279999999695,regular http traffic
208.18.90.180,41.204.84.91,88,5.03388700000005,regular http traffic
208.18.90.180,41.204.84.91,92,0.0018469999999979336,regular http traffic
208.18.90.180,41.204.84.91,92,0.019118999999932385,regular http traffic
208.18.90.180,41.204.84.91,123,5.375063000000068,regular http traffic
208.18.90.180,41.204.84.91,88,38.68480199999999,regular http traffic
208.18.90.180,41.204.84.91,88,1.1811059999999998,regular http traffic
208.18.90.180,41.204.84.91,92,3.842773999999963,regular http traffic
208.18.90.180,41.204.84.91,88,1.2008120000000417,regular http traffic
208.18.90.180,41.204.84.91,92,0.008034999999949832,regular http traffic
208.18.90.180,41.204.84.91,123,3.85746400000005,regular http traffic
208.18.90.180,41.204.84.91,219,115.74492299999997,regular http traffic
208.18.90.180,41.204.84.91,229,4.3000000005122274e-05,regular http traffic
208.18.90.180,41.204.84.91,219,0.00010900000006586197,regular http traffic
208.18.90.180,41.204.84.91,219,0.8947029999999359,regular http traffic
208.18.90.180,41.204.84.91,229,3.4649389999999585,regular http traffic
208.18.90.180,41.204.84.91,219,1.0621380000000045,regular http traffic
208.18.90.180,41.204.84.91,229,3.080208999999968,regular http traffic
208.18.90.180,41.204.84.91,219,0.5444730000001528,regular http traffic
208.18.90.180,41.204.84.91,219,2.6654669999998077,regular http traffic
208.18.90.180,41.204.84.91,229,35.79473100000018,regular http traffic
208.18.90.180,41.204.84.91,219,0.5639429999998811,regular http traffic
208.18.90.180,41.204.84.91,219,1.1908410000000913,regular http traffic
208.18.90.180,41.204.84.91,219,0.6165579999999409,regular http traffic
208.18.90.180,41.204.84.91,229,2.6782490000000507,regular http traffic
208.18.90.180,41.204.84.91,219,4.8888419999998405,regular http traffic
