src_ip,dest_ip,pkt_size,time_diff,original_class
208.18.90.65,130.68.81.103,88,16.41963099999998,regular http traffic
208.18.90.65,130.68.81.103,92,0.052916000000095664,regular http traffic
208.18.90.65,130.68.81.103,123,0.05885400000011032,regular http traffic
208.18.90.65,130.68.81.103,88,6.03561099999979,regular http traffic
208.18.90.65,130.68.81.103,92,10.035338000000138,regular http traffic
208.18.90.65,130.68.81.103,88,3.706598999999869,regular http traffic
208.18.90.65,130.68.81.103,92,5.032321000000138,regular http traffic
208.18.90.65,130.68.81.103,88,0.5895029999999224,regular http traffic
208.18.90.65,130.68.81.103,88,0.04867200000012417,regular http traffic
208.18.90.65,130.68.81.103,92,4.952248999999938,regular http traffic
208.18.90.65,130.68.81.103,92,0.0447830000000522,regular http traffic
208.18.90.65,130.68.81.103,123,47.4678879999999,regular http traffic
208.18.90.65,130.68.81.103,123,0.0030959999999140564,regular http traffic
