src_ip,dest_ip,pkt_size,time_diff,original_class
208.18.90.54,110.209.6.25,518,10.034461000000192,regular http traffic
208.18.90.54,110.209.6.25,527,0.009341999999833206,regular http traffic
208.18.90.54,110.209.6.25,550,0.03358299999990777,regular http traffic
208.18.90.54,110.209.6.25,409,113.11103400000002,regular http traffic
208.18.90.54,110.209.6.25,750,36.26119900000003,regular http traffic
