src_ip,dest_ip,pkt_size,time_diff,original_class
208.18.90.74,150.204.83.15,509,0.020017999999999425,regular http traffic
208.18.90.74,150.204.83.15,564,0.03404700000000016,regular http traffic
208.18.90.74,150.204.83.15,495,4.315312,regular http traffic
208.18.90.74,150.204.83.15,503,3.061281000000001,regular http traffic
208.18.90.74,150.204.83.15,548,2.5241950000000006,regular http traffic
208.18.90.74,150.204.83.15,605,0.007435999999998444,regular http traffic
208.18.90.74,150.204.83.15,770,3.0404690000000016,regular http traffic
208.18.90.74,150.204.83.15,614,8.351230999999999,regular http traffic
208.18.90.74,150.204.83.15,549,7.329830999999999,regular http traffic
208.18.90.74,150.204.83.15,573,0.07606700000000188,regular http traffic
208.18.90.74,150.204.83.15,581,0.0033439999999984593,regular http traffic
208.18.90.74,150.204.83.15,617,0.01832300000000231,regular http traffic
208.18.90.74,150.204.83.15,618,0.0020949999999970714,regular http traffic
208.18.90.74,150.204.83.15,623,0.0019100000000022987,regular http traffic
208.18.90.74,150.204.83.15,461,14.304951000000003,regular http traffic
