src_ip,dest_ip,pkt_size,time_diff,original_class
208.18.90.180,41.204.84.253,88,52.273614000000066,regular http traffic
208.18.90.180,41.204.84.253,230,120.11125800000002,regular http traffic
208.18.90.180,41.204.84.253,220,5.594912999999906,regular http traffic
208.18.90.180,41.204.84.253,220,0.8659079999999904,regular http traffic
208.18.90.180,41.204.84.253,220,39.578201000000035,regular http traffic
208.18.90.180,41.204.84.253,220,0.5637930000000324,regular http traffic
208.18.90.180,41.204.84.253,230,4.86004899999989,regular http traffic
