src_ip,dest_ip,pkt_size,time_diff,original_class
208.18.90.76,41.204.84.102,468,0.37024699999994937,regular http traffic
208.18.90.76,41.204.84.102,506,0.15959300000008625,regular http traffic
208.18.90.76,41.204.84.102,467,3.081998999999996,regular http traffic
208.18.90.76,41.204.84.102,538,18.659825999999953,regular http traffic
208.18.90.76,41.204.84.102,522,0.3021159999999554,regular http traffic
208.18.90.76,41.204.84.102,523,0.004384000000072774,regular http traffic
208.18.90.76,41.204.84.102,522,0.009784999999965294,regular http traffic
208.18.90.76,41.204.84.102,522,0.029551999999966938,regular http traffic
208.18.90.76,41.204.84.102,523,0.0003990000000158034,regular http traffic
208.18.90.76,41.204.84.102,521,0.0004989999999907013,regular http traffic
208.18.90.76,41.204.84.102,521,0.01677400000005491,regular http traffic
208.18.90.76,41.204.84.102,559,5.326441000000045,regular http traffic
208.18.90.76,41.204.84.102,554,7.0588579999999865,regular http traffic
208.18.90.76,41.204.84.102,574,16.30260599999997,regular http traffic
208.18.90.76,41.204.84.102,581,17.96394399999997,regular http traffic
208.18.90.76,41.204.84.102,568,12.393292999999971,regular http traffic
208.18.90.76,41.204.84.102,513,3.2501700000000255,regular http traffic
208.18.90.76,41.204.84.102,525,0.020817000000079133,regular http traffic
208.18.90.76,41.204.84.102,506,0.10263199999997141,regular http traffic
208.18.90.76,41.204.84.102,538,19.116833999999926,regular http traffic
