src_ip,dest_ip,pkt_size,time_diff,original_class
208.18.90.42,130.68.81.90,611,0.02924899999993613,regular http traffic
208.18.90.42,130.68.81.90,1363,175.51672099999996,regular http traffic
208.18.90.42,130.68.81.90,611,0.014624000000139858,regular http traffic
208.18.90.42,130.68.81.90,1363,124.34244899999999,regular http traffic
208.18.90.42,130.68.81.90,611,0.01357400000006237,regular http traffic
