src_ip,dest_ip,pkt_size,time_diff,original_class
208.18.90.42,202.11.82.90,1363,237.83279599999992,regular http traffic
208.18.90.42,202.11.82.90,1418,0.7375970000000507,regular http traffic
