src_ip,dest_ip,pkt_size,time_diff,original_class
208.18.90.74,69.178.85.253,437,0.11007300000005671,regular http traffic
208.18.90.74,69.178.85.253,467,2.994645999999875,regular http traffic
