src_ip,dest_ip,pkt_size,time_diff,original_class
208.18.90.42,150.204.83.253,611,0.34474300000002245,regular http traffic
208.18.90.42,150.204.83.253,611,171.97721,regular http traffic
208.18.90.42,150.204.83.253,611,0.2647339999999758,regular http traffic
