src_ip,dest_ip,pkt_size,time_diff,original_class
208.47.254.34,172.16.133.47,281,0.04471299999999445,regular http traffic
208.47.254.34,172.16.133.47,281,0.09671700000000527,regular http traffic
