src_ip,dest_ip,pkt_size,time_diff,original_class
208.111.135.60,172.16.133.56,218,0.0006209999999953197,regular http traffic
208.111.135.60,172.16.133.56,218,0.00011599999999134525,regular http traffic
208.111.135.60,172.16.133.56,218,0.0005360000000109721,regular http traffic
208.111.135.60,172.16.133.56,218,9.099999999762076e-05,regular http traffic
208.111.135.60,172.16.133.56,218,0.006980999999996129,regular http traffic
208.111.135.60,172.16.133.56,218,0.02134200000000419,regular http traffic
