src_ip,dest_ip,pkt_size,time_diff,original_class
208.44.23.162,172.16.133.24,120,0.36209300000000155,regular http traffic
208.44.23.162,172.16.133.24,342,0.027543999999998903,regular http traffic
208.44.23.162,172.16.133.24,342,0.013694000000000983,regular http traffic
208.44.23.162,172.16.133.24,342,0.00599300000000369,regular http traffic
208.44.23.162,172.16.133.24,1362,0.05905599999999822,regular http traffic
208.44.23.162,172.16.133.24,342,0.030645999999997287,regular http traffic
208.44.23.162,172.16.133.24,342,0.005710000000000548,regular http traffic
208.44.23.162,172.16.133.24,342,0.0014559999999974593,regular http traffic
208.44.23.162,172.16.133.24,637,0.06803600000000642,regular http traffic
208.44.23.162,172.16.133.24,622,0.9408229999999946,regular http traffic
