src_ip,dest_ip,pkt_size,time_diff,original_class
208.47.254.81,172.16.133.54,453,0.2859059999999971,regular http traffic
208.47.254.81,172.16.133.54,302,1.449974999999995,regular http traffic
208.47.254.81,172.16.133.54,302,1.2875350000000054,regular http traffic
208.47.254.81,172.16.133.54,302,0.45024399999999787,regular http traffic
208.47.254.81,172.16.133.54,302,6.598320000000001,regular http traffic
208.47.254.81,172.16.133.54,302,15.245773999999997,regular http traffic
208.47.254.81,172.16.133.54,302,19.01898,regular http traffic
208.47.254.81,172.16.133.54,302,5.80684500000001,regular http traffic
208.47.254.81,172.16.133.54,302,5.528729999999996,regular http traffic
208.47.254.81,172.16.133.54,302,1.512662000000006,regular http traffic
208.47.254.81,172.16.133.54,302,2.0471159999999884,regular http traffic
