src_ip,dest_ip,pkt_size,time_diff,original_class
208.18.90.52,41.204.84.254,85,0.006342999999986887,regular http traffic
208.18.90.52,41.204.84.254,85,7.478738000000021,regular http traffic
208.18.90.52,41.204.84.254,85,0.002649999999988495,regular http traffic
