src_ip,dest_ip,pkt_size,time_diff,original_class
208.18.90.42,150.204.83.89,611,0.324877999999984,regular http traffic
208.18.90.42,150.204.83.89,611,1588.461468,regular http traffic
208.18.90.42,150.204.83.89,655,0.02705300000002353,regular http traffic
208.18.90.42,150.204.83.89,611,1252.959804,regular http traffic
208.18.90.42,150.204.83.89,655,0.027552000000014232,regular http traffic
208.18.90.42,150.204.83.89,611,702.1169749999999,regular http traffic
208.18.90.42,150.204.83.89,655,0.026502000000164116,regular http traffic
208.18.90.42,150.204.83.89,611,191.85347699999966,regular http traffic
208.18.90.42,150.204.83.89,655,0.02580400000033478,regular http traffic
208.18.90.42,150.204.83.89,611,254.75087200000007,regular http traffic
208.18.90.42,150.204.83.89,655,0.026453999999830557,regular http traffic
