src_ip,dest_ip,pkt_size,time_diff,original_class
208.71.125.1,172.16.133.184,60,0.040338000000005536,regular http traffic
208.71.125.1,172.16.133.184,60,0.008860999999996011,regular http traffic
208.71.125.1,172.16.133.184,1185,0.009140000000002146,regular http traffic
208.71.125.1,172.16.133.184,662,0.006710999999995693,regular http traffic
208.71.125.1,172.16.133.184,222,0.47220500000000243,regular http traffic
208.71.125.1,172.16.133.184,222,0.020488000000000284,regular http traffic
208.71.125.1,172.16.133.184,662,0.0004990000000049122,regular http traffic
208.71.125.1,172.16.133.184,662,3.4185640000000035,regular http traffic
