src_ip,dest_ip,pkt_size,time_diff,original_class
208.89.13.133,172.16.133.25,242,30.037267,regular http traffic
208.89.13.133,172.16.133.25,242,30.031309,regular http traffic
208.89.13.133,172.16.133.25,242,30.062861999999996,regular http traffic
208.89.13.133,172.16.133.25,242,30.04941199999999,regular http traffic
208.89.13.133,172.16.133.25,242,30.083653000000027,regular http traffic
208.89.13.133,172.16.133.25,242,30.042681999999985,regular http traffic
208.89.13.133,172.16.133.25,242,30.030367000000012,regular http traffic
208.89.13.133,172.16.133.25,242,30.03430799999998,regular http traffic
208.89.13.133,172.16.133.25,242,30.041537000000005,regular http traffic
