src_ip,dest_ip,pkt_size,time_diff,original_class
208.18.90.74,202.11.82.91,436,0.12969100000009348,regular http traffic
208.18.90.74,202.11.82.91,466,3.0016780000000836,regular http traffic
208.18.90.74,202.11.82.91,462,2.154939999999897,regular http traffic
208.18.90.74,202.11.82.91,472,5.217713999999887,regular http traffic
208.18.90.74,202.11.82.91,458,5.403965999999855,regular http traffic
