src_ip,dest_ip,pkt_size,time_diff,original_class
208.111.161.254,172.16.133.26,867,0.013534999999990305,regular http traffic
208.111.161.254,172.16.133.26,928,0.0009750000000110504,regular http traffic
208.111.161.254,172.16.133.26,652,0.056331999999997606,regular http traffic
208.111.161.254,172.16.133.26,1332,0.018669999999985976,regular http traffic
208.111.161.254,172.16.133.26,789,0.0992650000000026,regular http traffic
