src_ip,dest_ip,pkt_size,time_diff,original_class
208.18.90.42,69.178.85.69,611,169.952978,regular http traffic
208.18.90.42,69.178.85.69,611,231.19855400000006,regular http traffic
208.18.90.42,69.178.85.69,655,0.03808199999991757,regular http traffic
208.18.90.42,69.178.85.69,611,169.02496200000007,regular http traffic
208.18.90.42,69.178.85.69,655,0.03838199999995595,regular http traffic
208.18.90.42,69.178.85.69,611,474.221324,regular http traffic
208.18.90.42,69.178.85.69,655,0.04062799999996969,regular http traffic
