src_ip,dest_ip,pkt_size,time_diff,original_class
208.68.110.117,172.16.133.30,804,0.3184710000000166,regular http traffic
208.68.110.117,172.16.133.30,743,0.3340479999999957,regular http traffic
208.68.110.117,172.16.133.30,209,0.32921699999999987,regular http traffic
208.68.110.117,172.16.133.30,683,0.2923250000000053,regular http traffic
208.68.110.117,172.16.133.30,299,0.33560899999997673,regular http traffic
208.68.110.117,172.16.133.30,1190,0.42354200000002606,regular http traffic
208.68.110.117,172.16.133.30,153,0.3159869999999785,regular http traffic
208.68.110.117,172.16.133.30,800,0.35545200000001387,regular http traffic
208.68.110.117,172.16.133.30,193,0.3246039999999937,regular http traffic
