src_ip,dest_ip,pkt_size,time_diff,original_class
208.18.90.42,202.11.82.91,611,0.14010300000018105,regular http traffic
208.18.90.42,202.11.82.91,1363,135.1843429999999,regular http traffic
208.18.90.42,202.11.82.91,611,0.03039600000010978,regular http traffic
