src_ip,dest_ip,pkt_size,time_diff,original_class
208.18.90.179,130.68.81.102,92,5.000911000000087,regular http traffic
208.18.90.179,130.68.81.102,88,0.0001990000000660075,regular http traffic
208.18.90.179,130.68.81.102,92,5.0035109999998895,regular http traffic
208.18.90.179,130.68.81.102,123,47.55269800000042,regular http traffic
208.18.90.179,130.68.81.102,230,93.64089799999965,regular http traffic
208.18.90.179,130.68.81.102,220,0.8021120000003066,regular http traffic
208.18.90.179,130.68.81.102,220,1.1874920000000202,regular http traffic
