src_ip,dest_ip,pkt_size,time_diff,original_class
208.47.254.83,172.16.133.78,302,19.835416,regular http traffic
208.47.254.83,172.16.133.78,302,1.0740770000000026,regular http traffic
208.47.254.83,172.16.133.78,302,254.109665,regular http traffic
