src_ip,dest_ip,pkt_size,time_diff,original_class
208.47.254.26,172.16.133.41,179,0.018312999999999136,regular http traffic
208.47.254.26,172.16.133.41,1189,0.11651600000000428,regular http traffic
208.47.254.26,172.16.133.41,462,0.5789339999999967,regular http traffic
208.47.254.26,172.16.133.41,463,0.001097000000001458,regular http traffic
208.47.254.26,172.16.133.41,644,0.42753199999999936,regular http traffic
