src_ip,dest_ip,pkt_size,time_diff,original_class
208.47.254.81,172.16.133.95,302,0.6843729999999937,regular http traffic
208.47.254.81,172.16.133.95,302,15.037925000000001,regular http traffic
208.47.254.81,172.16.133.95,302,5.8949910000000045,regular http traffic
208.47.254.81,172.16.133.95,302,13.037826999999993,regular http traffic
208.47.254.81,172.16.133.95,302,38.433509000000015,regular http traffic
208.47.254.81,172.16.133.95,302,0.5506669999999758,regular http traffic
