src_ip,dest_ip,pkt_size,time_diff,original_class
208.18.90.42,202.11.82.103,1438,0.1475399999999354,regular http traffic
208.18.90.42,202.11.82.103,1438,1379.1278240000001,regular http traffic
208.18.90.42,202.11.82.103,1438,199.86116700000002,regular http traffic
208.18.90.42,202.11.82.103,1438,998.7880170000003,regular http traffic
