src_ip,dest_ip,pkt_size,time_diff,original_class
208.18.90.43,41.204.84.70,519,0.2236560000001191,regular http traffic
208.18.90.43,41.204.84.70,571,8.122787000000017,regular http traffic
208.18.90.43,41.204.84.70,550,0.2658809999998084,regular http traffic
208.18.90.43,41.204.84.70,566,0.11350000000015825,regular http traffic
208.18.90.43,41.204.84.70,590,5.418852000000015,regular http traffic
208.18.90.43,41.204.84.70,635,1.1287109999998393,regular http traffic
208.18.90.43,41.204.84.70,583,0.2519560000000638,regular http traffic
