src_ip,dest_ip,pkt_size,time_diff,original_class
208.44.23.50,172.16.133.128,302,68.40715500000002,regular http traffic
208.44.23.50,172.16.133.128,302,29.863820000000004,regular http traffic
