src_ip,dest_ip,pkt_size,time_diff,original_class
208.117.46.102,172.16.133.68,1475,4.8693079999999895,regular http traffic
208.117.46.102,172.16.133.68,314,0.506528000000003,regular http traffic
208.117.46.102,172.16.133.68,315,0.5474439999999845,regular http traffic
208.117.46.102,172.16.133.68,315,4.343864999999994,regular http traffic
