src_ip,dest_ip,pkt_size,time_diff,original_class
208.18.90.59,41.204.84.15,76,2.037559999999985,regular http traffic
208.18.90.59,41.204.84.15,76,0.003544000000147207,regular http traffic
208.18.90.59,41.204.84.15,344,19.234155999999984,regular http traffic
208.18.90.59,41.204.84.15,376,344.62583399999994,regular http traffic
208.18.90.59,41.204.84.15,373,10.00312400000007,regular http traffic
208.18.90.59,41.204.84.15,1367,10.21295299999997,regular http traffic
208.18.90.59,41.204.84.15,376,10.005319999999983,regular http traffic
208.18.90.59,41.204.84.15,76,1398.0071649999998,regular http traffic
208.18.90.59,41.204.84.15,76,2.032169000000067,regular http traffic
208.18.90.59,41.204.84.15,76,0.9702400000001035,regular http traffic
208.18.90.59,41.204.84.15,344,20.367510999999922,regular http traffic
208.18.90.59,41.204.84.15,376,345.43694000000005,regular http traffic
208.18.90.59,41.204.84.15,373,10.004421000000093,regular http traffic
208.18.90.59,41.204.84.15,1367,10.212403999999879,regular http traffic
208.18.90.59,41.204.84.15,376,10.00332299999991,regular http traffic
