src_ip,dest_ip,pkt_size,time_diff,original_class
208.18.90.180,41.204.84.70,92,7.992159999999899,regular http traffic
208.18.90.180,41.204.84.70,92,5.003959000000009,regular http traffic
208.18.90.180,41.204.84.70,123,13.003208000000086,regular http traffic
208.18.90.180,41.204.84.70,88,27.299037,regular http traffic
208.18.90.180,41.204.84.70,219,133.626796,regular http traffic
208.18.90.180,41.204.84.70,219,0.5439329999999245,regular http traffic
208.18.90.180,41.204.84.70,229,0.8183329999999387,regular http traffic
208.18.90.180,41.204.84.70,229,41.32674199999997,regular http traffic
208.18.90.180,41.204.84.70,219,4.84347600000001,regular http traffic
208.18.90.180,41.204.84.70,219,6.2338750000001255,regular http traffic
