src_ip,dest_ip,pkt_size,time_diff,original_class
208.18.90.179,130.68.81.90,92,5.000512999999955,regular http traffic
208.18.90.179,130.68.81.90,92,5.003910999999789,regular http traffic
208.18.90.179,130.68.81.90,123,10.010815000000548,regular http traffic
208.18.90.179,130.68.81.90,229,131.18293399999948,regular http traffic
208.18.90.179,130.68.81.90,219,1.2805390000003172,regular http traffic
208.18.90.179,130.68.81.90,219,0.9311040000002322,regular http traffic
