src_ip,dest_ip,pkt_size,time_diff,original_class
208.18.90.43,41.204.84.91,412,0.3729470000000674,regular http traffic
208.18.90.43,41.204.84.91,442,2.9939079999999194,regular http traffic
