src_ip,dest_ip,pkt_size,time_diff,original_class
208.18.90.59,202.11.82.15,76,0.0030440000000453438,regular http traffic
208.18.90.59,202.11.82.15,344,19.35534400000006,regular http traffic
208.18.90.59,202.11.82.15,376,337.9197499999998,regular http traffic
208.18.90.59,202.11.82.15,373,10.004521000000068,regular http traffic
208.18.90.59,202.11.82.15,1367,10.214351000000079,regular http traffic
208.18.90.59,202.11.82.15,376,10.005218999999897,regular http traffic
208.18.90.59,202.11.82.15,76,1405.6979640000002,regular http traffic
208.18.90.59,202.11.82.15,76,0.003143999999792868,regular http traffic
208.18.90.59,202.11.82.15,344,21.34498900000017,regular http traffic
