src_ip,dest_ip,pkt_size,time_diff,original_class
208.111.161.254,172.16.133.128,319,97.93066900000002,regular http traffic
208.111.161.254,172.16.133.128,60,0.01202499999999418,regular http traffic
208.111.161.254,172.16.133.128,926,0.004726000000005115,regular http traffic
