src_ip,dest_ip,pkt_size,time_diff,original_class
208.18.90.52,41.204.84.15,80,2.313317999999981,regular http traffic
208.18.90.52,41.204.84.15,80,0.0932870000000321,regular http traffic
208.18.90.52,41.204.84.15,80,95.32721600000002,regular http traffic
208.18.90.52,41.204.84.15,80,0.025654999999915162,regular http traffic
208.18.90.52,41.204.84.15,80,0.0034940000000460714,regular http traffic
208.18.90.52,41.204.84.15,144,0.15492900000003829,regular http traffic
208.18.90.52,41.204.84.15,80,0.26088799999990897,regular http traffic
208.18.90.52,41.204.84.15,80,0.006838000000016109,regular http traffic
208.18.90.52,41.204.84.15,80,0.2886480000000802,regular http traffic
208.18.90.52,41.204.84.15,80,0.25434499999994387,regular http traffic
208.18.90.52,41.204.84.15,100,0.0003000000000383807,regular http traffic
208.18.90.52,41.204.84.15,80,0.2842039999999315,regular http traffic
208.18.90.52,41.204.84.15,80,0.4599840000000768,regular http traffic
208.18.90.52,41.204.84.15,80,0.33046699999999873,regular http traffic
208.18.90.52,41.204.84.15,80,0.6140189999999848,regular http traffic
208.18.90.52,41.204.84.15,80,0.24551799999994728,regular http traffic
208.18.90.52,41.204.84.15,80,0.4894880000000512,regular http traffic
208.18.90.52,41.204.84.15,80,0.95322299999998,regular http traffic
208.18.90.52,41.204.84.15,98,0.021958000000040556,regular http traffic
