src_ip,dest_ip,pkt_size,time_diff,original_class
208.74.204.95,172.16.133.121,587,0.3654640000000029,regular http traffic
208.74.204.95,172.16.133.121,980,6.037079000000006,regular http traffic
208.74.204.95,172.16.133.121,587,0.278538999999995,regular http traffic
