src_ip,dest_ip,pkt_size,time_diff,original_class
209.99.98.33,172.16.133.45,602,0.28457700000001296,regular http traffic
209.99.98.33,172.16.133.45,1147,0.057423,regular http traffic
209.99.98.33,172.16.133.45,1104,0.04943099999999845,regular http traffic
209.99.98.33,172.16.133.45,1103,0.012376999999986538,regular http traffic
209.99.98.33,172.16.133.45,723,0.2504500000000007,regular http traffic
209.99.98.33,172.16.133.45,1160,0.18903399999999237,regular http traffic
209.99.98.33,172.16.133.45,412,0.052674000000024535,regular http traffic
209.99.98.33,172.16.133.45,248,0.0031489999999791962,regular http traffic
209.99.98.33,172.16.133.45,786,0.026223000000015873,regular http traffic
209.99.98.33,172.16.133.45,300,0.045534000000003516,regular http traffic
209.99.98.33,172.16.133.45,575,0.00012999999998442036,regular http traffic
209.99.98.33,172.16.133.45,552,0.03310200000001373,regular http traffic
209.99.98.33,172.16.133.45,619,0.04669899999998961,regular http traffic
209.99.98.33,172.16.133.45,844,0.005770000000012487,regular http traffic
209.99.98.33,172.16.133.45,554,0.024690999999990026,regular http traffic
209.99.98.33,172.16.133.45,331,0.04755900000000679,regular http traffic
209.99.98.33,172.16.133.45,574,0.003202999999984968,regular http traffic
209.99.98.33,172.16.133.45,235,0.016634000000010474,regular http traffic
209.99.98.33,172.16.133.45,1173,0.05812199999999734,regular http traffic
209.99.98.33,172.16.133.45,1400,0.06700399999999718,regular http traffic
209.99.98.33,172.16.133.45,221,0.11077399999999216,regular http traffic
209.99.98.33,172.16.133.45,151,0.16514499999999543,regular http traffic
209.99.98.33,172.16.133.45,837,10.389527000000015,regular http traffic
209.99.98.33,172.16.133.45,862,0.009622000000007347,regular http traffic
209.99.98.33,172.16.133.45,644,0.13662700000000427,regular http traffic
209.99.98.33,172.16.133.45,482,0.0022069999999985157,regular http traffic
209.99.98.33,172.16.133.45,569,0.07341099999999301,regular http traffic
209.99.98.33,172.16.133.45,914,0.0010759999999834235,regular http traffic
