src_ip,dest_ip,pkt_size,time_diff,original_class
209.190.106.126,172.16.133.54,652,0.012719000000004144,regular http traffic
209.190.106.126,172.16.133.54,631,0.01340799999999831,regular http traffic
209.190.106.126,172.16.133.54,663,0.010146000000005984,regular http traffic
209.190.106.126,172.16.133.54,619,7.800911999999997,regular http traffic
209.190.106.126,172.16.133.54,627,0.2488040000000069,regular http traffic
209.190.106.126,172.16.133.54,631,0.0018290000000007467,regular http traffic
209.190.106.126,172.16.133.54,401,0.02022399999999891,regular http traffic
209.190.106.126,172.16.133.54,619,0.31229599999998925,regular http traffic
