src_ip,dest_ip,pkt_size,time_diff,original_class
209.148.205.19,131.202.240.86,281,27.640499114990234,regular http traffic
209.148.205.19,131.202.240.86,280,4.548050880432129,regular http traffic
