src_ip,dest_ip,pkt_size,time_diff,original_class
209.190.70.254,172.16.133.54,742,0.1258229999999969,regular http traffic
209.190.70.254,172.16.133.54,60,1.4468119999999942,regular http traffic
209.190.70.254,172.16.133.54,1123,6.685870000000008,regular http traffic
209.190.70.254,172.16.133.54,914,0.13221299999999303,regular http traffic
209.190.70.254,172.16.133.54,941,0.2798520000000053,regular http traffic
209.190.70.254,172.16.133.54,780,0.22228799999999183,regular http traffic
209.190.70.254,172.16.133.54,84,15.81538900000001,regular http traffic
209.190.70.254,172.16.133.54,84,0.5312119999999965,regular http traffic
209.190.70.254,172.16.133.54,401,21.373034000000004,regular http traffic
209.190.70.254,172.16.133.54,379,0.33231000000000677,regular http traffic
209.190.70.254,172.16.133.54,84,0.7906369999999754,regular http traffic
209.190.70.254,172.16.133.54,577,6.899314000000004,regular http traffic
209.190.70.254,172.16.133.54,510,0.25918400000000474,regular http traffic
209.190.70.254,172.16.133.54,84,0.8041640000000143,regular http traffic
209.190.70.254,172.16.133.54,84,0.432501000000002,regular http traffic
