src_ip,dest_ip,pkt_size,time_diff,original_class
209.234.235.129,172.16.133.96,86,5.977587999999969,regular http traffic
209.234.235.129,172.16.133.96,86,0.07241199999998571,regular http traffic
209.234.235.129,172.16.133.96,86,1.1219770000000153,regular http traffic
209.234.235.129,172.16.133.96,898,0.05685199999999213,regular http traffic
