src_ip,dest_ip,pkt_size,time_diff,original_class
209.148.205.8,131.202.240.242,591,60.873809814453125,regular http traffic
209.148.205.8,131.202.240.242,378,0.09475016593933105,regular http traffic
209.148.205.8,131.202.240.242,378,300.959125995636,regular http traffic
209.148.205.8,131.202.240.242,378,0.06990194320678711,regular http traffic
209.148.205.8,131.202.240.242,378,0.010543107986450195,regular http traffic
209.148.205.8,131.202.240.242,378,0.15163683891296387,regular http traffic
209.148.205.8,131.202.240.242,378,0.02358412742614746,regular http traffic
