src_ip,dest_ip,pkt_size,time_diff,original_class
213.244.178.240,10.8.0.6,1137,0.1400579999999536,regular http traffic
213.244.178.240,10.8.0.6,209,0.29252500000029613,regular http traffic
213.244.178.240,10.8.0.6,787,0.059514000000035594,regular http traffic
213.244.178.240,10.8.0.6,465,0.2480699999996432,regular http traffic
213.244.178.240,10.8.0.6,1204,0.004470000000310392,regular http traffic
213.244.178.240,10.8.0.6,242,0.04652799999985291,regular http traffic
