src_ip,dest_ip,pkt_size,time_diff,original_class
213.155.156.166,131.202.240.101,253,5.740673065185547,regular http traffic
213.155.156.166,131.202.240.101,286,35.86186695098877,regular http traffic
213.155.156.166,131.202.240.101,253,5.168566942214966,regular http traffic
213.155.156.166,131.202.240.101,286,18.78269600868225,regular http traffic
