src_ip,dest_ip,pkt_size,time_diff,original_class
213.180.204.50,10.8.0.6,696,0.016566999998758547,regular http traffic
213.180.204.50,10.8.0.6,976,0.4544260000002396,regular http traffic
213.180.204.50,10.8.0.6,986,0.09651400000075228,regular http traffic
213.180.204.50,10.8.0.6,211,0.13009099999908358,regular http traffic
213.180.204.50,10.8.0.6,211,0.20764600000075006,regular http traffic
213.180.204.50,10.8.0.6,211,0.030387999999220483,regular http traffic
213.180.204.50,10.8.0.6,211,2.064458000000741,regular http traffic
213.180.204.50,10.8.0.6,211,0.04539699999986624,regular http traffic
213.180.204.50,10.8.0.6,211,0.03117000000020198,regular http traffic
213.180.204.50,10.8.0.6,211,0.37555299999985436,regular http traffic
213.180.204.50,10.8.0.6,959,0.001399999999193824,regular http traffic
213.180.204.50,10.8.0.6,211,0.13992900000084774,regular http traffic
213.180.204.50,10.8.0.6,211,0.022118000000773463,regular http traffic
213.180.204.50,10.8.0.6,994,0.0072529999997641426,regular http traffic
213.180.204.50,10.8.0.6,967,0.036556999999447726,regular http traffic
213.180.204.50,10.8.0.6,211,0.17159499999979744,regular http traffic
213.180.204.50,10.8.0.6,211,0.2841160000007221,regular http traffic
213.180.204.50,10.8.0.6,211,0.3406009999998787,regular http traffic
213.180.204.50,10.8.0.6,211,0.7449169999999867,regular http traffic
213.180.204.50,10.8.0.6,942,0.006226999999853433,regular http traffic
213.180.204.50,10.8.0.6,211,0.08765300000050047,regular http traffic
213.180.204.50,10.8.0.6,979,0.004666999999244581,regular http traffic
213.180.204.50,10.8.0.6,211,0.04664299999967625,regular http traffic
213.180.204.50,10.8.0.6,965,0.004365000000689179,regular http traffic
213.180.204.50,10.8.0.6,211,0.25176900000042224,regular http traffic
213.180.204.50,10.8.0.6,211,0.2708759999986796,regular http traffic
213.180.204.50,10.8.0.6,211,0.19569400000000314,regular http traffic
213.180.204.50,10.8.0.6,211,0.4916540000012901,regular http traffic
213.180.204.50,10.8.0.6,738,0.007914999998320127,regular http traffic
213.180.204.50,10.8.0.6,1000,0.06557800000155112,regular http traffic
213.180.204.50,10.8.0.6,211,0.003931999999622349,regular http traffic
213.180.204.50,10.8.0.6,737,0.0652460000001156,regular http traffic
213.180.204.50,10.8.0.6,211,0.007380999999440974,regular http traffic
