src_ip,dest_ip,pkt_size,time_diff,original_class
216.58.212.131,10.8.0.6,1288,0.46570299999984854,regular http traffic
216.58.212.131,10.8.0.6,503,0.02021100000001752,regular http traffic
216.58.212.131,10.8.0.6,593,0.11596200000008139,regular http traffic
