src_ip,dest_ip,pkt_size,time_diff,original_class
216.52.242.80,172.16.133.33,795,83.327612,regular http traffic
216.52.242.80,172.16.133.33,794,103.70681799999998,regular http traffic
