src_ip,dest_ip,pkt_size,time_diff,original_class
216.52.242.80,172.16.133.56,519,70.89140700000002,regular http traffic
216.52.242.80,172.16.133.56,273,0.3793889999999891,regular http traffic
