src_ip,dest_ip,pkt_size,time_diff,original_class
216.185.152.144,172.16.133.132,462,0.3828510000000023,regular http traffic
216.185.152.144,172.16.133.132,1483,0.6177740000000007,regular http traffic
216.185.152.144,172.16.133.132,768,0.08312399999999798,regular http traffic
216.185.152.144,172.16.133.132,482,56.17648200000001,regular http traffic
216.185.152.144,172.16.133.132,347,60.57456599999999,regular http traffic
216.185.152.144,172.16.133.132,448,59.62332699999999,regular http traffic
216.185.152.144,172.16.133.132,390,63.87969100000004,regular http traffic
