src_ip,dest_ip,pkt_size,time_diff,original_class
216.137.33.81,172.16.133.54,815,0.09134600000000148,regular http traffic
216.137.33.81,172.16.133.54,443,8.059218999999999,regular http traffic
216.137.33.81,172.16.133.54,442,0.03987399999999752,regular http traffic
216.137.33.81,172.16.133.54,443,14.722498000000002,regular http traffic
216.137.33.81,172.16.133.54,442,0.051781000000005406,regular http traffic
216.137.33.81,172.16.133.54,443,20.84411999999999,regular http traffic
216.137.33.81,172.16.133.54,442,0.08442600000000766,regular http traffic
216.137.33.81,172.16.133.54,443,9.913745000000006,regular http traffic
216.137.33.81,172.16.133.54,442,0.05077099999999746,regular http traffic
