src_ip,dest_ip,pkt_size,time_diff,original_class
216.137.63.98,10.8.0.6,57,387.5087470000017,regular http traffic
216.137.63.98,10.8.0.6,829,0.01421699999991688,regular http traffic
216.137.63.98,10.8.0.6,57,0.712759999998525,regular http traffic
