src_ip,dest_ip,pkt_size,time_diff,original_class
216.39.54.36,172.16.133.96,1102,0.0016210000000000946,regular http traffic
216.39.54.36,172.16.133.96,455,0.0003399999999942338,regular http traffic
216.39.54.36,172.16.133.96,1359,0.0014540000000238251,regular http traffic
216.39.54.36,172.16.133.96,723,0.04483399999998028,regular http traffic
216.39.54.36,172.16.133.96,833,0.008705000000020391,regular http traffic
216.39.54.36,172.16.133.96,161,0.045418999999981224,regular http traffic
216.39.54.36,172.16.133.96,1343,0.005029999999976553,regular http traffic
