src_ip,dest_ip,pkt_size,time_diff,original_class
216.52.242.80,172.16.133.78,836,0.3060020000000012,regular http traffic
216.52.242.80,172.16.133.78,76,0.8483709999999967,regular http traffic
216.52.242.80,172.16.133.78,591,18.448718000000003,regular http traffic
216.52.242.80,172.16.133.78,544,2.7352479999999986,regular http traffic
216.52.242.80,172.16.133.78,95,0.160029999999999,regular http traffic
216.52.242.80,172.16.133.78,794,42.311564,regular http traffic
216.52.242.80,172.16.133.78,96,62.724288,regular http traffic
216.52.242.80,172.16.133.78,794,83.19228799999999,regular http traffic
216.52.242.80,172.16.133.78,74,61.520737999999994,regular http traffic
216.52.242.80,172.16.133.78,1070,0.46810600000003433,regular http traffic
216.52.242.80,172.16.133.78,1156,0.08274399999999105,regular http traffic
216.52.242.80,172.16.133.78,624,3.298855000000003,regular http traffic
216.52.242.80,172.16.133.78,76,0.06380300000000716,regular http traffic
