src_ip,dest_ip,pkt_size,time_diff,original_class
216.18.168.122,10.8.0.6,1280,0.18805599999996048,regular http traffic
216.18.168.122,10.8.0.6,70,0.2117249999998876,regular http traffic
216.18.168.122,10.8.0.6,461,0.022848999999951047,regular http traffic
216.18.168.122,10.8.0.6,267,1.3409110000000055,regular http traffic
216.18.168.122,10.8.0.6,274,0.0861489999999776,regular http traffic
216.18.168.122,10.8.0.6,145,0.16769300000009935,regular http traffic
216.18.168.122,10.8.0.6,1292,0.025055000000065775,regular http traffic
216.18.168.122,10.8.0.6,454,0.2233569999998508,regular http traffic
216.18.168.122,10.8.0.6,388,0.2979930000001332,regular http traffic
216.18.168.122,10.8.0.6,725,0.27494000000001506,regular http traffic
216.18.168.122,10.8.0.6,336,0.5791380000000572,regular http traffic
216.18.168.122,10.8.0.6,747,0.22408699999982673,regular http traffic
216.18.168.122,10.8.0.6,279,0.31253000000015163,regular http traffic
216.18.168.122,10.8.0.6,707,0.2844889999998941,regular http traffic
216.18.168.122,10.8.0.6,164,0.33060199999999895,regular http traffic
216.18.168.122,10.8.0.6,600,0.3789560000000165,regular http traffic
216.18.168.122,10.8.0.6,564,0.8752019999999447,regular http traffic
216.18.168.122,10.8.0.6,1118,1.066045000000031,regular http traffic
