src_ip,dest_ip,pkt_size,time_diff,original_class
216.137.33.37,172.16.133.66,578,0.0005240000000128475,regular http traffic
216.137.33.37,172.16.133.66,1074,0.14113499999999135,regular http traffic
216.137.33.37,172.16.133.66,1323,0.058776999999992086,regular http traffic
