src_ip,dest_ip,pkt_size,time_diff,original_class
216.52.242.80,172.16.133.128,1087,2.775345999999999,regular http traffic
216.52.242.80,172.16.133.128,62,0.14866599999999863,regular http traffic
216.52.242.80,172.16.133.128,1461,0.13802000000000447,regular http traffic
216.52.242.80,172.16.133.128,76,0.33058499999999924,regular http traffic
216.52.242.80,172.16.133.128,479,54.541129999999995,regular http traffic
216.52.242.80,172.16.133.128,74,1.1551410000000004,regular http traffic
216.52.242.80,172.16.133.128,706,12.434356000000008,regular http traffic
216.52.242.80,172.16.133.128,607,27.112627000000003,regular http traffic
216.52.242.80,172.16.133.128,1511,1.9611249999999814,regular http traffic
216.52.242.80,172.16.133.128,902,0.14427700000001664,regular http traffic
216.52.242.80,172.16.133.128,76,0.38078299999997967,regular http traffic
216.52.242.80,172.16.133.128,825,34.873231000000004,regular http traffic
216.52.242.80,172.16.133.128,214,14.820337000000023,regular http traffic
