src_ip,dest_ip,pkt_size,time_diff,original_class
216.58.219.194,131.202.240.101,945,0.004461050033569336,regular http traffic
216.58.219.194,131.202.240.101,887,41.773749113082886,regular http traffic
216.58.219.194,131.202.240.101,945,0.023228883743286133,regular http traffic
