src_ip,dest_ip,pkt_size,time_diff,original_class
216.52.121.178,172.16.133.132,319,0.0012060000000246873,regular http traffic
216.52.121.178,172.16.133.132,319,0.004059999999981301,regular http traffic
216.52.121.178,172.16.133.132,319,0.00019900000000916407,regular http traffic
