src_ip,dest_ip,pkt_size,time_diff,original_class
216.58.219.238,131.202.240.150,847,0.5432720184326172,regular http traffic
216.58.219.238,131.202.240.150,847,0.050707101821899414,regular http traffic
216.58.219.238,131.202.240.150,847,0.15542006492614746,regular http traffic
