src_ip,dest_ip,pkt_size,time_diff,original_class
216.52.242.80,172.16.133.40,560,14.575281000000004,regular http traffic
216.52.242.80,172.16.133.40,74,1.5211539999999957,regular http traffic
216.52.242.80,172.16.133.40,1219,44.59560999999999,regular http traffic
216.52.242.80,172.16.133.40,484,69.325794,regular http traffic
216.52.242.80,172.16.133.40,74,2.3610840000000053,regular http traffic
