src_ip,dest_ip,pkt_size,time_diff,original_class
217.22.112.72,150.204.83.15,230,11.288696000000073,regular http traffic
217.22.112.72,150.204.83.15,220,4.6999999995023245e-05,regular http traffic
217.22.112.72,150.204.83.15,220,0.1866740000000391,regular http traffic
217.22.112.72,150.204.83.15,220,0.2707260000001952,regular http traffic
217.22.112.72,150.204.83.15,231,0.2201639999998406,regular http traffic
