src_ip,dest_ip,pkt_size,time_diff,original_class
217.69.133.211,10.8.0.6,788,0.11150899999847752,regular http traffic
217.69.133.211,10.8.0.6,788,8.32003700000132,regular http traffic
217.69.133.211,10.8.0.6,788,4.516477999999552,regular http traffic
