src_ip,dest_ip,pkt_size,time_diff,original_class
217.22.112.79,130.68.81.253,208,135.49055199999998,regular http traffic
217.22.112.79,130.68.81.253,208,2.9999998787388904e-06,regular http traffic
217.22.112.79,130.68.81.253,218,0.35427900000013324,regular http traffic
