src_ip,dest_ip,pkt_size,time_diff,original_class
217.22.112.82,69.178.85.70,149,142.437294,regular http traffic
217.22.112.82,69.178.85.70,166,0.07702599999998938,regular http traffic
217.22.112.82,69.178.85.70,159,9.800000003679088e-05,regular http traffic
217.22.112.82,69.178.85.70,149,9.799999997994746e-05,regular http traffic
217.22.112.82,69.178.85.70,250,0.22518999999999778,regular http traffic
217.22.112.82,69.178.85.70,253,0.24815100000000712,regular http traffic
217.22.112.82,69.178.85.70,283,0.2084159999999997,regular http traffic
217.22.112.82,69.178.85.70,250,0.2060730000000035,regular http traffic
