src_ip,dest_ip,pkt_size,time_diff,original_class
217.22.112.14,202.11.82.251,1299,120.019108,regular http traffic
217.22.112.14,202.11.82.251,453,1011.991713,regular http traffic
217.22.112.14,202.11.82.251,129,5.019641000000092,regular http traffic
217.22.112.14,202.11.82.251,555,0.6409049999999752,regular http traffic
217.22.112.14,202.11.82.251,1500,199.516486,regular http traffic
217.22.112.14,202.11.82.251,1098,637.3944759999999,regular http traffic
217.22.112.14,202.11.82.251,425,271.6187830000001,regular http traffic
217.22.112.14,202.11.82.251,720,52.33216599999969,regular http traffic
217.22.112.14,202.11.82.251,868,56.1281170000002,regular http traffic
217.22.112.14,202.11.82.251,446,35.9029129999999,regular http traffic
217.22.112.14,202.11.82.251,140,454.12973599999987,regular http traffic
217.22.112.14,202.11.82.251,1198,274.9565200000002,regular http traffic
217.22.112.14,202.11.82.251,385,0.005740999999943597,regular http traffic
217.22.112.14,202.11.82.251,260,0.005691000000297208,regular http traffic
217.22.112.14,202.11.82.251,88,80.01763999999957,regular http traffic
