src_ip,dest_ip,pkt_size,time_diff,original_class
217.22.112.77,157.99.66.14,578,8.93704300000013,regular http traffic
217.22.112.77,157.99.66.14,195,1064.7063069999997,regular http traffic
217.22.112.77,157.99.66.14,464,1903.1904870000003,regular http traffic
217.22.112.77,157.99.66.14,464,48.03974599999947,regular http traffic
217.22.112.77,157.99.66.14,490,1.95751300000029,regular http traffic
217.22.112.77,157.99.66.14,490,0.716801000000487,regular http traffic
217.22.112.77,157.99.66.14,490,0.5456249999997453,regular http traffic
217.22.112.77,157.99.66.14,490,86.8471899999995,regular http traffic
217.22.112.77,157.99.66.14,464,7.292415000000801,regular http traffic
