src_ip,dest_ip,pkt_size,time_diff,original_class
217.22.112.14,41.204.84.15,88,3.000000106112566e-06,regular http traffic
217.22.112.14,41.204.84.15,88,9.99999883788405e-07,regular http traffic
217.22.112.14,41.204.84.15,88,5.006186999999954,regular http traffic
217.22.112.14,41.204.84.15,88,0.0010459999998602143,regular http traffic
217.22.112.14,41.204.84.15,92,2.000000222324161e-06,regular http traffic
217.22.112.14,41.204.84.15,92,0.0029429999999592837,regular http traffic
217.22.112.14,41.204.84.15,92,4.999400000000151,regular http traffic
217.22.112.14,41.204.84.15,123,47.51963499999965,regular http traffic
217.22.112.14,41.204.84.15,88,64.03313000000026,regular http traffic
217.22.112.14,41.204.84.15,88,3.000000106112566e-06,regular http traffic
