src_ip,dest_ip,pkt_size,time_diff,original_class
217.22.112.82,69.178.85.14,92,4.993327999999963,regular http traffic
217.22.112.82,69.178.85.14,123,5.001266000000044,regular http traffic
