src_ip,dest_ip,pkt_size,time_diff,original_class
217.22.112.14,150.204.83.15,572,44.04557600000001,regular http traffic
217.22.112.14,150.204.83.15,292,0.010137999999983549,regular http traffic
