src_ip,dest_ip,pkt_size,time_diff,original_class
217.22.112.60,69.178.85.103,88,6.426525999999967,regular http traffic
217.22.112.60,69.178.85.103,92,0.001998999999841544,regular http traffic
217.22.112.60,69.178.85.103,123,0.021110000000135187,regular http traffic
217.22.112.60,69.178.85.103,88,3.9799869999999373,regular http traffic
217.22.112.60,69.178.85.103,88,7.037849000000051,regular http traffic
217.22.112.60,69.178.85.103,92,2.960982000000058,regular http traffic
217.22.112.60,69.178.85.103,88,1.752614999999878,regular http traffic
217.22.112.60,69.178.85.103,92,0.2857460000000174,regular http traffic
217.22.112.60,69.178.85.103,92,4.713694000000032,regular http traffic
217.22.112.60,69.178.85.103,230,95.65848600000004,regular http traffic
217.22.112.60,69.178.85.103,220,0.667075000000068,regular http traffic
217.22.112.60,69.178.85.103,220,3.295594999999821,regular http traffic
