src_ip,dest_ip,pkt_size,time_diff,original_class
217.22.112.72,202.11.82.102,220,21.69228499999997,regular http traffic
217.22.112.72,202.11.82.102,230,0.053007000000093285,regular http traffic
217.22.112.72,202.11.82.102,220,0.1736959999999499,regular http traffic
217.22.112.72,202.11.82.102,231,0.17688999999995758,regular http traffic
217.22.112.72,202.11.82.102,220,0.053906000000097265,regular http traffic
