src_ip,dest_ip,pkt_size,time_diff,original_class
217.22.112.72,150.204.83.102,231,11.288144999999986,regular http traffic
217.22.112.72,150.204.83.102,221,0.00014899999996487168,regular http traffic
217.22.112.72,150.204.83.102,221,0.2370850000002065,regular http traffic
217.22.112.72,150.204.83.102,221,0.3297229999998308,regular http traffic
217.22.112.72,150.204.83.102,232,0.16166700000030687,regular http traffic
