src_ip,dest_ip,pkt_size,time_diff,original_class
217.22.112.72,202.11.82.253,220,21.155276999999955,regular http traffic
217.22.112.72,202.11.82.253,230,0.0003470000000334039,regular http traffic
217.22.112.72,202.11.82.253,220,0.20883500000002186,regular http traffic
217.22.112.72,202.11.82.253,231,0.15417999999999665,regular http traffic
217.22.112.72,202.11.82.253,220,0.06189199999994344,regular http traffic
