src_ip,dest_ip,pkt_size,time_diff,original_class
217.22.112.67,69.178.85.15,88,0.0010009999996327679,regular http traffic
217.22.112.67,69.178.85.15,88,4.6999999995023245e-05,regular http traffic
217.22.112.67,69.178.85.15,92,0.0025480000003881287,regular http traffic
217.22.112.67,69.178.85.15,92,4.996894999999768,regular http traffic
217.22.112.67,69.178.85.15,92,0.000998999999865191,regular http traffic
217.22.112.67,69.178.85.15,76,10.044151000000056,regular http traffic
217.22.112.67,69.178.85.15,80,5.000486000000365,regular http traffic
217.22.112.67,69.178.85.15,123,35.52884699999959,regular http traffic
217.22.112.67,69.178.85.15,111,9.969280000000253,regular http traffic
