src_ip,dest_ip,pkt_size,time_diff,original_class
217.22.112.59,150.204.83.14,76,9.999999997489795e-05,regular http traffic
217.22.112.59,150.204.83.14,76,0.526126999999974,regular http traffic
