src_ip,dest_ip,pkt_size,time_diff,original_class
217.22.112.74,41.204.84.90,108,66.50319800000034,regular http traffic
217.22.112.74,41.204.84.90,88,256.0552889999999,regular http traffic
217.22.112.74,41.204.84.90,108,14.513479999999618,regular http traffic
217.22.112.74,41.204.84.90,108,0.01263199999993958,regular http traffic
217.22.112.74,41.204.84.90,385,1.0876500000003944,regular http traffic
217.22.112.74,41.204.84.90,108,2.0156120000001465,regular http traffic
217.22.112.74,41.204.84.90,214,23.51861099999951,regular http traffic
217.22.112.74,41.204.84.90,214,4.9919300000001385,regular http traffic
217.22.112.74,41.204.84.90,356,5.0184879999997065,regular http traffic
217.22.112.74,41.204.84.90,407,45.55190800000037,regular http traffic
