src_ip,dest_ip,pkt_size,time_diff,original_class
217.22.112.79,130.68.81.102,208,135.49070099999994,regular http traffic
217.22.112.79,130.68.81.102,208,3.999999989900971e-06,regular http traffic
217.22.112.79,130.68.81.102,220,0.3542339999999058,regular http traffic
217.22.112.79,130.68.81.102,218,0.12474500000007538,regular http traffic
