src_ip,dest_ip,pkt_size,time_diff,original_class
217.22.112.14,69.178.85.253,88,5468.746069000001,regular http traffic
217.22.112.14,69.178.85.253,220,21.934556999999586,regular http traffic
217.22.112.14,69.178.85.253,230,4.600000011123484e-05,regular http traffic
217.22.112.14,69.178.85.253,220,0.1987810000000536,regular http traffic
217.22.112.14,69.178.85.253,220,0.20287800000005518,regular http traffic
217.22.112.14,69.178.85.253,231,0.1517519999997603,regular http traffic
