src_ip,dest_ip,pkt_size,time_diff,original_class
217.22.112.72,150.204.83.253,221,11.28839700000026,regular http traffic
217.22.112.72,150.204.83.253,231,0.0003969999997934792,regular http traffic
217.22.112.72,150.204.83.253,232,0.13491400000020803,regular http traffic
217.22.112.72,150.204.83.253,221,0.05146000000013373,regular http traffic
217.22.112.72,150.204.83.253,221,0.21941500000002634,regular http traffic
