src_ip,dest_ip,pkt_size,time_diff,original_class
217.22.112.14,41.204.84.253,138,21.270175999999992,regular http traffic
217.22.112.14,41.204.84.253,226,19.953790999999995,regular http traffic
217.22.112.14,41.204.84.253,138,11.552393999999993,regular http traffic
217.22.112.14,41.204.84.253,138,23.491648999999995,regular http traffic
217.22.112.14,41.204.84.253,138,24.70875000000001,regular http traffic
217.22.112.14,41.204.84.253,138,24.29091900000003,regular http traffic
217.22.112.14,41.204.84.253,904,246.98711499999996,regular http traffic
217.22.112.14,41.204.84.253,959,173.29401900000005,regular http traffic
217.22.112.14,41.204.84.253,127,0.005940000000009604,regular http traffic
217.22.112.14,41.204.84.253,979,159.984151,regular http traffic
217.22.112.14,41.204.84.253,572,253.31928100000005,regular http traffic
217.22.112.14,41.204.84.253,212,0.007431999999880645,regular http traffic
217.22.112.14,41.204.84.253,666,61.05381299999999,regular http traffic
217.22.112.14,41.204.84.253,121,882.3981180000001,regular http traffic
217.22.112.14,41.204.84.253,303,152.31921199999988,regular http traffic
217.22.112.14,41.204.84.253,516,251.2002849999999,regular http traffic
217.22.112.14,41.204.84.253,966,195.55449500000032,regular http traffic
217.22.112.14,41.204.84.253,1264,208.70287099999996,regular http traffic
217.22.112.14,41.204.84.253,88,105.27240799999981,regular http traffic
217.22.112.14,41.204.84.253,1098,138.64259100000027,regular http traffic
217.22.112.14,41.204.84.253,1019,58.63149399999975,regular http traffic
