src_ip,dest_ip,pkt_size,time_diff,original_class
217.22.112.53,150.204.83.103,789,1.773873999999978,regular http traffic
217.22.112.53,150.204.83.103,1256,1.5501689999999826,regular http traffic
217.22.112.53,150.204.83.103,1297,0.04931299999998373,regular http traffic
217.22.112.53,150.204.83.103,1303,1.0183050000000549,regular http traffic
