src_ip,dest_ip,pkt_size,time_diff,original_class
217.22.112.74,69.178.85.15,88,0.0017470000002504094,regular http traffic
217.22.112.74,69.178.85.15,88,0.0017969999998967978,regular http traffic
217.22.112.74,69.178.85.15,76,2.841186000000107,regular http traffic
217.22.112.74,69.178.85.15,344,19.455540999999812,regular http traffic
