src_ip,dest_ip,pkt_size,time_diff,original_class
217.22.112.60,69.178.85.91,88,0.0006000000000767614,regular http traffic
217.22.112.60,69.178.85.91,88,9.99999883788405e-07,regular http traffic
217.22.112.60,69.178.85.91,88,5.009970000000067,regular http traffic
217.22.112.60,69.178.85.91,88,0.005639999999857537,regular http traffic
217.22.112.60,69.178.85.91,92,0.011228000000073735,regular http traffic
217.22.112.60,69.178.85.91,92,5.0085240000000795,regular http traffic
217.22.112.60,69.178.85.91,88,0.9676970000000438,regular http traffic
217.22.112.60,69.178.85.91,92,0.004040999999915584,regular http traffic
