src_ip,dest_ip,pkt_size,time_diff,original_class
217.22.112.55,66.201.189.32,578,0.014972999999827152,regular http traffic
217.22.112.55,66.201.189.32,587,0.0012980000001334702,regular http traffic
217.22.112.55,66.201.189.32,607,0.0019959999999628053,regular http traffic
217.22.112.55,66.201.189.32,591,0.004093000000011671,regular http traffic
217.22.112.55,66.201.189.32,604,0.009184000000004744,regular http traffic
217.22.112.55,66.201.189.32,590,0.11514699999997902,regular http traffic
217.22.112.55,66.201.189.32,277,22.848641000000043,regular http traffic
