src_ip,dest_ip,pkt_size,time_diff,original_class
217.22.112.79,69.178.85.14,76,4.967718999999988,regular http traffic
217.22.112.79,69.178.85.14,80,0.0624000000000251,regular http traffic
217.22.112.79,69.178.85.14,80,4.952941999999894,regular http traffic
217.22.112.79,69.178.85.14,111,0.07812400000011621,regular http traffic
217.22.112.79,69.178.85.14,76,0.046824999999898864,regular http traffic
217.22.112.79,69.178.85.14,80,4.999817000000121,regular http traffic
