src_ip,dest_ip,pkt_size,time_diff,original_class
217.22.112.55,208.18.90.43,510,0.06912799999999919,regular http traffic
217.22.112.55,208.18.90.43,579,0.001647000000000176,regular http traffic
217.22.112.55,208.18.90.43,587,0.33156600000000047,regular http traffic
217.22.112.55,208.18.90.43,607,0.004393000000000313,regular http traffic
217.22.112.55,208.18.90.43,590,0.1778859999999991,regular http traffic
217.22.112.55,208.18.90.43,590,2.8250220000000006,regular http traffic
217.22.112.55,208.18.90.43,1503,58.883987,regular http traffic
217.22.112.55,208.18.90.43,270,0.016872000000006437,regular http traffic
217.22.112.55,208.18.90.43,270,0.0008509999999972706,regular http traffic
217.22.112.55,208.18.90.43,270,0.0007949999999965485,regular http traffic
217.22.112.55,208.18.90.43,270,0.0013469999999955462,regular http traffic
217.22.112.55,208.18.90.43,1268,3.1163580000000053,regular http traffic
217.22.112.55,208.18.90.43,946,2.166482000000002,regular http traffic
217.22.112.55,208.18.90.43,1059,3.110868999999994,regular http traffic
