src_ip,dest_ip,pkt_size,time_diff,original_class
217.22.112.72,202.11.82.251,220,21.156721999999945,regular http traffic
217.22.112.72,202.11.82.251,220,0.25909599999999955,regular http traffic
217.22.112.72,202.11.82.251,231,0.16526099999998678,regular http traffic
217.22.112.72,202.11.82.251,220,0.11110600000006343,regular http traffic
217.22.112.72,202.11.82.251,230,0.22705299999995532,regular http traffic
