src_ip,dest_ip,pkt_size,time_diff,original_class
217.22.112.60,69.178.85.102,437,0.46323300000000245,regular http traffic
217.22.112.60,69.178.85.102,467,3.025119999999987,regular http traffic
217.22.112.60,69.178.85.102,460,4.530216999999993,regular http traffic
217.22.112.60,69.178.85.102,460,5.438968000000017,regular http traffic
217.22.112.60,69.178.85.102,460,28.12064699999999,regular http traffic
