src_ip,dest_ip,pkt_size,time_diff,original_class
217.22.112.74,41.204.84.70,108,66.85378599999967,regular http traffic
217.22.112.74,41.204.84.70,88,241.06268400000044,regular http traffic
217.22.112.74,41.204.84.70,108,14.558951999999408,regular http traffic
217.22.112.74,41.204.84.70,108,1.1041260000001785,regular http traffic
217.22.112.74,41.204.84.70,385,2.189280999999937,regular http traffic
217.22.112.74,41.204.84.70,214,20.561464000000342,regular http traffic
217.22.112.74,41.204.84.70,214,4.821301999999378,regular http traffic
217.22.112.74,41.204.84.70,356,5.01439500000015,regular http traffic
217.22.112.74,41.204.84.70,407,6.01698099999976,regular http traffic
