src_ip,dest_ip,pkt_size,time_diff,original_class
217.22.112.60,69.178.85.15,88,2.9999998787388904e-06,regular http traffic
217.22.112.60,69.178.85.15,88,1.0000001111620804e-06,regular http traffic
217.22.112.60,69.178.85.15,92,0.0034900000000561704,regular http traffic
217.22.112.60,69.178.85.15,92,5.001936999999998,regular http traffic
217.22.112.60,69.178.85.15,92,2.9999998787388904e-06,regular http traffic
217.22.112.60,69.178.85.15,76,10.001023000000032,regular http traffic
217.22.112.60,69.178.85.15,80,4.9991439999998875,regular http traffic
217.22.112.60,69.178.85.15,123,32.52663500000017,regular http traffic
217.22.112.60,69.178.85.15,111,9.96892899999989,regular http traffic
