src_ip,dest_ip,pkt_size,time_diff,original_class
217.22.112.14,130.68.81.89,684,0.7063559999999995,regular http traffic
217.22.112.14,130.68.81.89,1102,5.861372000000001,regular http traffic
217.22.112.14,130.68.81.89,446,11.429559999999999,regular http traffic
217.22.112.14,130.68.81.89,120,5.818346000000002,regular http traffic
217.22.112.14,130.68.81.89,255,43.608011000000005,regular http traffic
217.22.112.14,130.68.81.89,92,8.256452999999993,regular http traffic
217.22.112.14,130.68.81.89,597,18.268353000000005,regular http traffic
217.22.112.14,130.68.81.89,1395,102.611836,regular http traffic
217.22.112.14,130.68.81.89,424,7.79581300000001,regular http traffic
217.22.112.14,130.68.81.89,1104,0.22889699999998925,regular http traffic
217.22.112.14,130.68.81.89,416,7.021926000000008,regular http traffic
217.22.112.14,130.68.81.89,990,0.5908589999999947,regular http traffic
217.22.112.14,130.68.81.89,545,6.843244999999996,regular http traffic
217.22.112.14,130.68.81.89,1197,0.09587799999999902,regular http traffic
217.22.112.14,130.68.81.89,384,0.0080859999999916,regular http traffic
217.22.112.14,130.68.81.89,259,0.008185000000025866,regular http traffic
217.22.112.14,130.68.81.89,88,0.09424199999997995,regular http traffic
217.22.112.14,130.68.81.89,904,15.183985000000007,regular http traffic
217.22.112.14,130.68.81.89,322,10.507735999999994,regular http traffic
217.22.112.14,130.68.81.89,360,0.9431409999999971,regular http traffic
217.22.112.14,130.68.81.89,515,9.317329,regular http traffic
217.22.112.14,130.68.81.89,302,9.601130000000012,regular http traffic
217.22.112.14,130.68.81.89,150,18.233822999999973,regular http traffic
217.22.112.14,130.68.81.89,550,23.634252000000004,regular http traffic
217.22.112.14,130.68.81.89,560,34.284884000000034,regular http traffic
217.22.112.14,130.68.81.89,464,13.834870999999964,regular http traffic
217.22.112.14,130.68.81.89,580,3.4695880000000443,regular http traffic
217.22.112.14,130.68.81.89,1299,26.908732999999984,regular http traffic
