src_ip,dest_ip,pkt_size,time_diff,original_class
217.22.112.60,110.209.6.25,553,10.021292000000358,regular http traffic
217.22.112.60,110.209.6.25,532,0.0016959999998107378,regular http traffic
217.22.112.60,110.209.6.25,562,0.06623399999989488,regular http traffic
217.22.112.60,110.209.6.25,585,0.01073099999985061,regular http traffic
