src_ip,dest_ip,pkt_size,time_diff,original_class
222.73.244.201,10.8.0.6,458,5.553972000000158,regular http traffic
222.73.244.201,10.8.0.6,676,0.2558810000000449,regular http traffic
