src_ip,dest_ip,pkt_size,time_diff,original_class
223.111.24.105,10.8.0.6,1398,4.199999966658652e-05,regular http traffic
223.111.24.105,10.8.0.6,1398,4.6999994083307683e-05,regular http traffic
223.111.24.105,10.8.0.6,1398,2.0000006770715117e-06,regular http traffic
223.111.24.105,10.8.0.6,1398,2.0000006770715117e-06,regular http traffic
223.111.24.105,10.8.0.6,1398,2.0000006770715117e-06,regular http traffic
