src_ip,dest_ip,pkt_size,time_diff,original_class
23.0.60.101,172.16.133.41,725,0.061511000000010085,regular http traffic
23.0.60.101,172.16.133.41,868,0.03210099999999727,regular http traffic
23.0.60.101,172.16.133.41,715,0.0005890000000050577,regular http traffic
23.0.60.101,172.16.133.41,916,0.0009729999999876782,regular http traffic
23.0.60.101,172.16.133.41,398,0.1607710000000111,regular http traffic
23.0.60.101,172.16.133.41,144,0.19186399999999537,regular http traffic
