src_ip,dest_ip,pkt_size,time_diff,original_class
23.0.49.244,172.16.133.128,1016,0.06777400000001421,regular http traffic
23.0.49.244,172.16.133.128,749,0.03686899999999582,regular http traffic
23.0.49.244,172.16.133.128,1080,0.0010709999999960473,regular http traffic
23.0.49.244,172.16.133.128,214,0.016075000000000728,regular http traffic
