src_ip,dest_ip,pkt_size,time_diff,original_class
23.0.49.244,172.16.133.44,205,0.1885210000000015,regular http traffic
23.0.49.244,172.16.133.44,1114,36.396612000000005,regular http traffic
