src_ip,dest_ip,pkt_size,time_diff,original_class
23.0.49.244,172.16.133.63,783,40.110416999999984,regular http traffic
23.0.49.244,172.16.133.63,1089,0.11281300000001693,regular http traffic
23.0.49.244,172.16.133.63,755,0.0009249999999951797,regular http traffic
23.0.49.244,172.16.133.63,1129,0.01078300000000354,regular http traffic
23.0.49.244,172.16.133.63,1222,0.011957999999992808,regular http traffic
23.0.49.244,172.16.133.63,822,0.018342000000018288,regular http traffic
23.0.49.244,172.16.133.63,1176,0.017883999999980915,regular http traffic
23.0.49.244,172.16.133.63,1172,0.09025600000001077,regular http traffic
23.0.49.244,172.16.133.63,772,0.01220499999999447,regular http traffic
