src_ip,dest_ip,pkt_size,time_diff,original_class
23.0.50.77,172.16.133.132,552,2.218328999999983,regular http traffic
23.0.50.77,172.16.133.132,552,1.5450230000000147,regular http traffic
