src_ip,dest_ip,pkt_size,time_diff,original_class
23.15.129.231,172.16.133.66,334,0.12532699999999863,regular http traffic
23.15.129.231,172.16.133.66,399,2.645422000000025,regular http traffic
