src_ip,dest_ip,pkt_size,time_diff,original_class
23.15.128.66,172.16.133.54,307,0.32948899999999526,regular http traffic
23.15.128.66,172.16.133.54,258,48.32918400000001,regular http traffic
