src_ip,dest_ip,pkt_size,time_diff,original_class
23.13.208.74,172.16.133.54,380,7.560441999999995,regular http traffic
23.13.208.74,172.16.133.54,380,14.803093000000004,regular http traffic
23.13.208.74,172.16.133.54,380,20.945942000000002,regular http traffic
23.13.208.74,172.16.133.54,380,8.350055999999995,regular http traffic
23.13.208.74,172.16.133.54,380,4.832832999999994,regular http traffic
