src_ip,dest_ip,pkt_size,time_diff,original_class
23.239.10.26,10.10.6.233,70,3.000000106112566e-06,regular http traffic
23.239.10.26,10.10.6.233,69,0.1788349999997081,regular http traffic
23.239.10.26,10.10.6.233,69,0.1624340000007578,regular http traffic
23.239.10.26,10.10.6.233,69,0.13165200000003097,regular http traffic
23.239.10.26,10.10.6.233,69,0.15422899999975925,regular http traffic
23.239.10.26,10.10.6.233,69,0.1184610000000248,regular http traffic
23.239.10.26,10.10.6.233,69,0.1614609999996901,regular http traffic
