src_ip,dest_ip,pkt_size,time_diff,original_class
23.239.10.26,10.10.6.233,69,2.635570000000371,regular http traffic
23.239.10.26,10.10.6.233,69,0.8419179999991684,regular http traffic
