src_ip,dest_ip,pkt_size,time_diff,original_class
23.21.145.72,131.202.240.150,279,28.024138927459717,regular http traffic
23.21.145.72,131.202.240.150,279,1.9768640995025635,regular http traffic
