src_ip,dest_ip,pkt_size,time_diff,original_class
23.21.81.234,172.16.133.54,559,0.00010299999999574538,regular http traffic
23.21.81.234,172.16.133.54,580,7.963253000000009,regular http traffic
23.21.81.234,172.16.133.54,579,0.12049099999998703,regular http traffic
23.21.81.234,172.16.133.54,581,16.579195000000013,regular http traffic
23.21.81.234,172.16.133.54,579,22.173862,regular http traffic
23.21.81.234,172.16.133.54,580,8.836996999999997,regular http traffic
