src_ip,dest_ip,pkt_size,time_diff,original_class
23.222.56.51,10.8.0.6,351,0.11556800000107614,regular http traffic
23.222.56.51,10.8.0.6,107,1.0081159999990632,regular http traffic
23.222.56.51,10.8.0.6,681,0.00028000000020256266,regular http traffic
23.222.56.51,10.8.0.6,1245,0.8991920000007667,regular http traffic
23.222.56.51,10.8.0.6,731,5.075031000000308,regular http traffic
23.222.56.51,10.8.0.6,1132,0.03301099999953294,regular http traffic
