src_ip,dest_ip,pkt_size,time_diff,original_class
23.21.250.167,172.16.133.78,1160,0.001931999999996492,regular http traffic
23.21.250.167,172.16.133.78,1157,0.021658000000002176,regular http traffic
