src_ip,dest_ip,pkt_size,time_diff,original_class
23.33.81.244,172.16.133.66,633,0.0634200000000078,regular http traffic
23.33.81.244,172.16.133.66,565,0.09462199999998688,regular http traffic
23.33.81.244,172.16.133.66,1205,0.2833080000000052,regular http traffic
23.33.81.244,172.16.133.66,644,23.722645999999997,regular http traffic
23.33.81.244,172.16.133.66,1295,0.12392800000000648,regular http traffic
23.33.81.244,172.16.133.66,631,0.059310999999979686,regular http traffic
