src_ip,dest_ip,pkt_size,time_diff,original_class
23.32.180.136,172.16.133.40,1486,0.002975000000006389,regular http traffic
23.32.180.136,172.16.133.40,305,0.024879999999996016,regular http traffic
23.32.180.136,172.16.133.40,1440,0.22682100000000105,regular http traffic
23.32.180.136,172.16.133.40,1083,1.247565999999992,regular http traffic
23.32.180.136,172.16.133.40,1491,0.0005150000000071486,regular http traffic
23.32.180.136,172.16.133.40,1424,0.001677999999998292,regular http traffic
23.32.180.136,172.16.133.40,631,0.02566299999999444,regular http traffic
23.32.180.136,172.16.133.40,1502,0.13067200000000412,regular http traffic
23.32.180.136,172.16.133.40,719,0.0014539999999954034,regular http traffic
23.32.180.136,172.16.133.40,287,0.0008930000000049176,regular http traffic
23.32.180.136,172.16.133.40,1237,0.05127199999999732,regular http traffic
23.32.180.136,172.16.133.40,270,0.2549709999999976,regular http traffic
23.32.180.136,172.16.133.40,686,0.0009179999999986421,regular http traffic
23.32.180.136,172.16.133.40,588,0.0008850000000109048,regular http traffic
23.32.180.136,172.16.133.40,1361,0.0003679999999945949,regular http traffic
23.32.180.136,172.16.133.40,1326,0.336749999999995,regular http traffic
23.32.180.136,172.16.133.40,241,0.0004170000000129903,regular http traffic
23.32.180.136,172.16.133.40,675,0.0004759999999919273,regular http traffic
23.32.180.136,172.16.133.40,380,0.012149000000007959,regular http traffic
23.32.180.136,172.16.133.40,814,0.3418609999999944,regular http traffic
23.32.180.136,172.16.133.40,832,0.04494099999999435,regular http traffic
23.32.180.136,172.16.133.40,1080,0.002065999999999235,regular http traffic
23.32.180.136,172.16.133.40,1059,0.0024840000000097007,regular http traffic
