src_ip,dest_ip,pkt_size,time_diff,original_class
23.33.47.196,172.16.133.132,885,2.246853999999985,regular http traffic
23.33.47.196,172.16.133.132,727,1.6464160000000163,regular http traffic
