src_ip,dest_ip,pkt_size,time_diff,original_class
23.33.83.78,172.16.133.153,761,0.2512509999999999,regular http traffic
23.33.83.78,172.16.133.153,167,118.011866,regular http traffic
23.33.83.78,172.16.133.153,773,0.25911800000000085,regular http traffic
23.33.83.78,172.16.133.153,167,68.846476,regular http traffic
23.33.83.78,172.16.133.153,761,0.13210300000000075,regular http traffic
23.33.83.78,172.16.133.153,167,50.641324,regular http traffic
23.33.83.78,172.16.133.153,761,0.15677299999998695,regular http traffic
