src_ip,dest_ip,pkt_size,time_diff,original_class
23.46.16.170,172.16.133.132,132,0.0002550000000027808,regular http traffic
23.46.16.170,172.16.133.132,662,0.03798599999999652,regular http traffic
23.46.16.170,172.16.133.132,851,0.16231400000000207,regular http traffic
23.46.16.170,172.16.133.132,422,0.04960100000000267,regular http traffic
23.46.16.170,172.16.133.132,71,0.8258960000000002,regular http traffic
23.46.16.170,172.16.133.132,981,1.2916659999999993,regular http traffic
