src_ip,dest_ip,pkt_size,time_diff,original_class
23.44.109.71,10.8.0.6,1091,1.4965320000046631,regular http traffic
23.44.109.71,10.8.0.6,332,0.05164900000090711,regular http traffic
23.44.109.71,10.8.0.6,544,0.010238999995635822,regular http traffic
23.44.109.71,10.8.0.6,876,0.002306000009411946,regular http traffic
23.44.109.71,10.8.0.6,265,0.03718499999376945,regular http traffic
23.44.109.71,10.8.0.6,500,3.728600999995251,regular http traffic
23.44.109.71,10.8.0.6,407,0.022605999998631887,regular http traffic
23.44.109.71,10.8.0.6,147,4.234974999999395,regular http traffic
