src_ip,dest_ip,pkt_size,time_diff,original_class
23.43.18.225,10.8.0.6,345,1.4046809999999823,regular http traffic
23.43.18.225,10.8.0.6,107,0.33388900000136346,regular http traffic
23.43.18.225,10.8.0.6,1270,1.5472200000076555,regular http traffic
