src_ip,dest_ip,pkt_size,time_diff,original_class
23.59.225.224,172.16.133.48,1491,1.1943930000000016,regular http traffic
23.59.225.224,172.16.133.48,824,2.3124319999999976,regular http traffic
23.59.225.224,172.16.133.48,423,0.1973629999999993,regular http traffic
23.59.225.224,172.16.133.48,459,0.036467000000001804,regular http traffic
23.59.225.224,172.16.133.48,459,0.020869000000001137,regular http traffic
