src_ip,dest_ip,pkt_size,time_diff,original_class
23.56.186.51,10.8.0.6,337,0.01058299999931478,regular http traffic
23.56.186.51,10.8.0.6,526,3.500000002532033e-05,regular http traffic
23.56.186.51,10.8.0.6,847,0.00011499999982333975,regular http traffic
23.56.186.51,10.8.0.6,201,0.0002210000002378365,regular http traffic
23.56.186.51,10.8.0.6,752,0.31833199999982753,regular http traffic
23.56.186.51,10.8.0.6,760,0.5349630000000616,regular http traffic
23.56.186.51,10.8.0.6,1203,0.004648000000088359,regular http traffic
23.56.186.51,10.8.0.6,1290,0.26738800000021,regular http traffic
