src_ip,dest_ip,pkt_size,time_diff,original_class
23.56.184.29,10.8.0.6,751,87957.44669099999,regular http traffic
23.56.184.29,10.8.0.6,974,4649.155136000001,regular http traffic
23.56.184.29,10.8.0.6,765,6.330946000001859,regular http traffic
23.56.184.29,10.8.0.6,1362,0.014748000001418404,regular http traffic
23.56.184.29,10.8.0.6,1000,0.00501000000804197,regular http traffic
23.56.184.29,10.8.0.6,1160,0.0023859999928390607,regular http traffic
23.56.184.29,10.8.0.6,1005,0.00239500000316184,regular http traffic
