src_ip,dest_ip,pkt_size,time_diff,original_class
23.59.228.136,172.16.133.48,862,0.5091810000000017,regular http traffic
23.59.228.136,172.16.133.48,165,0.3928249999999984,regular http traffic
