src_ip,dest_ip,pkt_size,time_diff,original_class
23.67.242.10,172.16.133.132,1456,0.00349199999999783,regular http traffic
23.67.242.10,172.16.133.132,1401,0.002760000000002094,regular http traffic
23.67.242.10,172.16.133.132,942,0.0015900000000002024,regular http traffic
23.67.242.10,172.16.133.132,1471,0.0018320000000002779,regular http traffic
23.67.242.10,172.16.133.132,1077,0.019038999999999362,regular http traffic
23.67.242.10,172.16.133.132,1081,0.4404350000000008,regular http traffic
23.67.242.10,172.16.133.132,583,0.04139099999999729,regular http traffic
23.67.242.10,172.16.133.132,437,0.004993000000002468,regular http traffic
23.67.242.10,172.16.133.132,1063,0.44685499999999934,regular http traffic
