src_ip,dest_ip,pkt_size,time_diff,original_class
23.67.242.104,172.16.133.96,282,0.0035870000000386426,regular http traffic
23.67.242.104,172.16.133.96,282,0.0008999999999446118,regular http traffic
