src_ip,dest_ip,pkt_size,time_diff,original_class
23.60.159.231,172.16.133.54,1023,0.22181400000000906,regular http traffic
23.60.159.231,172.16.133.54,199,0.3366589999999974,regular http traffic
23.60.159.231,172.16.133.54,1450,1.0488160000000022,regular http traffic
23.60.159.231,172.16.133.54,1450,15.433371999999991,regular http traffic
23.60.159.231,172.16.133.54,1450,18.239396000000013,regular http traffic
23.60.159.231,172.16.133.54,1450,4.628377999999998,regular http traffic
23.60.159.231,172.16.133.54,334,0.1643709999999885,regular http traffic
