src_ip,dest_ip,pkt_size,time_diff,original_class
23.6.17.224,172.16.133.40,459,0.11845300000000236,regular http traffic
23.6.17.224,172.16.133.40,384,0.07530900000000429,regular http traffic
23.6.17.224,172.16.133.40,542,0.15319399999999916,regular http traffic
23.6.17.224,172.16.133.40,1491,1.268462999999997,regular http traffic
23.6.17.224,172.16.133.40,1514,116.234859,regular http traffic
23.6.17.224,172.16.133.40,459,0.18662499999999227,regular http traffic
23.6.17.224,172.16.133.40,534,0.1923060000000021,regular http traffic
