src_ip,dest_ip,pkt_size,time_diff,original_class
23.62.193.244,172.16.133.29,567,0.03614200000001233,regular http traffic
23.62.193.244,172.16.133.29,472,38.148990999999995,regular http traffic
23.62.193.244,172.16.133.29,1031,0.015135000000014998,regular http traffic
23.62.193.244,172.16.133.29,1436,13.045954999999992,regular http traffic
23.62.193.244,172.16.133.29,86,0.0020299999999906504,regular http traffic
23.62.193.244,172.16.133.29,494,2.9483510000000024,regular http traffic
23.62.193.244,172.16.133.29,946,13.324343999999996,regular http traffic
23.62.193.244,172.16.133.29,1050,0.023172000000016624,regular http traffic
23.62.193.244,172.16.133.29,751,17.34702299999998,regular http traffic
23.62.193.244,172.16.133.29,1130,0.005317000000019334,regular http traffic
23.62.193.244,172.16.133.29,875,34.370108000000016,regular http traffic
23.62.193.244,172.16.133.29,749,0.00038699999998925705,regular http traffic
