src_ip,dest_ip,pkt_size,time_diff,original_class
23.62.104.251,172.16.133.54,1488,0.16543000000000063,regular http traffic
23.62.104.251,172.16.133.54,1494,7.903874999999999,regular http traffic
