src_ip,dest_ip,pkt_size,time_diff,original_class
23.67.243.65,172.16.133.132,421,2.2369179999999744,regular http traffic
23.67.243.65,172.16.133.132,421,1.1213670000000207,regular http traffic
23.67.243.65,172.16.133.132,421,0.44163699999998585,regular http traffic
23.67.243.65,172.16.133.132,421,1.8255650000000117,regular http traffic
