src_ip,dest_ip,pkt_size,time_diff,original_class
23.67.242.17,172.16.133.132,118,0.00019499999999794682,regular http traffic
23.67.242.17,172.16.133.132,761,0.004311000000001286,regular http traffic
