src_ip,dest_ip,pkt_size,time_diff,original_class
23.62.164.136,172.16.133.40,862,0.4053159999999991,regular http traffic
23.62.164.136,172.16.133.40,152,0.059837000000001694,regular http traffic
23.62.164.136,172.16.133.40,1351,0.14628799999999842,regular http traffic
23.62.164.136,172.16.133.40,1110,0.0006979999999998654,regular http traffic
