src_ip,dest_ip,pkt_size,time_diff,original_class
35.243.86.41,10.8.0.6,783,0.0005190000001675799,regular http traffic
35.243.86.41,10.8.0.6,782,0.0014809999997851264,regular http traffic
35.243.86.41,10.8.0.6,881,1.0425820000000385,regular http traffic
35.243.86.41,10.8.0.6,882,0.004285999999865453,regular http traffic
35.243.86.41,10.8.0.6,883,0.0003169999999954598,regular http traffic
35.243.86.41,10.8.0.6,784,7.054960000000392,regular http traffic
