src_ip,dest_ip,pkt_size,time_diff,original_class
37.252.172.12,10.8.0.6,844,0.1255059999984951,regular http traffic
37.252.172.12,10.8.0.6,844,0.04290899999978137,regular http traffic
37.252.172.12,10.8.0.6,844,0.08068300000013551,regular http traffic
37.252.172.12,10.8.0.6,865,0.4011480000008305,regular http traffic
37.252.172.12,10.8.0.6,864,0.18939300000056392,regular http traffic
37.252.172.12,10.8.0.6,844,2.182495999999446,regular http traffic
37.252.172.12,10.8.0.6,844,0.018034000000625383,regular http traffic
37.252.172.12,10.8.0.6,843,0.052406999999220716,regular http traffic
37.252.172.12,10.8.0.6,844,0.18079899999975169,regular http traffic
37.252.172.12,10.8.0.6,844,0.7993470000001253,regular http traffic
37.252.172.12,10.8.0.6,865,0.06243300000096497,regular http traffic
37.252.172.12,10.8.0.6,863,0.0021559999986493494,regular http traffic
37.252.172.12,10.8.0.6,865,0.5256490000010672,regular http traffic
37.252.172.12,10.8.0.6,865,0.03805599999941478,regular http traffic
