src_ip,dest_ip,pkt_size,time_diff,original_class
4.28.73.137,172.16.133.40,768,1.415963000000005,regular http traffic
4.28.73.137,172.16.133.40,920,0.41028999999998916,regular http traffic
4.28.73.137,172.16.133.40,1021,0.15287600000000623,regular http traffic
4.28.73.137,172.16.133.40,1193,0.3317870000000056,regular http traffic
4.28.73.137,172.16.133.40,1305,0.30912999999999613,regular http traffic
