src_ip,dest_ip,pkt_size,time_diff,original_class
41.204.84.103,208.18.90.52,217,14.997772,regular http traffic
41.204.84.103,208.18.90.52,217,15.014546000000003,regular http traffic
41.204.84.103,208.18.90.52,217,14.995174999999996,regular http traffic
41.204.84.103,208.18.90.52,217,14.999519000000006,regular http traffic
41.204.84.103,208.18.90.52,217,14.995726999999988,regular http traffic
41.204.84.103,208.18.90.52,217,14.99812200000001,regular http traffic
41.204.84.103,208.18.90.52,217,14.997023999999996,regular http traffic
