src_ip,dest_ip,pkt_size,time_diff,original_class
41.204.84.102,66.201.189.60,219,11.103762000000188,regular http traffic
41.204.84.102,66.201.189.60,564,0.749945999999909,regular http traffic
41.204.84.102,66.201.189.60,564,68.25080000000003,regular http traffic
41.204.84.102,66.201.189.60,564,0.19207400000004782,regular http traffic
41.204.84.102,66.201.189.60,564,2.7960639999998875,regular http traffic
41.204.84.102,66.201.189.60,79,1.876224000000093,regular http traffic
41.204.84.102,66.201.189.60,79,0.9519169999998667,regular http traffic
41.204.84.102,66.201.189.60,83,2.5817420000000766,regular http traffic
