src_ip,dest_ip,pkt_size,time_diff,original_class
41.204.84.15,66.201.189.60,551,130.39289700000006,regular http traffic
41.204.84.15,66.201.189.60,858,0.5077380000000176,regular http traffic
41.204.84.15,66.201.189.60,858,7.037372000000005,regular http traffic
