src_ip,dest_ip,pkt_size,time_diff,original_class
41.204.84.90,217.22.112.14,729,120.105725,regular http traffic
41.204.84.90,217.22.112.14,763,219.16042400000003,regular http traffic
41.204.84.90,217.22.112.14,740,179.6152639999999,regular http traffic
41.204.84.90,217.22.112.14,749,510.002653,regular http traffic
41.204.84.90,217.22.112.14,749,624.8399979999999,regular http traffic
41.204.84.90,217.22.112.14,749,10.406480000000101,regular http traffic
41.204.84.90,217.22.112.14,749,12.900180999999975,regular http traffic
41.204.84.90,217.22.112.14,749,1.7758380000000216,regular http traffic
41.204.84.90,217.22.112.14,749,3.3454249999999774,regular http traffic
41.204.84.90,217.22.112.14,749,8.766714999999976,regular http traffic
41.204.84.90,217.22.112.14,749,5.262245000000121,regular http traffic
41.204.84.90,217.22.112.14,749,17.954406999999946,regular http traffic
41.204.84.90,217.22.112.14,749,3.5154990000000907,regular http traffic
41.204.84.90,217.22.112.14,749,14.12006099999985,regular http traffic
41.204.84.90,217.22.112.14,749,0.05196599999999307,regular http traffic
41.204.84.90,217.22.112.14,749,17.736402999999882,regular http traffic
41.204.84.90,217.22.112.14,749,6.432064999999966,regular http traffic
41.204.84.90,217.22.112.14,749,5.2632940000003146,regular http traffic
41.204.84.90,217.22.112.14,749,10.298451999999997,regular http traffic
41.204.84.90,217.22.112.14,749,3.890450999999757,regular http traffic
41.204.84.90,217.22.112.14,749,7.75988099999995,regular http traffic
41.204.84.90,217.22.112.14,749,0.024012000000311673,regular http traffic
41.204.84.90,217.22.112.14,749,9.860556000000088,regular http traffic
41.204.84.90,217.22.112.14,749,16.02570199999991,regular http traffic
41.204.84.90,217.22.112.14,749,8.878735999999662,regular http traffic
41.204.84.90,217.22.112.14,749,0.010991000000103668,regular http traffic
41.204.84.90,217.22.112.14,739,41.052130000000034,regular http traffic
41.204.84.90,217.22.112.14,757,67.59124999999995,regular http traffic
41.204.84.90,217.22.112.14,756,79.77452500000027,regular http traffic
41.204.84.90,217.22.112.14,742,311.53224599999976,regular http traffic
41.204.84.90,217.22.112.14,740,116.37426899999991,regular http traffic
41.204.84.90,217.22.112.14,120,760.516811,regular http traffic
41.204.84.90,217.22.112.14,733,29.2138130000003,regular http traffic
