src_ip,dest_ip,pkt_size,time_diff,original_class
41.204.84.253,157.99.66.52,615,75.39740900000001,regular http traffic
41.204.84.253,157.99.66.52,641,24.245424999999997,regular http traffic
41.204.84.253,157.99.66.52,646,13.748253999999989,regular http traffic
