src_ip,dest_ip,pkt_size,time_diff,original_class
41.204.84.70,157.99.66.52,740,0.010032000000002483,regular http traffic
41.204.84.70,157.99.66.52,1219,33.176863,regular http traffic
41.204.84.70,157.99.66.52,746,45.564386,regular http traffic
41.204.84.70,157.99.66.52,850,8.674431999999996,regular http traffic
41.204.84.70,157.99.66.52,747,313.726829,regular http traffic
41.204.84.70,157.99.66.52,770,20.054686000000004,regular http traffic
41.204.84.70,157.99.66.52,770,0.052056999999990694,regular http traffic
41.204.84.70,157.99.66.52,764,12.007544999999993,regular http traffic
