src_ip,dest_ip,pkt_size,time_diff,original_class
41.204.84.102,157.99.66.57,79,125.11127000000033,regular http traffic
41.204.84.102,157.99.66.57,83,0.19161699999949633,regular http traffic
41.204.84.102,157.99.66.57,79,0.03298400000039692,regular http traffic
41.204.84.102,157.99.66.57,83,0.11691199999950186,regular http traffic
41.204.84.102,157.99.66.57,79,0.3080870000003415,regular http traffic
41.204.84.102,157.99.66.57,1203,0.3232909999996991,regular http traffic
