src_ip,dest_ip,pkt_size,time_diff,original_class
41.204.84.89,157.99.66.54,729,0.17818400000001589,regular http traffic
41.204.84.89,157.99.66.54,729,2.985088999999988,regular http traffic
