src_ip,dest_ip,pkt_size,time_diff,original_class
41.204.84.253,157.99.66.58,595,123.84749699999975,regular http traffic
41.204.84.253,157.99.66.58,595,1.4802600000002712,regular http traffic
41.204.84.253,157.99.66.58,634,0.4832039999996596,regular http traffic
