src_ip,dest_ip,pkt_size,time_diff,original_class
41.204.84.253,157.99.66.54,638,0.05540300000006937,regular http traffic
41.204.84.253,157.99.66.54,638,3.0000629999999546,regular http traffic
41.204.84.253,157.99.66.54,693,0.16945299999997587,regular http traffic
41.204.84.253,157.99.66.54,1349,0.09118800000010197,regular http traffic
41.204.84.253,157.99.66.54,855,0.03618600000004335,regular http traffic
41.204.84.253,157.99.66.54,802,4.265184999999974,regular http traffic
