src_ip,dest_ip,pkt_size,time_diff,original_class
41.204.84.90,208.18.90.180,1064,53.310344999999984,regular http traffic
41.204.84.90,208.18.90.180,749,127.49560199999996,regular http traffic
41.204.84.90,208.18.90.180,1111,1.206907000000001,regular http traffic
41.204.84.90,208.18.90.180,1111,8.776702999999998,regular http traffic
41.204.84.90,208.18.90.180,749,37.522455000000036,regular http traffic
41.204.84.90,208.18.90.180,442,62.17904999999996,regular http traffic
41.204.84.90,208.18.90.180,442,4.722307000000001,regular http traffic
