src_ip,dest_ip,pkt_size,time_diff,original_class
41.204.84.91,208.18.90.43,718,0.3690520000000106,regular http traffic
41.204.84.91,208.18.90.43,718,2.9938099999999395,regular http traffic
