src_ip,dest_ip,pkt_size,time_diff,original_class
41.204.84.102,208.18.90.54,248,31.713865000000055,regular http traffic
41.204.84.102,208.18.90.54,248,11.60170699999992,regular http traffic
41.204.84.102,208.18.90.54,248,4.3816770000000815,regular http traffic
41.204.84.102,208.18.90.54,248,0.24781399999994846,regular http traffic
41.204.84.102,208.18.90.54,248,30.487976000000003,regular http traffic
