src_ip,dest_ip,pkt_size,time_diff,original_class
41.204.84.89,157.99.66.52,760,4.997025000000001,regular http traffic
41.204.84.89,157.99.66.52,739,0.013375999999993837,regular http traffic
41.204.84.89,157.99.66.52,757,125.66922499999998,regular http traffic
41.204.84.89,157.99.66.52,773,0.09932400000002417,regular http traffic
41.204.84.89,157.99.66.52,773,0.12128500000000031,regular http traffic
41.204.84.89,157.99.66.52,739,116.073174,regular http traffic
41.204.84.89,157.99.66.52,740,91.85389099999998,regular http traffic
41.204.84.89,157.99.66.52,739,131.21183900000005,regular http traffic
41.204.84.89,157.99.66.52,752,23.902591999999913,regular http traffic
41.204.84.89,157.99.66.52,790,117.6169910000001,regular http traffic
41.204.84.89,157.99.66.52,809,104.60137999999995,regular http traffic
41.204.84.89,157.99.66.52,748,24.49758799999995,regular http traffic
41.204.84.89,157.99.66.52,975,91.13656200000003,regular http traffic
41.204.84.89,157.99.66.52,756,15.972346000000016,regular http traffic
