src_ip,dest_ip,pkt_size,time_diff,original_class
41.204.84.91,208.18.90.76,730,0.4129869999999869,regular http traffic
41.204.84.91,208.18.90.76,203,2.4787210000000073,regular http traffic
41.204.84.91,208.18.90.76,214,0.18684600000000273,regular http traffic
41.204.84.91,208.18.90.76,730,0.3220349999999996,regular http traffic
41.204.84.91,208.18.90.76,214,0.0018970000000138043,regular http traffic
41.204.84.91,208.18.90.76,208,7.749049999999983,regular http traffic
