src_ip,dest_ip,pkt_size,time_diff,original_class
41.204.84.90,66.201.189.60,749,96.121758,regular http traffic
41.204.84.90,66.201.189.60,526,1.4350980000001528,regular http traffic
41.204.84.90,66.201.189.60,526,0.90095099999985,regular http traffic
