src_ip,dest_ip,pkt_size,time_diff,original_class
41.204.84.15,157.99.66.52,233,31.155632000000004,regular http traffic
41.204.84.15,157.99.66.52,532,14.652426999999996,regular http traffic
