src_ip,dest_ip,pkt_size,time_diff,original_class
41.204.84.102,208.18.90.180,79,50.196854999999914,regular http traffic
41.204.84.102,208.18.90.180,79,124.61510199999998,regular http traffic
41.204.84.102,208.18.90.180,79,0.00012000000015177648,regular http traffic
41.204.84.102,208.18.90.180,1203,0.6453070000000025,regular http traffic
41.204.84.102,208.18.90.180,83,1.9972129999998742,regular http traffic
41.204.84.102,208.18.90.180,83,44.84048000000007,regular http traffic
41.204.84.102,208.18.90.180,79,0.5619039999999131,regular http traffic
41.204.84.102,208.18.90.180,79,5.055358999999953,regular http traffic
41.204.84.102,208.18.90.180,1203,0.5914119999999912,regular http traffic
