src_ip,dest_ip,pkt_size,time_diff,original_class
41.204.84.70,208.18.90.43,636,0.15881999999987784,regular http traffic
41.204.84.70,208.18.90.43,829,8.24641900000006,regular http traffic
41.204.84.70,208.18.90.43,636,0.15113399999995636,regular http traffic
41.204.84.70,208.18.90.43,530,0.010980000000017753,regular http traffic
41.204.84.70,208.18.90.43,539,5.436621000000059,regular http traffic
41.204.84.70,208.18.90.43,1294,1.3152820000000247,regular http traffic
41.204.84.70,208.18.90.43,636,0.14184999999997672,regular http traffic
