src_ip,dest_ip,pkt_size,time_diff,original_class
41.204.84.102,157.99.66.54,1184,13.73783800000001,regular http traffic
41.204.84.102,157.99.66.54,126,0.1997510000001057,regular http traffic
41.204.84.102,157.99.66.54,1309,0.015369999999848005,regular http traffic
41.204.84.102,157.99.66.54,965,0.00010000000020227162,regular http traffic
41.204.84.102,157.99.66.54,1201,0.013176999999814143,regular http traffic
41.204.84.102,157.99.66.54,491,0.0446750000000975,regular http traffic
41.204.84.102,157.99.66.54,200,0.0010480000000825385,regular http traffic
41.204.84.102,157.99.66.54,1242,0.025850999999875057,regular http traffic
41.204.84.102,157.99.66.54,881,0.0013500000000021828,regular http traffic
41.204.84.102,157.99.66.54,1222,9.700000009615906e-05,regular http traffic
41.204.84.102,157.99.66.54,140,0.05545499999993808,regular http traffic
41.204.84.102,157.99.66.54,83,0.027951999999913824,regular http traffic
41.204.84.102,157.99.66.54,83,3.0968390000000454,regular http traffic
41.204.84.102,157.99.66.54,1001,32.81313300000011,regular http traffic
41.204.84.102,157.99.66.54,1209,0.2155169999998634,regular http traffic
41.204.84.102,157.99.66.54,929,0.21891500000015185,regular http traffic
41.204.84.102,157.99.66.54,1071,0.015222999999878084,regular http traffic
41.204.84.102,157.99.66.54,640,11.184590999999955,regular http traffic
41.204.84.102,157.99.66.54,75,7.006305000000111,regular http traffic
41.204.84.102,157.99.66.54,75,0.002246000000013737,regular http traffic
41.204.84.102,157.99.66.54,75,0.0021979999999075517,regular http traffic
