src_ip,dest_ip,pkt_size,time_diff,original_class
41.204.84.253,66.201.189.60,595,59.71034900000018,regular http traffic
41.204.84.253,66.201.189.60,595,2.129937999999811,regular http traffic
41.204.84.253,66.201.189.60,634,0.6697670000000926,regular http traffic
