src_ip,dest_ip,pkt_size,time_diff,original_class
41.204.84.90,194.9.8.22,809,1.4183510000000297,regular http traffic
41.204.84.90,194.9.8.22,757,6.655121999999892,regular http traffic
