src_ip,dest_ip,pkt_size,time_diff,original_class
41.204.84.253,208.18.90.54,564,8.572842000000037,regular http traffic
41.204.84.253,208.18.90.54,564,1.0208509999999933,regular http traffic
41.204.84.253,208.18.90.54,564,5.042671000000041,regular http traffic
41.204.84.253,208.18.90.54,564,0.18102299999998195,regular http traffic
41.204.84.253,208.18.90.54,564,7.052371999999991,regular http traffic
41.204.84.253,208.18.90.54,564,0.0003490000000283544,regular http traffic
41.204.84.253,208.18.90.54,564,5.139993000000004,regular http traffic
