src_ip,dest_ip,pkt_size,time_diff,original_class
41.204.84.91,208.18.90.54,390,0.0068400000000110595,regular http traffic
41.204.84.91,208.18.90.54,299,0.0030999999999892225,regular http traffic
41.204.84.91,208.18.90.54,65,5.01109000000001,regular http traffic
41.204.84.91,208.18.90.54,65,0.011080999999990127,regular http traffic
41.204.84.91,208.18.90.54,221,0.008839000000008923,regular http traffic
41.204.84.91,208.18.90.54,65,0.001142999999999006,regular http traffic
41.204.84.91,208.18.90.54,65,0.0009989999999930887,regular http traffic
41.204.84.91,208.18.90.54,64,0.017670000000009622,regular http traffic
41.204.84.91,208.18.90.54,64,0.03618999999999062,regular http traffic
41.204.84.91,208.18.90.54,64,5.027966000000006,regular http traffic
41.204.84.91,208.18.90.54,64,0.0059909999999945285,regular http traffic
41.204.84.91,208.18.90.54,64,0.01996800000000576,regular http traffic
41.204.84.91,208.18.90.54,64,0.01701900000000478,regular http traffic
41.204.84.91,208.18.90.54,356,0.01701899999999057,regular http traffic
41.204.84.91,208.18.90.54,472,130.66867200000002,regular http traffic
41.204.84.91,208.18.90.54,409,0.0026900000000011914,regular http traffic
41.204.84.91,208.18.90.54,188,0.3184179999999799,regular http traffic
41.204.84.91,208.18.90.54,329,0.001949999999993679,regular http traffic
41.204.84.91,208.18.90.54,351,0.0028900000000078307,regular http traffic
41.204.84.91,208.18.90.54,738,0.8068980000000181,regular http traffic
41.204.84.91,208.18.90.54,318,0.06508999999999787,regular http traffic
41.204.84.91,208.18.90.54,328,1.1075859999999977,regular http traffic
41.204.84.91,208.18.90.54,737,0.39039499999998384,regular http traffic
