src_ip,dest_ip,pkt_size,time_diff,original_class
45.33.117.187,10.10.6.233,69,0.1263680000001841,regular http traffic
45.33.117.187,10.10.6.233,69,0.11666499999955704,regular http traffic
45.33.117.187,10.10.6.233,69,0.1509540000006382,regular http traffic
45.33.117.187,10.10.6.233,69,0.1319020000000819,regular http traffic
