src_ip,dest_ip,pkt_size,time_diff,original_class
45.33.6.53,10.10.6.233,69,0.1869539999997869,regular http traffic
45.33.6.53,10.10.6.233,69,0.21867199999996956,regular http traffic
45.33.6.53,10.10.6.233,69,0.17079800000010437,regular http traffic
45.33.6.53,10.10.6.233,69,0.1264209999999366,regular http traffic
45.33.6.53,10.10.6.233,69,0.14450200000010227,regular http traffic
45.33.6.53,10.10.6.233,69,0.2538329999997586,regular http traffic
45.33.6.53,10.10.6.233,69,0.186399999999594,regular http traffic
