src_ip,dest_ip,pkt_size,time_diff,original_class
45.33.71.24,10.10.6.233,70,2.0000000404252205e-05,regular http traffic
45.33.71.24,10.10.6.233,69,3.237076999999772,regular http traffic
45.33.71.24,10.10.6.233,69,0.23068500000044878,regular http traffic
45.33.71.24,10.10.6.233,69,0.0835109999998167,regular http traffic
45.33.71.24,10.10.6.233,69,0.07886799999960203,regular http traffic
45.33.71.24,10.10.6.233,69,0.07856799999990471,regular http traffic
45.33.71.24,10.10.6.233,69,0.11820900000020629,regular http traffic
