src_ip,dest_ip,pkt_size,time_diff,original_class
45.33.100.214,10.10.6.233,69,0.16159299999981158,regular http traffic
45.33.100.214,10.10.6.233,69,0.17085099999985687,regular http traffic
45.33.100.214,10.10.6.233,69,0.14327899999989313,regular http traffic
45.33.100.214,10.10.6.233,69,0.11973099999977421,regular http traffic
45.33.100.214,10.10.6.233,69,0.13171599999986938,regular http traffic
45.33.100.214,10.10.6.233,69,0.15025900000000547,regular http traffic
