src_ip,dest_ip,pkt_size,time_diff,original_class
45.32.144.163,10.10.6.233,69,0.15084409713745117,regular http traffic
45.32.144.163,10.10.6.233,69,0.0867319107055664,regular http traffic
45.32.144.163,10.10.6.233,69,0.03735017776489258,regular http traffic
45.32.144.163,10.10.6.233,69,0.0334630012512207,regular http traffic
45.32.144.163,10.10.6.233,69,0.04021286964416504,regular http traffic
45.32.144.163,10.10.6.233,69,0.045675039291381836,regular http traffic
45.32.144.163,10.10.6.233,69,0.03263592720031738,regular http traffic
45.32.144.163,10.10.6.233,69,0.0410001277923584,regular http traffic
45.32.144.163,10.10.6.233,69,0.04251694679260254,regular http traffic
45.32.144.163,10.10.6.233,69,0.04529309272766113,regular http traffic
45.32.144.163,10.10.6.233,69,0.0496518611907959,regular http traffic
45.32.144.163,10.10.6.233,69,0.04040813446044922,regular http traffic
45.32.144.163,10.10.6.233,69,0.035710811614990234,regular http traffic
45.32.144.163,10.10.6.233,69,0.04389810562133789,regular http traffic
45.32.144.163,10.10.6.233,69,0.04039597511291504,regular http traffic
