src_ip,dest_ip,pkt_size,time_diff,original_class
45.33.71.24,10.10.6.233,69,0.10786000000007334,regular http traffic
45.33.71.24,10.10.6.233,69,0.09169300000030489,regular http traffic
45.33.71.24,10.10.6.233,69,0.10531499999979133,regular http traffic
45.33.71.24,10.10.6.233,69,0.12040999999953783,regular http traffic
45.33.71.24,10.10.6.233,69,0.08380699999997887,regular http traffic
45.33.71.24,10.10.6.233,69,0.11489800000072137,regular http traffic
