src_ip,dest_ip,pkt_size,time_diff,original_class
45.32.151.46,10.10.6.233,69,2.196907000000465,regular http traffic
45.32.151.46,10.10.6.233,69,1.1533949999993638,regular http traffic
