src_ip,dest_ip,pkt_size,time_diff,original_class
45.33.99.126,10.10.6.233,69,0.12126899999930174,regular http traffic
45.33.99.126,10.10.6.233,69,0.13021800000024086,regular http traffic
45.33.99.126,10.10.6.233,69,0.11602099999981874,regular http traffic
45.33.99.126,10.10.6.233,69,0.11566900000070746,regular http traffic
45.33.99.126,10.10.6.233,69,0.11750099999972008,regular http traffic
45.33.99.126,10.10.6.233,69,0.18898999999964872,regular http traffic
45.33.99.126,10.10.6.233,69,1.4285450000006676,regular http traffic
45.33.99.126,10.10.6.233,69,0.38781399999970745,regular http traffic
