src_ip,dest_ip,pkt_size,time_diff,original_class
45.56.118.108,10.10.6.233,69,0.12487200000032317,regular http traffic
45.56.118.108,10.10.6.233,69,0.1138039999996181,regular http traffic
45.56.118.108,10.10.6.233,69,0.1518000000005486,regular http traffic
45.56.118.108,10.10.6.233,69,0.16000899999926332,regular http traffic
45.56.118.108,10.10.6.233,69,0.4648620000007213,regular http traffic
45.56.118.108,10.10.6.233,69,1.2568699999992532,regular http traffic
