src_ip,dest_ip,pkt_size,time_diff,original_class
45.63.30.16,10.10.6.233,70,0.0003240000005462207,regular http traffic
45.63.30.16,10.10.6.233,69,0.8673239999998259,regular http traffic
