src_ip,dest_ip,pkt_size,time_diff,original_class
45.79.193.68,10.10.6.233,69,0.1148080825805664,regular http traffic
45.79.193.68,10.10.6.233,69,0.11908197402954102,regular http traffic
45.79.193.68,10.10.6.233,69,0.13027501106262207,regular http traffic
45.79.193.68,10.10.6.233,69,0.12633109092712402,regular http traffic
45.79.193.68,10.10.6.233,69,0.14117097854614258,regular http traffic
45.79.193.68,10.10.6.233,69,0.12104082107543945,regular http traffic
