src_ip,dest_ip,pkt_size,time_diff,original_class
45.79.138.43,10.10.6.233,69,0.11996300000464544,regular http traffic
45.79.138.43,10.10.6.233,69,0.12286699999822304,regular http traffic
45.79.138.43,10.10.6.233,69,0.11999599999398924,regular http traffic
45.79.138.43,10.10.6.233,69,0.15893700000015087,regular http traffic
45.79.138.43,10.10.6.233,69,0.11947099999815691,regular http traffic
45.79.138.43,10.10.6.233,69,0.120561000003363,regular http traffic
45.79.138.43,10.10.6.233,69,0.09004199999617413,regular http traffic
