src_ip,dest_ip,pkt_size,time_diff,original_class
45.79.219.214,10.10.6.233,70,1.7999999727180693e-05,regular http traffic
45.79.219.214,10.10.6.233,69,0.15993500000058702,regular http traffic
45.79.219.214,10.10.6.233,69,0.13028200000007928,regular http traffic
45.79.219.214,10.10.6.233,69,0.142479999999523,regular http traffic
45.79.219.214,10.10.6.233,69,0.10851999999977124,regular http traffic
45.79.219.214,10.10.6.233,69,0.12090200000056939,regular http traffic
