src_ip,dest_ip,pkt_size,time_diff,original_class
45.79.3.143,10.10.6.233,70,1.3999999282532372e-05,regular http traffic
45.79.3.143,10.10.6.233,69,0.19440000000031432,regular http traffic
45.79.3.143,10.10.6.233,69,0.13440900000023248,regular http traffic
45.79.3.143,10.10.6.233,69,0.15402199999971344,regular http traffic
45.79.3.143,10.10.6.233,69,0.12366500000007363,regular http traffic
45.79.3.143,10.10.6.233,69,0.13463800000045012,regular http traffic
