src_ip,dest_ip,pkt_size,time_diff,original_class
45.79.144.76,10.10.6.233,69,0.11123899999984133,regular http traffic
45.79.144.76,10.10.6.233,69,0.08294000000023516,regular http traffic
45.79.144.76,10.10.6.233,69,0.08853300000009767,regular http traffic
45.79.144.76,10.10.6.233,69,0.1107320000000982,regular http traffic
