src_ip,dest_ip,pkt_size,time_diff,original_class
45.76.64.95,10.10.6.233,69,0.18537402153015137,regular http traffic
45.76.64.95,10.10.6.233,69,0.17858409881591797,regular http traffic
