src_ip,dest_ip,pkt_size,time_diff,original_class
45.79.202.75,10.10.6.233,69,3.23852799999986,regular http traffic
45.79.202.75,10.10.6.233,69,0.22128200000042852,regular http traffic
45.79.202.75,10.10.6.233,69,0.09322799999972631,regular http traffic
45.79.202.75,10.10.6.233,69,0.09347499999967113,regular http traffic
45.79.202.75,10.10.6.233,69,0.09392000000025291,regular http traffic
