src_ip,dest_ip,pkt_size,time_diff,original_class
45.79.74.40,10.10.6.233,87,6.000000212225132e-06,regular http traffic
45.79.74.40,10.10.6.233,70,1.900000006571645e-05,regular http traffic
45.79.74.40,10.10.6.233,69,4.5870850000001155,regular http traffic
