src_ip,dest_ip,pkt_size,time_diff,original_class
47.89.0.199,10.8.0.6,309,252.18990300000007,regular http traffic
47.89.0.199,10.8.0.6,309,0.5272979999999734,regular http traffic
47.89.0.199,10.8.0.6,309,72.63244999999984,regular http traffic
47.89.0.199,10.8.0.6,309,482.2510400000001,regular http traffic
47.89.0.199,10.8.0.6,309,1.0458109999999579,regular http traffic
47.89.0.199,10.8.0.6,309,137.81130899999994,regular http traffic
47.89.0.199,10.8.0.6,309,0.4792360000001281,regular http traffic
47.89.0.199,10.8.0.6,402,1781.6952019999999,regular http traffic
47.89.0.199,10.8.0.6,309,133.53455900000017,regular http traffic
47.89.0.199,10.8.0.6,402,1772.6489379999998,regular http traffic
47.89.0.199,10.8.0.6,309,7.636077000000114,regular http traffic
47.89.0.199,10.8.0.6,309,201.66950499999984,regular http traffic
47.89.0.199,10.8.0.6,309,0.3272880000004079,regular http traffic
47.89.0.199,10.8.0.6,309,578.2214139999996,regular http traffic
47.89.0.199,10.8.0.6,309,66.68155500000012,regular http traffic
47.89.0.199,10.8.0.6,309,0.14188699999976961,regular http traffic
47.89.0.199,10.8.0.6,309,363.95020600000043,regular http traffic
47.89.0.199,10.8.0.6,402,1348.9770090000002,regular http traffic
47.89.0.199,10.8.0.6,309,99.87157899999966,regular http traffic
47.89.0.199,10.8.0.6,309,1457.8141050000004,regular http traffic
