src_ip,dest_ip,pkt_size,time_diff,original_class
50.17.207.24,172.16.133.96,249,0.18616099999999847,regular http traffic
50.17.207.24,172.16.133.96,249,1.9085019999999986,regular http traffic
50.17.207.24,172.16.133.96,249,0.27102299999998536,regular http traffic
50.17.207.24,172.16.133.96,249,1.3347700000000202,regular http traffic
