src_ip,dest_ip,pkt_size,time_diff,original_class
52.1.138.91,131.202.240.101,350,0.07573294639587402,regular http traffic
52.1.138.91,131.202.240.101,356,2.4080276489257812e-05,regular http traffic
