src_ip,dest_ip,pkt_size,time_diff,original_class
52.85.255.81,10.8.0.6,57,2.3702240000000074,regular http traffic
52.85.255.81,10.8.0.6,63,0.2351330000001326,regular http traffic
52.85.255.81,10.8.0.6,1136,0.5492759999999635,regular http traffic
52.85.255.81,10.8.0.6,57,0.29146799999989526,regular http traffic
