src_ip,dest_ip,pkt_size,time_diff,original_class
54.172.88.236,131.202.240.101,1216,37.26037406921387,regular http traffic
54.172.88.236,131.202.240.101,1216,37.06937599182129,regular http traffic
54.172.88.236,131.202.240.101,1216,41.69886589050293,regular http traffic
54.172.88.236,131.202.240.101,1216,41.90168213844299,regular http traffic
54.172.88.236,131.202.240.101,1216,40.09580087661743,regular http traffic
54.172.88.236,131.202.240.101,1216,20.16695499420166,regular http traffic
54.172.88.236,131.202.240.101,1216,21.10295009613037,regular http traffic
54.172.88.236,131.202.240.101,1216,22.100852012634277,regular http traffic
54.172.88.236,131.202.240.101,1216,20.866618871688843,regular http traffic
54.172.88.236,131.202.240.101,1216,21.394957065582275,regular http traffic
54.172.88.236,131.202.240.101,1216,44.62909507751465,regular http traffic
54.172.88.236,131.202.240.101,1216,21.440571784973145,regular http traffic
54.172.88.236,131.202.240.101,1216,22.23961615562439,regular http traffic
54.172.88.236,131.202.240.101,1428,0.058125972747802734,regular http traffic
54.172.88.236,131.202.240.101,1216,24.43499207496643,regular http traffic
54.172.88.236,131.202.240.101,1216,21.73591184616089,regular http traffic
54.172.88.236,131.202.240.101,1216,22.194350957870483,regular http traffic
54.172.88.236,131.202.240.101,1216,24.803657054901123,regular http traffic
54.172.88.236,131.202.240.101,90,0.06520700454711914,regular http traffic
54.172.88.236,131.202.240.101,1216,25.973026037216187,regular http traffic
