src_ip,dest_ip,pkt_size,time_diff,original_class
54.192.55.130,131.202.240.101,534,0.003435850143432617,regular http traffic
54.192.55.130,131.202.240.101,534,0.28221702575683594,regular http traffic
54.192.55.130,131.202.240.101,534,0.00033402442932128906,regular http traffic
54.192.55.130,131.202.240.101,534,0.0010950565338134766,regular http traffic
54.192.55.130,131.202.240.101,534,0.004477024078369141,regular http traffic
54.192.55.130,131.202.240.101,534,0.4374880790710449,regular http traffic
