src_ip,dest_ip,pkt_size,time_diff,original_class
54.175.98.100,131.202.240.101,677,0.0005509853363037109,regular http traffic
54.175.98.100,131.202.240.101,677,0.4180138111114502,regular http traffic
54.175.98.100,131.202.240.101,677,4.023888111114502,regular http traffic
54.175.98.100,131.202.240.101,677,3.7338600158691406,regular http traffic
54.175.98.100,131.202.240.101,677,3.730449914932251,regular http traffic
54.175.98.100,131.202.240.101,677,14.059689998626709,regular http traffic
54.175.98.100,131.202.240.101,677,0.00033211708068847656,regular http traffic
54.175.98.100,131.202.240.101,677,0.4910109043121338,regular http traffic
54.175.98.100,131.202.240.101,677,7.452355146408081,regular http traffic
54.175.98.100,131.202.240.101,677,7.465090990066528,regular http traffic
54.175.98.100,131.202.240.101,677,7.475682973861694,regular http traffic
