src_ip,dest_ip,pkt_size,time_diff,original_class
54.208.229.126,131.202.240.150,302,5.495175123214722,regular http traffic
54.208.229.126,131.202.240.150,302,5.5023579597473145,regular http traffic
