src_ip,dest_ip,pkt_size,time_diff,original_class
54.230.14.31,10.8.0.6,168,0.008128999999996722,regular http traffic
54.230.14.31,10.8.0.6,343,1.2063140000000203,regular http traffic
54.230.14.31,10.8.0.6,836,0.007168999999976222,regular http traffic
54.230.14.31,10.8.0.6,94,0.0019730000000208747,regular http traffic
54.230.14.31,10.8.0.6,444,0.003187999999965996,regular http traffic
54.230.14.31,10.8.0.6,545,0.00011200000000144428,regular http traffic
54.230.14.31,10.8.0.6,924,0.03909400000003416,regular http traffic
54.230.14.31,10.8.0.6,608,0.06592699999998786,regular http traffic
54.230.14.31,10.8.0.6,572,0.10387500000001637,regular http traffic
