src_ip,dest_ip,pkt_size,time_diff,original_class
54.230.14.19,10.8.0.6,710,0.00041199999998298154,regular http traffic
54.230.14.19,10.8.0.6,172,0.0036479999999983193,regular http traffic
54.230.14.19,10.8.0.6,659,0.0664380000000051,regular http traffic
54.230.14.19,10.8.0.6,921,0.12580000000002656,regular http traffic
54.230.14.19,10.8.0.6,1398,0.0011460000000056425,regular http traffic
54.230.14.19,10.8.0.6,604,0.21451399999995147,regular http traffic
