src_ip,dest_ip,pkt_size,time_diff,original_class
54.240.160.238,172.16.133.54,855,0.08307199999998716,regular http traffic
54.240.160.238,172.16.133.54,855,0.00031800000002135675,regular http traffic
54.240.160.238,172.16.133.54,654,0.034001999999986765,regular http traffic
54.240.160.238,172.16.133.54,759,0.17395799999999895,regular http traffic
54.240.160.238,172.16.133.54,724,0.06451599999999758,regular http traffic
54.240.160.238,172.16.133.54,1510,0.9422500000000014,regular http traffic
54.240.160.238,172.16.133.54,458,4.148552999999993,regular http traffic
54.240.160.238,172.16.133.54,458,0.0007720000000119853,regular http traffic
