src_ip,dest_ip,pkt_size,time_diff,original_class
54.221.232.119,131.202.240.101,652,18.538163900375366,regular http traffic
54.221.232.119,131.202.240.101,652,18.73765206336975,regular http traffic
54.221.232.119,131.202.240.101,652,18.625468015670776,regular http traffic
54.221.232.119,131.202.240.101,652,18.432508945465088,regular http traffic
54.221.232.119,131.202.240.101,652,18.81273603439331,regular http traffic
54.221.232.119,131.202.240.101,614,1.6041860580444336,regular http traffic
54.221.232.119,131.202.240.101,652,21.38465905189514,regular http traffic
54.221.232.119,131.202.240.101,652,19.074681997299194,regular http traffic
54.221.232.119,131.202.240.101,614,1.3435769081115723,regular http traffic
54.221.232.119,131.202.240.101,652,21.382012128829956,regular http traffic
54.221.232.119,131.202.240.101,268,3.041062831878662,regular http traffic
54.221.232.119,131.202.240.101,652,37.06125211715698,regular http traffic
54.221.232.119,131.202.240.101,652,20.168379068374634,regular http traffic
54.221.232.119,131.202.240.101,652,21.137979984283447,regular http traffic
54.221.232.119,131.202.240.101,652,22.128541946411133,regular http traffic
54.221.232.119,131.202.240.101,652,20.79655694961548,regular http traffic
54.221.232.119,131.202.240.101,652,21.40461802482605,regular http traffic
54.221.232.119,131.202.240.101,652,21.028454065322876,regular http traffic
54.221.232.119,131.202.240.101,652,23.600334882736206,regular http traffic
54.221.232.119,131.202.240.101,652,21.43467903137207,regular http traffic
54.221.232.119,131.202.240.101,652,46.80401802062988,regular http traffic
54.221.232.119,131.202.240.101,652,21.662206888198853,regular http traffic
54.221.232.119,131.202.240.101,652,22.204066038131714,regular http traffic
54.221.232.119,131.202.240.101,652,27.578477144241333,regular http traffic
54.221.232.119,131.202.240.101,652,26.004151821136475,regular http traffic
