src_ip,dest_ip,pkt_size,time_diff,original_class
54.230.52.30,131.202.240.101,545,0.0008971691131591797,regular http traffic
54.230.52.30,131.202.240.101,545,7.973494052886963,regular http traffic
54.230.52.30,131.202.240.101,545,7.499912977218628,regular http traffic
54.230.52.30,131.202.240.101,545,7.497867822647095,regular http traffic
54.230.52.30,131.202.240.101,545,8.566009998321533,regular http traffic
