src_ip,dest_ip,pkt_size,time_diff,original_class
54.230.14.63,10.8.0.6,765,0.00031100000001060835,regular http traffic
54.230.14.63,10.8.0.6,896,0.00045800000003737296,regular http traffic
54.230.14.63,10.8.0.6,1291,0.1310579999999959,regular http traffic
54.230.14.63,10.8.0.6,522,0.009005000000001928,regular http traffic
54.230.14.63,10.8.0.6,1070,0.0010519999999587526,regular http traffic
54.230.14.63,10.8.0.6,1188,0.001098000000013144,regular http traffic
54.230.14.63,10.8.0.6,252,0.0967939999999885,regular http traffic
54.230.14.63,10.8.0.6,345,0.02985700000004954,regular http traffic
54.230.14.63,10.8.0.6,912,0.008884999999963838,regular http traffic
54.230.14.63,10.8.0.6,1029,0.05095000000000027,regular http traffic
54.230.14.63,10.8.0.6,714,0.0009289999999850806,regular http traffic
54.230.14.63,10.8.0.6,402,0.024170000000026448,regular http traffic
54.230.14.63,10.8.0.6,809,0.0257389999999873,regular http traffic
54.230.14.63,10.8.0.6,1048,0.019746999999995296,regular http traffic
54.230.14.63,10.8.0.6,216,0.01645700000000261,regular http traffic
54.230.14.63,10.8.0.6,471,0.1301220000000285,regular http traffic
54.230.14.63,10.8.0.6,1388,0.06993399999998928,regular http traffic
54.230.14.63,10.8.0.6,556,0.006021999999973104,regular http traffic
54.230.14.63,10.8.0.6,212,0.3245909999999981,regular http traffic
54.230.14.63,10.8.0.6,412,0.024210000000039145,regular http traffic
54.230.14.63,10.8.0.6,73,0.001783999999986463,regular http traffic
