src_ip,dest_ip,pkt_size,time_diff,original_class
54.243.145.248,172.16.133.54,277,0.357758000000004,regular http traffic
54.243.145.248,172.16.133.54,428,0.6393720000000087,regular http traffic
54.243.145.248,172.16.133.54,609,0.0007629999999920756,regular http traffic
54.243.145.248,172.16.133.54,434,0.23713800000000163,regular http traffic
54.243.145.248,172.16.133.54,609,0.0034040000000032933,regular http traffic
54.243.145.248,172.16.133.54,516,0.7033879999999897,regular http traffic
54.243.145.248,172.16.133.54,972,0.0027920000000136724,regular http traffic
