src_ip,dest_ip,pkt_size,time_diff,original_class
54.235.184.94,172.16.133.54,519,0.0002020000000015898,regular http traffic
54.235.184.94,172.16.133.54,397,58.145176000000006,regular http traffic
