src_ip,dest_ip,pkt_size,time_diff,original_class
54.83.183.122,10.8.0.6,292,0.2974480000002586,regular http traffic
54.83.183.122,10.8.0.6,292,5.781936999999743,regular http traffic
54.83.183.122,10.8.0.6,292,0.14683400000012625,regular http traffic
