src_ip,dest_ip,pkt_size,time_diff,original_class
61.147.122.129,10.8.0.6,900,9.999999747378752e-06,regular http traffic
61.147.122.129,10.8.0.6,593,1.9794400000000678,regular http traffic
