src_ip,dest_ip,pkt_size,time_diff,original_class
63.116.244.144,172.16.133.132,642,0.016293000000004554,regular http traffic
63.116.244.144,172.16.133.132,394,0.014437999999998397,regular http traffic
63.116.244.144,172.16.133.132,538,0.0016919999999984725,regular http traffic
