src_ip,dest_ip,pkt_size,time_diff,original_class
63.146.126.10,172.16.133.54,73,0.7970639999999918,regular http traffic
63.146.126.10,172.16.133.54,295,20.724861000000004,regular http traffic
63.146.126.10,172.16.133.54,1406,8.734680999999995,regular http traffic
63.146.126.10,172.16.133.54,91,1.9239780000000053,regular http traffic
63.146.126.10,172.16.133.54,266,2.0604390000000024,regular http traffic
