src_ip,dest_ip,pkt_size,time_diff,original_class
64.17.236.31,172.16.133.153,240,59.267926,regular http traffic
64.17.236.31,172.16.133.153,1364,0.9644119999999958,regular http traffic
64.17.236.31,172.16.133.153,1514,56.709974999999986,regular http traffic
64.17.236.31,172.16.133.153,1514,0.0006610000000080163,regular http traffic
64.17.236.31,172.16.133.153,1514,0.04627800000000093,regular http traffic
64.17.236.31,172.16.133.153,1514,0.00281200000000581,regular http traffic
64.17.236.31,172.16.133.153,1514,0.04283399999999915,regular http traffic
64.17.236.31,172.16.133.153,1514,0.001370000000008531,regular http traffic
64.17.236.31,172.16.133.153,1514,0.10153699999997912,regular http traffic
64.17.236.31,172.16.133.153,1514,0.007067000000006374,regular http traffic
64.17.236.31,172.16.133.153,1514,0.004813000000012835,regular http traffic
64.17.236.31,172.16.133.153,1514,0.07279099999999517,regular http traffic
64.17.236.31,172.16.133.153,1514,0.004440999999985706,regular http traffic
64.17.236.31,172.16.133.153,1514,0.0009710000000211494,regular http traffic
64.17.236.31,172.16.133.153,1514,0.031543999999996686,regular http traffic
64.17.236.31,172.16.133.153,1514,0.000252999999986514,regular http traffic
64.17.236.31,172.16.133.153,1514,0.023693000000008624,regular http traffic
64.17.236.31,172.16.133.153,1514,0.0003240000000062082,regular http traffic
64.17.236.31,172.16.133.153,1514,0.020072999999996455,regular http traffic
64.17.236.31,172.16.133.153,1364,1.462773999999996,regular http traffic
64.17.236.31,172.16.133.153,1514,67.577339,regular http traffic
64.17.236.31,172.16.133.153,1514,0.0012020000000063646,regular http traffic
64.17.236.31,172.16.133.153,1514,0.05405400000000782,regular http traffic
64.17.236.31,172.16.133.153,1514,0.000556999999986374,regular http traffic
64.17.236.31,172.16.133.153,1514,0.00012300000000209366,regular http traffic
64.17.236.31,172.16.133.153,240,51.504151999999976,regular http traffic
64.17.236.31,172.16.133.153,1364,0.4423330000000192,regular http traffic
