src_ip,dest_ip,pkt_size,time_diff,original_class
64.210.135.70,10.8.0.6,887,0.019416999999975815,regular http traffic
64.210.135.70,10.8.0.6,142,0.3045479999998406,regular http traffic
64.210.135.70,10.8.0.6,1028,0.027588000000150714,regular http traffic
64.210.135.70,10.8.0.6,1064,0.01350800000000163,regular http traffic
64.210.135.70,10.8.0.6,1027,0.011770000000069558,regular http traffic
64.210.135.70,10.8.0.6,787,0.01135999999996784,regular http traffic
64.210.135.70,10.8.0.6,418,0.6803569999999581,regular http traffic
