src_ip,dest_ip,pkt_size,time_diff,original_class
64.215.255.95,172.16.133.163,819,0.017501999999979034,regular http traffic
64.215.255.95,172.16.133.163,831,0.003901000000013255,regular http traffic
64.215.255.95,172.16.133.163,817,0.011054000000001452,regular http traffic
64.215.255.95,172.16.133.163,435,0.00014300000000844193,regular http traffic
64.215.255.95,172.16.133.163,809,0.005302999999997837,regular http traffic
64.215.255.95,172.16.133.163,889,0.01524899999998297,regular http traffic
64.215.255.95,172.16.133.163,266,1.9483550000000207,regular http traffic
