src_ip,dest_ip,pkt_size,time_diff,original_class
64.215.255.57,172.16.133.54,266,1.996715000000009,regular http traffic
64.215.255.57,172.16.133.54,201,14.485064999999992,regular http traffic
64.215.255.57,172.16.133.54,201,22.046379000000016,regular http traffic
64.215.255.57,172.16.133.54,201,7.814798999999994,regular http traffic
64.215.255.57,172.16.133.54,201,1.125932000000006,regular http traffic
