src_ip,dest_ip,pkt_size,time_diff,original_class
64.215.255.17,172.16.133.40,396,0.07404999999999973,regular http traffic
64.215.255.17,172.16.133.40,435,0.037864999999996485,regular http traffic
64.215.255.17,172.16.133.40,266,1.8262500000000017,regular http traffic
64.215.255.17,172.16.133.40,266,0.0051940000000030295,regular http traffic
