src_ip,dest_ip,pkt_size,time_diff,original_class
64.94.107.11,172.16.133.29,341,14.843573000000006,regular http traffic
64.94.107.11,172.16.133.29,341,40.546856000000005,regular http traffic
64.94.107.11,172.16.133.29,341,15.390942999999993,regular http traffic
64.94.107.11,172.16.133.29,341,5.87442999999999,regular http traffic
64.94.107.11,172.16.133.29,341,16.87405000000001,regular http traffic
64.94.107.11,172.16.133.29,341,8.398494999999997,regular http traffic
64.94.107.11,172.16.133.29,341,7.774248,regular http traffic
