src_ip,dest_ip,pkt_size,time_diff,original_class
64.94.107.54,172.16.133.63,341,7.79965100000004,regular http traffic
64.94.107.54,172.16.133.63,341,28.863513999999952,regular http traffic
