src_ip,dest_ip,pkt_size,time_diff,original_class
65.55.239.163,192.168.3.131,465,26.075111,regular http traffic
65.55.239.163,192.168.3.131,465,26.346349999999997,regular http traffic
65.55.239.163,192.168.3.131,465,11.253124999999997,regular http traffic
65.55.239.163,192.168.3.131,465,67.421486,regular http traffic
65.55.239.163,192.168.3.131,465,12.828226999999998,regular http traffic
65.55.239.163,192.168.3.131,465,21.475942000000003,regular http traffic
65.55.239.163,192.168.3.131,465,26.310730000000007,regular http traffic
