src_ip,dest_ip,pkt_size,time_diff,original_class
65.54.95.216,192.168.3.131,1040,26.011623999999998,regular http traffic
65.54.95.216,192.168.3.131,647,11.163652999999996,regular http traffic
