src_ip,dest_ip,pkt_size,time_diff,original_class
66.150.114.32,131.202.240.101,290,0.25563883781433105,regular http traffic
66.150.114.32,131.202.240.101,321,0.2957010269165039,regular http traffic
66.150.114.32,131.202.240.101,545,41.010478019714355,regular http traffic
66.150.114.32,131.202.240.101,290,0.1997699737548828,regular http traffic
66.150.114.32,131.202.240.101,321,0.2834639549255371,regular http traffic
