src_ip,dest_ip,pkt_size,time_diff,original_class
66.201.189.54,202.11.82.70,92,5.003752999999961,regular http traffic
66.201.189.54,202.11.82.70,92,5.006656000000021,regular http traffic
66.201.189.54,202.11.82.70,123,10.013509999999997,regular http traffic
66.201.189.54,202.11.82.70,219,7.783742000000075,regular http traffic
66.201.189.54,202.11.82.70,229,0.9317029999999704,regular http traffic
66.201.189.54,202.11.82.70,219,0.5140739999999369,regular http traffic
