src_ip,dest_ip,pkt_size,time_diff,original_class
66.201.189.60,110.209.6.25,463,0.006887000000006083,regular http traffic
66.201.189.60,110.209.6.25,436,0.06573500000013155,regular http traffic
66.201.189.60,110.209.6.25,466,2.9984629999999015,regular http traffic
66.201.189.60,110.209.6.25,576,63.46346800000015,regular http traffic
66.201.189.60,110.209.6.25,550,29.120335999999952,regular http traffic
66.201.189.60,110.209.6.25,550,29.937195999999858,regular http traffic
66.201.189.60,110.209.6.25,576,3.4333510000001297,regular http traffic
66.201.189.60,110.209.6.25,576,1.1069029999998747,regular http traffic
66.201.189.60,110.209.6.25,576,5.097762999999986,regular http traffic
66.201.189.60,110.209.6.25,473,13.276055000000042,regular http traffic
66.201.189.60,110.209.6.25,472,8.818610000000035,regular http traffic
66.201.189.60,110.209.6.25,585,444.530068,regular http traffic
66.201.189.60,110.209.6.25,585,1.1864639999998872,regular http traffic
66.201.189.60,110.209.6.25,550,9.386609000000135,regular http traffic
66.201.189.60,110.209.6.25,463,75.59652099999994,regular http traffic
66.201.189.60,110.209.6.25,576,1.0960680000000593,regular http traffic
