src_ip,dest_ip,pkt_size,time_diff,original_class
66.201.189.69,202.11.82.90,88,0.44956100000035804,regular http traffic
66.201.189.69,202.11.82.90,88,36.99420599999985,regular http traffic
