src_ip,dest_ip,pkt_size,time_diff,original_class
66.201.189.14,202.11.82.70,88,327.3772429999999,regular http traffic
66.201.189.14,202.11.82.70,108,10.887852000000294,regular http traffic
66.201.189.14,202.11.82.70,108,1.0092789999998786,regular http traffic
66.201.189.14,202.11.82.70,108,1.0165170000000217,regular http traffic
66.201.189.14,202.11.82.70,385,1.009328000000096,regular http traffic
66.201.189.14,202.11.82.70,385,4.563517000000047,regular http traffic
66.201.189.14,202.11.82.70,214,10.34452999999985,regular http traffic
66.201.189.14,202.11.82.70,385,1.1411159999997835,regular http traffic
66.201.189.14,202.11.82.70,214,4.160467000000153,regular http traffic
66.201.189.14,202.11.82.70,356,5.780365000000074,regular http traffic
