src_ip,dest_ip,pkt_size,time_diff,original_class
66.201.189.14,130.68.81.15,88,0.0007989999999722386,regular http traffic
66.201.189.14,130.68.81.15,92,0.0029450000000110776,regular http traffic
66.201.189.14,130.68.81.15,92,4.998745999999983,regular http traffic
66.201.189.14,130.68.81.15,88,25.926810000000046,regular http traffic
66.201.189.14,130.68.81.15,88,0.0030939999999759493,regular http traffic
66.201.189.14,130.68.81.15,123,21.595196999999985,regular http traffic
66.201.189.14,130.68.81.15,88,68.17078100000003,regular http traffic
66.201.189.14,130.68.81.15,88,0.4994689999999764,regular http traffic
