src_ip,dest_ip,pkt_size,time_diff,original_class
66.201.189.60,41.204.84.89,229,108.42220600000007,regular http traffic
66.201.189.60,41.204.84.89,219,0.6206290000000081,regular http traffic
66.201.189.60,41.204.84.89,219,0.7241209999999683,regular http traffic
