src_ip,dest_ip,pkt_size,time_diff,original_class
66.201.189.54,202.11.82.102,522,8.258395000000064,regular http traffic
66.201.189.54,202.11.82.102,646,0.014368999999987864,regular http traffic
66.201.189.54,202.11.82.102,522,5.364281000000005,regular http traffic
66.201.189.54,202.11.82.102,646,0.014979999999923166,regular http traffic
66.201.189.54,202.11.82.102,437,22.748917000000006,regular http traffic
66.201.189.54,202.11.82.102,88,521.589511,regular http traffic
66.201.189.54,202.11.82.102,220,27.806618999999955,regular http traffic
66.201.189.54,202.11.82.102,230,0.4168799999999919,regular http traffic
66.201.189.54,202.11.82.102,220,0.5154720000000452,regular http traffic
