src_ip,dest_ip,pkt_size,time_diff,original_class
66.201.189.14,202.11.82.252,88,5.006208999999899,regular http traffic
66.201.189.14,202.11.82.252,92,0.002146000000038839,regular http traffic
66.201.189.14,202.11.82.252,220,27.500766999999996,regular http traffic
66.201.189.14,202.11.82.252,230,0.0006449999999631473,regular http traffic
66.201.189.14,202.11.82.252,231,0.0879130000000714,regular http traffic
66.201.189.14,202.11.82.252,220,0.05012899999996989,regular http traffic
66.201.189.14,202.11.82.252,220,0.2795889999999872,regular http traffic
