src_ip,dest_ip,pkt_size,time_diff,original_class
66.201.189.14,69.178.85.103,1438,120.4945660000003,regular http traffic
66.201.189.14,69.178.85.103,1438,241.935074,regular http traffic
