src_ip,dest_ip,pkt_size,time_diff,original_class
66.201.189.54,130.68.81.102,220,27.80821600000013,regular http traffic
66.201.189.54,130.68.81.102,220,0.00015199999984361057,regular http traffic
66.201.189.54,130.68.81.102,230,1.4459240000001046,regular http traffic
66.201.189.54,130.68.81.102,232,4.897751999999855,regular http traffic
