src_ip,dest_ip,pkt_size,time_diff,original_class
66.201.189.60,150.204.83.89,220,94.08764700000006,regular http traffic
66.201.189.60,150.204.83.89,220,0.8525949999999511,regular http traffic
66.201.189.60,150.204.83.89,230,0.6796980000000303,regular http traffic
