src_ip,dest_ip,pkt_size,time_diff,original_class
66.201.189.32,150.204.83.91,461,43.286124999999856,regular http traffic
66.201.189.32,150.204.83.91,476,0.40313900000001013,regular http traffic
66.201.189.32,150.204.83.91,504,0.09802700000000186,regular http traffic
66.201.189.32,150.204.83.91,521,0.021212999999988824,regular http traffic
66.201.189.32,150.204.83.91,529,2.407607000000098,regular http traffic
66.201.189.32,150.204.83.91,528,0.007188000000041939,regular http traffic
66.201.189.32,150.204.83.91,550,0.00014899999996487168,regular http traffic
66.201.189.32,150.204.83.91,541,0.07476899999983289,regular http traffic
66.201.189.32,150.204.83.91,549,0.015572000000247499,regular http traffic
66.201.189.32,150.204.83.91,551,0.0012980000001334702,regular http traffic
66.201.189.32,150.204.83.91,697,9.659897,regular http traffic
66.201.189.32,150.204.83.91,680,4.328921999999693,regular http traffic
66.201.189.32,150.204.83.91,679,4.750679000000218,regular http traffic
66.201.189.32,150.204.83.91,684,1607.2677399999998,regular http traffic
66.201.189.32,150.204.83.91,684,184.6599040000001,regular http traffic
66.201.189.32,150.204.83.91,675,1.6786409999999705,regular http traffic
66.201.189.32,150.204.83.91,684,20.36456700000008,regular http traffic
66.201.189.32,150.204.83.91,459,412.03587000000016,regular http traffic
