src_ip,dest_ip,pkt_size,time_diff,original_class
66.201.189.14,69.178.85.253,88,5.020168000000012,regular http traffic
66.201.189.14,69.178.85.253,92,0.001297000000022308,regular http traffic
66.201.189.14,69.178.85.253,220,121.06953299999986,regular http traffic
66.201.189.14,69.178.85.253,230,0.00014200000009623182,regular http traffic
66.201.189.14,69.178.85.253,220,0.24211799999989125,regular http traffic
66.201.189.14,69.178.85.253,231,0.6197970000000623,regular http traffic
66.201.189.14,69.178.85.253,220,0.06504599999993843,regular http traffic
