src_ip,dest_ip,pkt_size,time_diff,original_class
66.201.189.69,202.11.82.102,105,5.096860000000106,regular http traffic
66.201.189.69,202.11.82.102,109,5.111038000000008,regular http traffic
66.201.189.69,202.11.82.102,99,5.065214000000196,regular http traffic
66.201.189.69,202.11.82.102,116,11.072855999999774,regular http traffic
66.201.189.69,202.11.82.102,120,5.120578000000023,regular http traffic
66.201.189.69,202.11.82.102,120,5.084126000000197,regular http traffic
