src_ip,dest_ip,pkt_size,time_diff,original_class
66.201.189.14,202.11.82.251,88,5.0063069999999925,regular http traffic
66.201.189.14,202.11.82.251,92,0.0018969999999853826,regular http traffic
66.201.189.14,202.11.82.251,230,27.50107300000002,regular http traffic
66.201.189.14,202.11.82.251,220,0.00014199999998254498,regular http traffic
66.201.189.14,202.11.82.251,220,0.1384810000000698,regular http traffic
66.201.189.14,202.11.82.251,231,0.1618349999999964,regular http traffic
66.201.189.14,202.11.82.251,220,0.11771399999997811,regular http traffic
