src_ip,dest_ip,pkt_size,time_diff,original_class
66.201.189.69,69.178.85.15,88,0.00014999999984866008,regular http traffic
66.201.189.69,69.178.85.15,88,0.003893999999945663,regular http traffic
66.201.189.69,69.178.85.15,92,0.0005490000003192108,regular http traffic
66.201.189.69,69.178.85.15,92,5.004907999999887,regular http traffic
66.201.189.69,69.178.85.15,92,0.0002509999999347201,regular http traffic
66.201.189.69,69.178.85.15,76,13.1773290000001,regular http traffic
66.201.189.69,69.178.85.15,80,5.0455440000000635,regular http traffic
66.201.189.69,69.178.85.15,123,32.44337499999983,regular http traffic
66.201.189.69,69.178.85.15,111,10.338389000000006,regular http traffic
