src_ip,dest_ip,pkt_size,time_diff,original_class
66.201.189.54,202.11.82.90,92,5.003811999999925,regular http traffic
66.201.189.54,202.11.82.90,92,5.006662000000006,regular http traffic
66.201.189.54,202.11.82.90,123,10.013752000000068,regular http traffic
66.201.189.54,202.11.82.90,219,7.782196000000113,regular http traffic
66.201.189.54,202.11.82.90,219,0.4173799999998664,regular http traffic
66.201.189.54,202.11.82.90,229,0.00029799999992974335,regular http traffic
