src_ip,dest_ip,pkt_size,time_diff,original_class
66.201.189.54,202.11.82.252,230,27.806121000000076,regular http traffic
66.201.189.54,202.11.82.252,220,0.4173789999999826,regular http traffic
66.201.189.54,202.11.82.252,220,0.00015099999995982216,regular http traffic
