src_ip,dest_ip,pkt_size,time_diff,original_class
66.201.189.14,130.68.81.253,88,5.003018999999995,regular http traffic
66.201.189.14,130.68.81.253,92,0.0011390000000233158,regular http traffic
66.201.189.14,130.68.81.253,220,4.577548999999976,regular http traffic
66.201.189.14,130.68.81.253,230,9.000000034120603e-06,regular http traffic
66.201.189.14,130.68.81.253,220,0.10976699999997663,regular http traffic
66.201.189.14,130.68.81.253,231,0.1501660000000129,regular http traffic
66.201.189.14,130.68.81.253,220,0.06456200000002354,regular http traffic
