src_ip,dest_ip,pkt_size,time_diff,original_class
66.201.189.60,41.204.84.15,88,5.05761300000006,regular http traffic
66.201.189.60,41.204.84.15,88,0.027751999999964028,regular http traffic
66.201.189.60,41.204.84.15,92,4.973568999999998,regular http traffic
66.201.189.60,41.204.84.15,92,0.027549000000021806,regular http traffic
66.201.189.60,41.204.84.15,88,0.9734320000000025,regular http traffic
66.201.189.60,41.204.84.15,88,9.799999997994746e-05,regular http traffic
66.201.189.60,41.204.84.15,88,0.011829000000034284,regular http traffic
66.201.189.60,41.204.84.15,88,9.999999997489795e-05,regular http traffic
66.201.189.60,41.204.84.15,88,0.03988000000003922,regular http traffic
66.201.189.60,41.204.84.15,92,4.950557000000003,regular http traffic
66.201.189.60,41.204.84.15,92,0.00014999999996234692,regular http traffic
66.201.189.60,41.204.84.15,92,0.01058100000000195,regular http traffic
66.201.189.60,41.204.84.15,92,0.00015099999995982216,regular http traffic
66.201.189.60,41.204.84.15,92,0.03903000000002521,regular http traffic
66.201.189.60,41.204.84.15,229,114.28288999999995,regular http traffic
66.201.189.60,41.204.84.15,219,0.5207219999999779,regular http traffic
66.201.189.60,41.204.84.15,219,7.064025000000129,regular http traffic
