src_ip,dest_ip,pkt_size,time_diff,original_class
66.201.189.60,41.204.84.103,88,7.360451000000012,regular http traffic
66.201.189.60,41.204.84.103,92,0.001997999999957756,regular http traffic
66.201.189.60,41.204.84.103,123,0.017888000000084503,regular http traffic
66.201.189.60,41.204.84.103,88,2.0846469999999044,regular http traffic
66.201.189.60,41.204.84.103,88,5.142869000000019,regular http traffic
66.201.189.60,41.204.84.103,92,4.861615000000029,regular http traffic
66.201.189.60,41.204.84.103,88,0.11090300000000752,regular http traffic
66.201.189.60,41.204.84.103,92,0.027951999999913824,regular http traffic
66.201.189.60,41.204.84.103,92,4.972618000000011,regular http traffic
66.201.189.60,41.204.84.103,220,47.20009600000003,regular http traffic
66.201.189.60,41.204.84.103,220,0.6469589999999243,regular http traffic
66.201.189.60,41.204.84.103,230,1.9794030000000475,regular http traffic
