src_ip,dest_ip,pkt_size,time_diff,original_class
66.201.189.14,69.178.85.15,88,0.0007989999999153952,regular http traffic
66.201.189.14,69.178.85.15,88,5.999999984851456e-06,regular http traffic
66.201.189.14,69.178.85.15,92,0.0028890000000956206,regular http traffic
66.201.189.14,69.178.85.15,92,4.998370999999906,regular http traffic
66.201.189.14,69.178.85.15,92,7.999999979801942e-06,regular http traffic
66.201.189.14,69.178.85.15,123,47.527423,regular http traffic
66.201.189.14,69.178.85.15,88,68.62664400000017,regular http traffic
66.201.189.14,69.178.85.15,88,0.7535510000000158,regular http traffic
