src_ip,dest_ip,pkt_size,time_diff,original_class
66.201.189.60,150.204.83.14,92,5.0046630000000505,regular http traffic
66.201.189.60,150.204.83.14,88,0.965693999999985,regular http traffic
66.201.189.60,150.204.83.14,92,5.002516000000014,regular http traffic
