src_ip,dest_ip,pkt_size,time_diff,original_class
66.201.189.60,150.204.83.15,88,11.0034619999999,regular http traffic
66.201.189.60,150.204.83.15,88,0.004393000000050051,regular http traffic
66.201.189.60,150.204.83.15,88,0.022859000000039487,regular http traffic
66.201.189.60,150.204.83.15,88,0.050913999999920634,regular http traffic
66.201.189.60,150.204.83.15,88,0.03773100000000795,regular http traffic
66.201.189.60,150.204.83.15,88,0.13790500000004613,regular http traffic
66.201.189.60,150.204.83.15,88,3.777333999999996,regular http traffic
66.201.189.60,150.204.83.15,92,0.9705820000000358,regular http traffic
66.201.189.60,150.204.83.15,92,0.0032929999999851134,regular http traffic
66.201.189.60,150.204.83.15,92,0.023507999999992535,regular http traffic
66.201.189.60,150.204.83.15,92,0.049914999999941756,regular http traffic
66.201.189.60,150.204.83.15,92,0.03768000000002303,regular http traffic
66.201.189.60,150.204.83.15,92,0.137958000000026,regular http traffic
66.201.189.60,150.204.83.15,88,0.746481000000017,regular http traffic
66.201.189.60,150.204.83.15,92,3.03115200000002,regular http traffic
66.201.189.60,150.204.83.15,92,1.9714139999999816,regular http traffic
66.201.189.60,150.204.83.15,88,20.61479499999996,regular http traffic
66.201.189.60,150.204.83.15,92,5.000868999999966,regular http traffic
66.201.189.60,150.204.83.15,220,96.57530300000008,regular http traffic
66.201.189.60,150.204.83.15,230,0.3193390000000136,regular http traffic
66.201.189.60,150.204.83.15,220,5.327688999999964,regular http traffic
