src_ip,dest_ip,pkt_size,time_diff,original_class
66.201.189.54,150.204.83.70,220,12.220608000000084,regular http traffic
66.201.189.54,150.204.83.70,220,0.5232089999999516,regular http traffic
66.201.189.54,150.204.83.70,230,0.840349999999944,regular http traffic
