src_ip,dest_ip,pkt_size,time_diff,original_class
66.201.189.58,110.209.6.25,448,10.326904000000013,regular http traffic
66.201.189.58,110.209.6.25,426,0.0005929999999807478,regular http traffic
66.201.189.58,110.209.6.25,458,0.12133600000004208,regular http traffic
66.201.189.58,110.209.6.25,480,0.019765999999947326,regular http traffic
66.201.189.58,110.209.6.25,424,0.5060630000000401,regular http traffic
66.201.189.58,110.209.6.25,454,2.9982109999999693,regular http traffic
66.201.189.58,110.209.6.25,795,251.815017,regular http traffic
66.201.189.58,110.209.6.25,443,93.90497200000004,regular http traffic
66.201.189.58,110.209.6.25,535,10.014651999999955,regular http traffic
66.201.189.58,110.209.6.25,514,0.0019009999999752836,regular http traffic
66.201.189.58,110.209.6.25,544,0.060193000000026586,regular http traffic
66.201.189.58,110.209.6.25,567,0.011932000000001608,regular http traffic
66.201.189.58,110.209.6.25,838,124.24041299999999,regular http traffic
66.201.189.58,110.209.6.25,451,75.49112400000001,regular http traffic
