src_ip,dest_ip,pkt_size,time_diff,original_class
66.201.189.70,69.178.85.253,437,0.1864500000000362,regular http traffic
66.201.189.70,69.178.85.253,467,2.995141999999987,regular http traffic
66.201.189.70,69.178.85.253,548,2309.322737,regular http traffic
66.201.189.70,69.178.85.253,495,1.2426540000001296,regular http traffic
66.201.189.70,69.178.85.253,467,1.8404920000002676,regular http traffic
66.201.189.70,69.178.85.253,538,2.867142999999942,regular http traffic
66.201.189.70,69.178.85.253,463,5.502060999999685,regular http traffic
66.201.189.70,69.178.85.253,518,10.70749700000033,regular http traffic
