src_ip,dest_ip,pkt_size,time_diff,original_class
66.201.189.14,110.209.6.25,579,10.123509999999897,regular http traffic
66.201.189.14,110.209.6.25,558,0.004492999999911262,regular http traffic
66.201.189.14,110.209.6.25,588,0.15238200000021607,regular http traffic
66.201.189.14,110.209.6.25,611,0.0474659999999858,regular http traffic
66.201.189.14,110.209.6.25,849,16.294336999999814,regular http traffic
66.201.189.14,110.209.6.25,484,27.658662000000277,regular http traffic
66.201.189.14,110.209.6.25,579,10.02892699999984,regular http traffic
66.201.189.14,110.209.6.25,558,0.0016970000001492735,regular http traffic
66.201.189.14,110.209.6.25,588,0.1637630000000172,regular http traffic
66.201.189.14,110.209.6.25,611,0.049710999999661,regular http traffic
