src_ip,dest_ip,pkt_size,time_diff,original_class
66.201.189.60,150.204.83.91,88,5.447678999999994,regular http traffic
66.201.189.60,150.204.83.91,88,0.03423800000007304,regular http traffic
66.201.189.60,150.204.83.91,88,0.2496609999999464,regular http traffic
66.201.189.60,150.204.83.91,88,4.8753410000000486,regular http traffic
66.201.189.60,150.204.83.91,92,0.006194999999934225,regular http traffic
66.201.189.60,150.204.83.91,92,0.1309120000000803,regular http traffic
66.201.189.60,150.204.83.91,88,0.2600909999999885,regular http traffic
66.201.189.60,150.204.83.91,92,0.004191999999989093,regular http traffic
66.201.189.60,150.204.83.91,123,4.772422000000006,regular http traffic
66.201.189.60,150.204.83.91,220,76.88357799999994,regular http traffic
66.201.189.60,150.204.83.91,230,0.0009479999999939537,regular http traffic
66.201.189.60,150.204.83.91,230,0.2348860000000741,regular http traffic
66.201.189.60,150.204.83.91,220,3.710995999999909,regular http traffic
66.201.189.60,150.204.83.91,220,1.4974050000000716,regular http traffic
66.201.189.60,150.204.83.91,220,0.05086099999994076,regular http traffic
66.201.189.60,150.204.83.91,220,2.579695000000015,regular http traffic
66.201.189.60,150.204.83.91,220,1.2234389999999848,regular http traffic
66.201.189.60,150.204.83.91,230,0.05065999999999349,regular http traffic
