src_ip,dest_ip,pkt_size,time_diff,original_class
66.201.189.60,202.11.82.15,88,5.067599999999999,regular http traffic
66.201.189.60,202.11.82.15,88,4.932490000000001,regular http traffic
66.201.189.60,202.11.82.15,92,0.06788099999999986,regular http traffic
66.201.189.60,202.11.82.15,88,0.9328519999999969,regular http traffic
66.201.189.60,202.11.82.15,88,0.00015000000001919034,regular http traffic
66.201.189.60,202.11.82.15,88,0.002894999999995207,regular http traffic
66.201.189.60,202.11.82.15,88,0.011628999999999223,regular http traffic
66.201.189.60,202.11.82.15,88,0.013176999999984673,regular http traffic
66.201.189.60,202.11.82.15,88,0.023109000000005153,regular http traffic
66.201.189.60,202.11.82.15,92,3.951073000000008,regular http traffic
66.201.189.60,202.11.82.15,92,1.0005329999999901,regular http traffic
66.201.189.60,202.11.82.15,92,0.0011010000000055697,regular http traffic
66.201.189.60,202.11.82.15,92,0.00014999999999076863,regular http traffic
66.201.189.60,202.11.82.15,92,0.010728000000000293,regular http traffic
66.201.189.60,202.11.82.15,92,0.01392500000000041,regular http traffic
66.201.189.60,202.11.82.15,92,0.024057999999996582,regular http traffic
66.201.189.60,202.11.82.15,88,54.72276200000002,regular http traffic
66.201.189.60,202.11.82.15,92,5.0023669999999925,regular http traffic
66.201.189.60,202.11.82.15,88,2.4963419999999985,regular http traffic
66.201.189.60,202.11.82.15,92,5.004661999999996,regular http traffic
66.201.189.60,202.11.82.15,88,0.019813999999996668,regular http traffic
66.201.189.60,202.11.82.15,92,5.000620000000026,regular http traffic
66.201.189.60,202.11.82.15,219,91.66487599999996,regular http traffic
66.201.189.60,202.11.82.15,229,1.9726160000000164,regular http traffic
66.201.189.60,202.11.82.15,219,1.9608870000000138,regular http traffic
