src_ip,dest_ip,pkt_size,time_diff,original_class
66.201.189.14,130.68.81.91,92,0.002445999999963533,regular http traffic
66.201.189.14,130.68.81.91,88,3699.720175,regular http traffic
66.201.189.14,130.68.81.91,385,14.838958999999704,regular http traffic
