src_ip,dest_ip,pkt_size,time_diff,original_class
66.220.149.32,192.168.3.131,177,0.7374220000000022,regular http traffic
66.220.149.32,192.168.3.131,364,24.990056,regular http traffic
66.220.149.32,192.168.3.131,612,0.3105369999999965,regular http traffic
66.220.149.32,192.168.3.131,366,10.83473,regular http traffic
66.220.149.32,192.168.3.131,610,1.3046760000000006,regular http traffic
66.220.149.32,192.168.3.131,365,66.276541,regular http traffic
66.220.149.32,192.168.3.131,612,0.2874429999999961,regular http traffic
66.220.149.32,192.168.3.131,366,12.48330900000002,regular http traffic
66.220.149.32,192.168.3.131,611,0.3870189999999809,regular http traffic
