src_ip,dest_ip,pkt_size,time_diff,original_class
66.201.189.69,202.11.82.70,88,0.4444719999996778,regular http traffic
66.201.189.69,202.11.82.70,88,36.986471000000165,regular http traffic
