src_ip,dest_ip,pkt_size,time_diff,original_class
66.201.189.69,202.11.82.253,88,6.083658000000014,regular http traffic
66.201.189.69,202.11.82.253,88,36.98192500000005,regular http traffic
