src_ip,dest_ip,pkt_size,time_diff,original_class
66.201.189.60,69.178.85.15,88,10.971125999999913,regular http traffic
66.201.189.60,69.178.85.15,88,0.14394500000003063,regular http traffic
66.201.189.60,69.178.85.15,88,0.10032400000000052,regular http traffic
66.201.189.60,69.178.85.15,88,0.04596799999990253,regular http traffic
66.201.189.60,69.178.85.15,92,4.711729000000105,regular http traffic
66.201.189.60,69.178.85.15,92,0.14194900000006783,regular http traffic
66.201.189.60,69.178.85.15,92,0.10371699999996054,regular http traffic
66.201.189.60,69.178.85.15,92,0.04272399999990739,regular http traffic
66.201.189.60,69.178.85.15,88,0.6102230000001327,regular http traffic
66.201.189.60,69.178.85.15,92,5.002116999999998,regular http traffic
66.201.189.60,69.178.85.15,88,26.474396999999954,regular http traffic
66.201.189.60,69.178.85.15,88,0.0004500000000007276,regular http traffic
66.201.189.60,69.178.85.15,88,9.899999986373587e-05,regular http traffic
66.201.189.60,69.178.85.15,88,0.0007480000001578446,regular http traffic
66.201.189.60,69.178.85.15,88,0.020164999999906286,regular http traffic
66.201.189.60,69.178.85.15,92,4.983001000000058,regular http traffic
66.201.189.60,69.178.85.15,92,0.001396999999997206,regular http traffic
66.201.189.60,69.178.85.15,92,0.00010299999985363684,regular http traffic
66.201.189.60,69.178.85.15,92,0.00017500000012660166,regular http traffic
66.201.189.60,69.178.85.15,92,0.015893000000005486,regular http traffic
66.201.189.60,69.178.85.15,88,1.1197720000000118,regular http traffic
66.201.189.60,69.178.85.15,92,5.001667999999881,regular http traffic
66.201.189.60,69.178.85.15,219,101.67650500000013,regular http traffic
66.201.189.60,69.178.85.15,229,0.7255569999999807,regular http traffic
66.201.189.60,69.178.85.15,219,8.195525999999973,regular http traffic
