src_ip,dest_ip,pkt_size,time_diff,original_class
66.201.189.60,130.68.81.89,229,100.82848599999852,regular http traffic
66.201.189.60,130.68.81.89,219,2.820919000005233,regular http traffic
66.201.189.60,130.68.81.89,219,0.6205039999913424,regular http traffic
