src_ip,dest_ip,pkt_size,time_diff,original_class
66.235.133.62,192.168.3.131,792,0.14413500000000212,regular http traffic
66.235.133.62,192.168.3.131,793,25.173286,regular http traffic
66.235.133.62,192.168.3.131,793,11.155368000000003,regular http traffic
66.235.133.62,192.168.3.131,792,67.51459700000001,regular http traffic
66.235.133.62,192.168.3.131,792,12.834656999999993,regular http traffic
