src_ip,dest_ip,pkt_size,time_diff,original_class
66.201.189.14,69.178.85.70,88,5.017216999999846,regular http traffic
66.201.189.14,69.178.85.70,92,0.002752000000100452,regular http traffic
66.201.189.14,69.178.85.70,219,121.10137400000008,regular http traffic
66.201.189.14,69.178.85.70,230,0.1599029999999857,regular http traffic
66.201.189.14,69.178.85.70,229,0.08239800000001196,regular http traffic
66.201.189.14,69.178.85.70,219,0.5114459999999781,regular http traffic
66.201.189.14,69.178.85.70,219,0.24069699999995464,regular http traffic
