src_ip,dest_ip,pkt_size,time_diff,original_class
66.201.189.60,202.11.82.102,88,6.246766000000008,regular http traffic
66.201.189.60,202.11.82.102,92,0.002544999999997799,regular http traffic
66.201.189.60,202.11.82.102,123,0.01881700000001274,regular http traffic
66.201.189.60,202.11.82.102,88,11.056074999999993,regular http traffic
66.201.189.60,202.11.82.102,88,0.8891800000000103,regular http traffic
66.201.189.60,202.11.82.102,88,3.8050799999999754,regular http traffic
66.201.189.60,202.11.82.102,92,0.30665900000002466,regular http traffic
66.201.189.60,202.11.82.102,92,0.8908270000000016,regular http traffic
66.201.189.60,202.11.82.102,220,64.325008,regular http traffic
66.201.189.60,202.11.82.102,220,0.007535000000018499,regular http traffic
66.201.189.60,202.11.82.102,230,3.641175999999973,regular http traffic
66.201.189.60,202.11.82.102,230,0.8268830000000094,regular http traffic
66.201.189.60,202.11.82.102,220,0.5157899999999813,regular http traffic
66.201.189.60,202.11.82.102,220,0.6144150000000081,regular http traffic
66.201.189.60,202.11.82.102,232,0.415616,regular http traffic
