src_ip,dest_ip,pkt_size,time_diff,original_class
66.201.189.60,130.68.81.14,92,5.005560999998124,regular http traffic
66.201.189.60,130.68.81.14,88,0.9667929999995977,regular http traffic
66.201.189.60,130.68.81.14,92,5.002167000013287,regular http traffic
