src_ip,dest_ip,pkt_size,time_diff,original_class
66.201.189.45,150.204.83.102,231,11.801539000000048,regular http traffic
66.201.189.45,150.204.83.102,221,0.000450999999884516,regular http traffic
66.201.189.45,150.204.83.102,221,0.00044699999989461503,regular http traffic
