src_ip,dest_ip,pkt_size,time_diff,original_class
66.201.189.60,69.178.85.70,229,111.24224999999979,regular http traffic
66.201.189.60,69.178.85.70,219,3.356422000000066,regular http traffic
66.201.189.60,69.178.85.70,219,0.5617079999999532,regular http traffic
