src_ip,dest_ip,pkt_size,time_diff,original_class
66.235.139.153,172.16.133.163,754,6.810628999999992,regular http traffic
66.235.139.153,172.16.133.163,754,56.76276,regular http traffic
66.235.139.153,172.16.133.163,754,4.1708790000000135,regular http traffic
66.235.139.153,172.16.133.163,754,37.661372,regular http traffic
66.235.139.153,172.16.133.163,754,24.830027,regular http traffic
66.235.139.153,172.16.133.163,1187,64.24408699999998,regular http traffic
66.235.139.153,172.16.133.163,754,0.1052050000000122,regular http traffic
