src_ip,dest_ip,pkt_size,time_diff,original_class
66.201.189.32,217.22.112.55,473,0.08395200000040859,regular http traffic
66.201.189.32,217.22.112.55,472,0.015023999999812077,regular http traffic
66.201.189.32,217.22.112.55,474,0.0013469999998960702,regular http traffic
66.201.189.32,217.22.112.55,475,0.002046000000063941,regular http traffic
66.201.189.32,217.22.112.55,472,0.004092000000127882,regular http traffic
66.201.189.32,217.22.112.55,474,0.009184999999888532,regular http traffic
66.201.189.32,217.22.112.55,437,0.11494700000002922,regular http traffic
66.201.189.32,217.22.112.55,540,10.770720999999867,regular http traffic
