src_ip,dest_ip,pkt_size,time_diff,original_class
66.201.189.60,69.178.85.90,219,107.14468599999987,regular http traffic
66.201.189.60,69.178.85.90,229,2.3597330000000056,regular http traffic
66.201.189.60,69.178.85.90,219,3.6141170000000784,regular http traffic
