src_ip,dest_ip,pkt_size,time_diff,original_class
67.27.150.124,10.8.0.6,245,0.01985899999999674,regular http traffic
67.27.150.124,10.8.0.6,1398,0.001449999999749707,regular http traffic
67.27.150.124,10.8.0.6,130,0.0004460000000108266,regular http traffic
67.27.150.124,10.8.0.6,1251,1.1529049999999188,regular http traffic
67.27.150.124,10.8.0.6,1031,0.004429999999956635,regular http traffic
