src_ip,dest_ip,pkt_size,time_diff,original_class
67.228.30.242,172.16.133.40,349,0.5413429999999977,regular http traffic
67.228.30.242,172.16.133.40,349,116.80246999999999,regular http traffic
