src_ip,dest_ip,pkt_size,time_diff,original_class
67.217.177.126,172.16.133.66,1446,0.021152000000000726,regular http traffic
67.217.177.126,172.16.133.66,571,0.44524699999999484,regular http traffic
67.217.177.126,172.16.133.66,556,0.1666230000000155,regular http traffic
67.217.177.126,172.16.133.66,556,0.025080000000002656,regular http traffic
67.217.177.126,172.16.133.66,808,0.3918469999999843,regular http traffic
