src_ip,dest_ip,pkt_size,time_diff,original_class
67.202.66.160,172.16.133.66,266,0.004541999999986501,regular http traffic
67.202.66.160,172.16.133.66,266,0.000992000000024973,regular http traffic
67.202.66.160,172.16.133.66,733,0.22642999999999347,regular http traffic
67.202.66.160,172.16.133.66,953,0.21406400000000758,regular http traffic
67.202.66.160,172.16.133.66,365,0.028371999999990294,regular http traffic
67.202.66.160,172.16.133.66,371,0.16802899999999,regular http traffic
