src_ip,dest_ip,pkt_size,time_diff,original_class
67.27.151.252,10.8.0.6,842,0.00019300001440569758,regular http traffic
67.27.151.252,10.8.0.6,177,8.771911999996519,regular http traffic
