src_ip,dest_ip,pkt_size,time_diff,original_class
67.69.174.129,172.16.133.54,1006,0.22977399999999193,regular http traffic
67.69.174.129,172.16.133.54,400,0.0019010000000037053,regular http traffic
67.69.174.129,172.16.133.54,1022,15.296994999999995,regular http traffic
67.69.174.129,172.16.133.54,998,10.913240000000002,regular http traffic
67.69.174.129,172.16.133.54,384,0.09975700000001098,regular http traffic
67.69.174.129,172.16.133.54,1174,0.00027199999999538704,regular http traffic
67.69.174.129,172.16.133.54,1203,0.12385699999998678,regular http traffic
67.69.174.129,172.16.133.54,301,0.00529400000002056,regular http traffic
67.69.174.129,172.16.133.54,494,0.0007389999999816155,regular http traffic
