src_ip,dest_ip,pkt_size,time_diff,original_class
68.67.152.172,131.202.240.86,1114,18.130336046218872,regular http traffic
68.67.152.172,131.202.240.86,1113,504.3507568836212,regular http traffic
68.67.152.172,131.202.240.86,1113,10.826544046401978,regular http traffic
