src_ip,dest_ip,pkt_size,time_diff,original_class
69.178.85.253,217.22.112.14,595,5468.746563,regular http traffic
69.178.85.253,217.22.112.14,595,21.933907999999974,regular http traffic
69.178.85.253,217.22.112.14,634,0.001246000000719505,regular http traffic
69.178.85.253,217.22.112.14,595,0.19773199999963254,regular http traffic
69.178.85.253,217.22.112.14,595,0.21061600000030012,regular http traffic
69.178.85.253,217.22.112.14,635,0.14456299999983457,regular http traffic
