src_ip,dest_ip,pkt_size,time_diff,original_class
69.178.85.89,157.99.66.59,732,0.0684929999997621,regular http traffic
69.178.85.89,157.99.66.59,732,0.3815740000000005,regular http traffic
69.178.85.89,157.99.66.59,737,0.013637999999900785,regular http traffic
69.178.85.89,157.99.66.59,748,14.849640000000363,regular http traffic
69.178.85.89,157.99.66.59,757,4.537495999999919,regular http traffic
69.178.85.89,157.99.66.59,747,0.1723549999996976,regular http traffic
69.178.85.89,157.99.66.59,733,32.90379800000028,regular http traffic
69.178.85.89,157.99.66.59,809,6.539144999999735,regular http traffic
69.178.85.89,157.99.66.59,757,46.86135600000034,regular http traffic
69.178.85.89,157.99.66.59,769,11.075751999999738,regular http traffic
69.178.85.89,157.99.66.59,757,11.72740900000008,regular http traffic
69.178.85.89,157.99.66.59,739,7.817047999999886,regular http traffic
69.178.85.89,157.99.66.59,734,24.241567999999916,regular http traffic
69.178.85.89,157.99.66.59,745,20.73268900000039,regular http traffic
69.178.85.89,157.99.66.59,752,16.32563600000003,regular http traffic
69.178.85.89,157.99.66.59,740,22.957074999999804,regular http traffic
69.178.85.89,157.99.66.59,738,5.758890999999949,regular http traffic
