src_ip,dest_ip,pkt_size,time_diff,original_class
69.178.85.102,66.201.189.60,219,11.004261000000042,regular http traffic
69.178.85.102,66.201.189.60,564,0.007898999999952139,regular http traffic
69.178.85.102,66.201.189.60,79,65.84843099999989,regular http traffic
69.178.85.102,66.201.189.60,564,0.3131670000000213,regular http traffic
69.178.85.102,66.201.189.60,83,1.4202010000001337,regular http traffic
69.178.85.102,66.201.189.60,564,0.3701379999999972,regular http traffic
69.178.85.102,66.201.189.60,79,0.1513359999999011,regular http traffic
69.178.85.102,66.201.189.60,564,4.134295000000066,regular http traffic
