src_ip,dest_ip,pkt_size,time_diff,original_class
69.178.85.253,66.201.189.14,595,126.09158900000011,regular http traffic
69.178.85.253,66.201.189.14,634,0.0011509999999361753,regular http traffic
69.178.85.253,66.201.189.14,595,0.2404109999999946,regular http traffic
69.178.85.253,66.201.189.14,635,0.6198059999999259,regular http traffic
69.178.85.253,66.201.189.14,595,0.06519400000001951,regular http traffic
