src_ip,dest_ip,pkt_size,time_diff,original_class
69.178.85.253,66.201.189.70,638,0.1858519999999544,regular http traffic
69.178.85.253,66.201.189.70,638,2.994393000000059,regular http traffic
69.178.85.253,66.201.189.70,318,2309.3228870000003,regular http traffic
69.178.85.253,66.201.189.70,801,1.2427029999998922,regular http traffic
69.178.85.253,66.201.189.70,638,1.840443999999934,regular http traffic
69.178.85.253,66.201.189.70,801,2.867192000000159,regular http traffic
69.178.85.253,66.201.189.70,801,5.501860999999735,regular http traffic
69.178.85.253,66.201.189.70,801,10.707597000000078,regular http traffic
