src_ip,dest_ip,pkt_size,time_diff,original_class
69.178.85.89,217.22.112.60,182,3.1573359999999866,regular http traffic
69.178.85.89,217.22.112.60,182,22.06616800000006,regular http traffic
