src_ip,dest_ip,pkt_size,time_diff,original_class
69.178.85.102,66.201.189.14,95,126.10076900000013,regular http traffic
69.178.85.102,66.201.189.14,95,0.17004900000006273,regular http traffic
69.178.85.102,66.201.189.14,95,0.5799269999999979,regular http traffic
69.178.85.102,66.201.189.14,95,0.23904499999980544,regular http traffic
69.178.85.102,66.201.189.14,95,0.24694700000009107,regular http traffic
