src_ip,dest_ip,pkt_size,time_diff,original_class
69.178.85.90,157.99.66.56,718,18.14188200000001,regular http traffic
69.178.85.90,157.99.66.56,718,107.43938800000001,regular http traffic
69.178.85.90,157.99.66.56,284,255.200607,regular http traffic
69.178.85.90,157.99.66.56,766,19.372563999999954,regular http traffic
