src_ip,dest_ip,pkt_size,time_diff,original_class
69.178.85.102,217.22.112.82,233,142.60511599999995,regular http traffic
69.178.85.102,217.22.112.82,95,0.0276070000000459,regular http traffic
69.178.85.102,217.22.112.82,95,0.01987199999996392,regular http traffic
69.178.85.102,217.22.112.82,95,0.004340000000013333,regular http traffic
69.178.85.102,217.22.112.82,233,0.12255199999998467,regular http traffic
69.178.85.102,217.22.112.82,233,0.28379300000000285,regular http traffic
69.178.85.102,217.22.112.82,233,0.2019830000000411,regular http traffic
69.178.85.102,217.22.112.82,233,0.23497199999997065,regular http traffic
69.178.85.102,217.22.112.82,317,2105.512921,regular http traffic
69.178.85.102,217.22.112.82,234,74.68001300000014,regular http traffic
