src_ip,dest_ip,pkt_size,time_diff,original_class
69.178.85.70,66.201.189.60,274,3.607379000000037,regular http traffic
69.178.85.70,66.201.189.60,274,0.6016379999998662,regular http traffic
