src_ip,dest_ip,pkt_size,time_diff,original_class
69.178.85.90,194.9.8.55,731,0.1449440000000095,regular http traffic
69.178.85.90,194.9.8.55,731,2.9980679999999893,regular http traffic
