src_ip,dest_ip,pkt_size,time_diff,original_class
69.178.85.69,208.18.90.42,186,169.953523,regular http traffic
69.178.85.69,208.18.90.42,186,231.19715700000006,regular http traffic
69.178.85.69,208.18.90.42,184,0.039329999999949905,regular http traffic
69.178.85.69,208.18.90.42,186,169.02491499999996,regular http traffic
69.178.85.69,208.18.90.42,184,0.038331000000084714,regular http traffic
69.178.85.69,208.18.90.42,186,474.221272,regular http traffic
69.178.85.69,208.18.90.42,184,0.040727999999944586,regular http traffic
