src_ip,dest_ip,pkt_size,time_diff,original_class
69.178.85.253,217.22.112.60,595,240.19396800000004,regular http traffic
69.178.85.253,217.22.112.60,595,0.5099009999998998,regular http traffic
69.178.85.253,217.22.112.60,634,10.85681700000032,regular http traffic
