src_ip,dest_ip,pkt_size,time_diff,original_class
69.178.85.91,217.22.112.60,203,0.004045000000132859,regular http traffic
69.178.85.91,217.22.112.60,77,5.006425999999919,regular http traffic
69.178.85.91,217.22.112.60,403,0.016920000000027358,regular http traffic
69.178.85.91,217.22.112.60,77,0.0009979999999814027,regular http traffic
69.178.85.91,217.22.112.60,232,5.0069270000001325,regular http traffic
69.178.85.91,217.22.112.60,70,0.0048449999999320426,regular http traffic
69.178.85.91,217.22.112.60,70,0.006934999999884894,regular http traffic
69.178.85.91,217.22.112.60,77,0.9564649999999801,regular http traffic
69.178.85.91,217.22.112.60,77,0.0034940000000460714,regular http traffic
