src_ip,dest_ip,pkt_size,time_diff,original_class
69.178.85.253,157.99.66.59,868,16.339847000000006,regular http traffic
69.178.85.253,157.99.66.59,868,19.07220799999999,regular http traffic
69.178.85.253,157.99.66.59,868,15.501193999999998,regular http traffic
69.178.85.253,157.99.66.59,868,949.8286029999999,regular http traffic
69.178.85.253,157.99.66.59,868,19.097815000000082,regular http traffic
