src_ip,dest_ip,pkt_size,time_diff,original_class
69.178.85.70,157.99.66.58,373,165.75173300000003,regular http traffic
69.178.85.70,157.99.66.58,373,4.453939999999989,regular http traffic
