src_ip,dest_ip,pkt_size,time_diff,original_class
69.178.85.253,208.18.90.74,638,0.10977900000011687,regular http traffic
69.178.85.253,208.18.90.74,638,2.995187999999871,regular http traffic
