src_ip,dest_ip,pkt_size,time_diff,original_class
69.178.85.253,217.22.112.72,595,19.416815000000042,regular http traffic
69.178.85.253,217.22.112.72,634,0.0012980000000197833,regular http traffic
69.178.85.253,217.22.112.72,635,0.08225599999991573,regular http traffic
69.178.85.253,217.22.112.72,595,0.048765000000003056,regular http traffic
69.178.85.253,217.22.112.72,595,0.20788500000003296,regular http traffic
