src_ip,dest_ip,pkt_size,time_diff,original_class
69.28.187.188,172.16.133.56,218,0.0017450000000032162,regular http traffic
69.28.187.188,172.16.133.56,218,0.0007789999999978647,regular http traffic
69.28.187.188,172.16.133.56,218,0.00020900000000168006,regular http traffic
69.28.187.188,172.16.133.56,218,0.00011999999999900979,regular http traffic
69.28.187.188,172.16.133.56,218,0.002041999999999433,regular http traffic
69.28.187.188,172.16.133.56,218,0.029948000000000974,regular http traffic
69.28.187.188,172.16.133.56,218,0.00016099999999852344,regular http traffic
69.28.187.188,172.16.133.56,218,0.0007280000000022824,regular http traffic
69.28.187.188,172.16.133.56,218,9.499999999817987e-05,regular http traffic
69.28.187.188,172.16.133.56,218,0.001170999999999367,regular http traffic
69.28.187.188,172.16.133.56,218,0.00019500000000149953,regular http traffic
69.28.187.188,172.16.133.56,218,0.02303500000000014,regular http traffic
69.28.187.188,172.16.133.56,218,0.003289999999999793,regular http traffic
69.28.187.188,172.16.133.56,218,9.400000000070463e-05,regular http traffic
69.28.187.188,172.16.133.56,218,8.79999999980896e-05,regular http traffic
69.28.187.188,172.16.133.56,218,0.0027340000000002362,regular http traffic
69.28.187.188,172.16.133.56,218,0.0010420000000017637,regular http traffic
69.28.187.188,172.16.133.56,218,0.020301999999997378,regular http traffic
69.28.187.188,172.16.133.56,218,0.002300000000001745,regular http traffic
69.28.187.188,172.16.133.56,218,0.0002859999999991203,regular http traffic
69.28.187.188,172.16.133.56,218,0.0019200000000019202,regular http traffic
69.28.187.188,172.16.133.56,218,0.0019959999999983324,regular http traffic
