src_ip,dest_ip,pkt_size,time_diff,original_class
69.2.103.57,172.16.133.41,573,0.16626499999999922,regular http traffic
69.2.103.57,172.16.133.41,570,0.08643400000000057,regular http traffic
69.2.103.57,172.16.133.41,575,34.565938,regular http traffic
69.2.103.57,172.16.133.41,573,0.03736599999999868,regular http traffic
69.2.103.57,172.16.133.41,570,0.04386399999999924,regular http traffic
69.2.103.57,172.16.133.41,575,73.99450000000002,regular http traffic
69.2.103.57,172.16.133.41,573,0.04782999999999049,regular http traffic
69.2.103.57,172.16.133.41,570,0.03863200000000688,regular http traffic
