src_ip,dest_ip,pkt_size,time_diff,original_class
72.1.65.180,172.16.133.68,249,0.29901799999998957,regular http traffic
72.1.65.180,172.16.133.68,250,0.364436000000012,regular http traffic
