src_ip,dest_ip,pkt_size,time_diff,original_class
72.14.183.218,10.10.6.233,69,0.15664800000013201,regular http traffic
72.14.183.218,10.10.6.233,69,0.12582600000041566,regular http traffic
72.14.183.218,10.10.6.233,69,0.13120299999991403,regular http traffic
72.14.183.218,10.10.6.233,69,0.14666200000010576,regular http traffic
