src_ip,dest_ip,pkt_size,time_diff,original_class
72.14.213.138,192.168.3.131,523,0.786048,regular http traffic
72.14.213.138,192.168.3.131,533,0.9321750000000001,regular http traffic
72.14.213.138,192.168.3.131,784,231.651003,regular http traffic
72.14.213.138,192.168.3.131,990,0.04303200000001084,regular http traffic
72.14.213.138,192.168.3.131,348,0.024617999999975382,regular http traffic
72.14.213.138,192.168.3.131,1409,0.028691000000009126,regular http traffic
