src_ip,dest_ip,pkt_size,time_diff,original_class
72.14.183.218,10.10.6.233,69,3.2367410000006203,regular http traffic
72.14.183.218,10.10.6.233,69,0.22935400000005757,regular http traffic
72.14.183.218,10.10.6.233,69,0.1202290000001085,regular http traffic
72.14.183.218,10.10.6.233,69,0.12144399999942834,regular http traffic
