src_ip,dest_ip,pkt_size,time_diff,original_class
72.21.207.18,172.16.133.126,264,40.530275,regular http traffic
72.21.207.18,172.16.133.126,264,40.654320000000006,regular http traffic
72.21.207.18,172.16.133.126,264,40.536496,regular http traffic
72.21.207.18,172.16.133.126,264,40.59540199999999,regular http traffic
72.21.207.18,172.16.133.126,264,40.588638,regular http traffic
72.21.207.18,172.16.133.126,264,40.56958399999999,regular http traffic
72.21.207.18,172.16.133.126,264,40.509258999999986,regular http traffic
