src_ip,dest_ip,pkt_size,time_diff,original_class
72.21.91.97,172.16.133.121,260,0.149281000000002,regular http traffic
72.21.91.97,172.16.133.121,1202,0.1803160000000048,regular http traffic
72.21.91.97,172.16.133.121,542,6.110709,regular http traffic
72.21.91.97,172.16.133.121,1012,0.005099999999998772,regular http traffic
72.21.91.97,172.16.133.121,626,0.045099999999990814,regular http traffic
72.21.91.97,172.16.133.121,363,0.0981390000000033,regular http traffic
72.21.91.97,172.16.133.121,370,0.009903000000008433,regular http traffic
72.21.91.97,172.16.133.121,434,0.03921599999999614,regular http traffic
