src_ip,dest_ip,pkt_size,time_diff,original_class
74.125.170.42,172.16.133.25,194,0.00012500000000059686,regular http traffic
74.125.170.42,172.16.133.25,194,42.718419,regular http traffic
74.125.170.42,172.16.133.25,1484,2.6217630000000085,regular http traffic
74.125.170.42,172.16.133.25,482,1.276961,regular http traffic
74.125.170.42,172.16.133.25,810,46.23858799999999,regular http traffic
74.125.170.42,172.16.133.25,974,62.035454000000016,regular http traffic
74.125.170.42,172.16.133.25,810,62.051124999999985,regular http traffic
74.125.170.42,172.16.133.25,1138,61.680019000000016,regular http traffic
