src_ip,dest_ip,pkt_size,time_diff,original_class
74.125.226.78,172.16.133.20,1074,0.000638000000037664,regular http traffic
74.125.226.78,172.16.133.20,1295,0.053528999999969074,regular http traffic
74.125.226.78,172.16.133.20,1186,0.00025300000004335743,regular http traffic
74.125.226.78,172.16.133.20,673,0.001615999999955875,regular http traffic
74.125.226.78,172.16.133.20,912,0.002827000000024782,regular http traffic
74.125.226.78,172.16.133.20,441,4.594030999999973,regular http traffic
74.125.226.78,172.16.133.20,518,0.0037290000000211876,regular http traffic
74.125.226.78,172.16.133.20,332,0.0062249999999721695,regular http traffic
74.125.226.78,172.16.133.20,466,0.7690480000000548,regular http traffic
74.125.226.78,172.16.133.20,466,9.901940999999965,regular http traffic
74.125.226.78,172.16.133.20,466,10.020264999999995,regular http traffic
74.125.226.78,172.16.133.20,466,7.07737800000001,regular http traffic
