src_ip,dest_ip,pkt_size,time_diff,original_class
74.125.226.58,172.16.133.41,1017,28.970192,regular http traffic
74.125.226.58,172.16.133.41,414,0.30615399999999937,regular http traffic
74.125.226.58,172.16.133.41,542,5.0615120000000005,regular http traffic
74.125.226.58,172.16.133.41,542,0.25397000000000247,regular http traffic
74.125.226.58,172.16.133.41,542,73.915559,regular http traffic
74.125.226.58,172.16.133.41,542,0.34717799999999954,regular http traffic
