src_ip,dest_ip,pkt_size,time_diff,original_class
74.125.226.73,172.16.133.20,1387,0.0006960000000049149,regular http traffic
74.125.226.73,172.16.133.20,1147,0.05219099999999344,regular http traffic
74.125.226.73,172.16.133.20,176,0.0017420000000356595,regular http traffic
74.125.226.73,172.16.133.20,188,4.59699999999998,regular http traffic
74.125.226.73,172.16.133.20,668,0.09817099999997936,regular http traffic
74.125.226.73,172.16.133.20,801,0.0008359999999925094,regular http traffic
74.125.226.73,172.16.133.20,575,0.001033000000006723,regular http traffic
