src_ip,dest_ip,pkt_size,time_diff,original_class
74.125.226.47,172.16.133.54,409,0.21057299999999657,regular http traffic
74.125.226.47,172.16.133.54,1320,0.23984699999999748,regular http traffic
74.125.226.47,172.16.133.54,1125,0.0850460000000055,regular http traffic
74.125.226.47,172.16.133.54,380,0.32445699999999533,regular http traffic
74.125.226.47,172.16.133.54,622,0.3596629999999976,regular http traffic
