src_ip,dest_ip,pkt_size,time_diff,original_class
74.125.170.143,172.16.133.73,194,0.0026060000000001082,regular http traffic
74.125.170.143,172.16.133.73,200,13.613523999999998,regular http traffic
74.125.170.143,172.16.133.73,810,1.8062730000000045,regular http traffic
74.125.170.143,172.16.133.73,939,11.772631000000004,regular http traffic
74.125.170.143,172.16.133.73,827,0.322583999999992,regular http traffic
74.125.170.143,172.16.133.73,614,12.781205,regular http traffic
