src_ip,dest_ip,pkt_size,time_diff,original_class
74.125.226.217,172.16.133.54,542,0.00044199999999250394,regular http traffic
74.125.226.217,172.16.133.54,542,0.04090200000000266,regular http traffic
74.125.226.217,172.16.133.54,542,0.0015449999999930242,regular http traffic
74.125.226.217,172.16.133.54,542,7.415187000000003,regular http traffic
74.125.226.217,172.16.133.54,542,0.30615500000000395,regular http traffic
74.125.226.217,172.16.133.54,542,0.03294200000000558,regular http traffic
74.125.226.217,172.16.133.54,542,0.2522429999999929,regular http traffic
74.125.226.217,172.16.133.54,542,0.11530700000000138,regular http traffic
74.125.226.217,172.16.133.54,542,14.285004,regular http traffic
74.125.226.217,172.16.133.54,542,0.0012949999999989359,regular http traffic
74.125.226.217,172.16.133.54,542,0.08962400000000059,regular http traffic
74.125.226.217,172.16.133.54,542,0.0023910000000029186,regular http traffic
74.125.226.217,172.16.133.54,542,20.920306999999994,regular http traffic
74.125.226.217,172.16.133.54,542,0.003343000000000984,regular http traffic
74.125.226.217,172.16.133.54,542,0.07533300000000054,regular http traffic
74.125.226.217,172.16.133.54,542,8.147232000000002,regular http traffic
74.125.226.217,172.16.133.54,542,0.03403599999998619,regular http traffic
74.125.226.217,172.16.133.54,542,0.0997560000000135,regular http traffic
74.125.226.217,172.16.133.54,542,4.739040999999986,regular http traffic
74.125.226.217,172.16.133.54,542,0.11303600000002234,regular http traffic
74.125.226.217,172.16.133.54,542,0.07398699999998826,regular http traffic
