src_ip,dest_ip,pkt_size,time_diff,original_class
74.121.142.248,172.16.133.132,707,1.4624740000000145,regular http traffic
74.121.142.248,172.16.133.132,864,0.40000100000000316,regular http traffic
74.121.142.248,172.16.133.132,695,0.022705000000001974,regular http traffic
74.121.142.248,172.16.133.132,742,0.14028099999998744,regular http traffic
74.121.142.248,172.16.133.132,725,1.8944500000000062,regular http traffic
74.121.142.248,172.16.133.132,763,0.10614699999999289,regular http traffic
