src_ip,dest_ip,pkt_size,time_diff,original_class
74.125.226.59,172.16.133.73,542,2.3244279999999975,regular http traffic
74.125.226.59,172.16.133.73,542,0.4908569999999983,regular http traffic
74.125.226.59,172.16.133.73,542,2.6624120000000033,regular http traffic
74.125.226.59,172.16.133.73,542,1.319153,regular http traffic
74.125.226.59,172.16.133.73,542,1.3458229999999958,regular http traffic
74.125.226.59,172.16.133.73,542,2.6482250000000036,regular http traffic
74.125.226.59,172.16.133.73,542,5.997610999999999,regular http traffic
74.125.226.59,172.16.133.73,303,20.586046000000003,regular http traffic
74.125.226.59,172.16.133.73,303,1.963409999999996,regular http traffic
