src_ip,dest_ip,pkt_size,time_diff,original_class
74.119.118.94,172.16.133.41,383,0.02751400000000004,regular http traffic
74.119.118.94,172.16.133.41,383,34.8259,regular http traffic
74.119.118.94,172.16.133.41,383,0.037609000000003334,regular http traffic
74.119.118.94,172.16.133.41,203,0.014521000000002005,regular http traffic
74.119.118.94,172.16.133.41,383,74.021635,regular http traffic
74.119.118.94,172.16.133.41,383,0.07927600000000723,regular http traffic
74.119.118.94,172.16.133.41,203,0.0598189999999903,regular http traffic
