src_ip,dest_ip,pkt_size,time_diff,original_class
74.113.235.138,10.8.0.6,649,0.12782499999957508,regular http traffic
74.113.235.138,10.8.0.6,294,0.7512120000010327,regular http traffic
