src_ip,dest_ip,pkt_size,time_diff,original_class
74.125.226.38,172.16.133.73,466,1.1192079999999969,regular http traffic
74.125.226.38,172.16.133.73,371,8.122881000000007,regular http traffic
74.125.226.38,172.16.133.73,466,1.9170999999999978,regular http traffic
74.125.226.38,172.16.133.73,371,8.261592,regular http traffic
74.125.226.38,172.16.133.73,466,21.313859,regular http traffic
74.125.226.38,172.16.133.73,466,7.285454999999999,regular http traffic
74.125.226.38,172.16.133.73,466,10.079787999999994,regular http traffic
74.125.226.38,172.16.133.73,466,10.029464000000004,regular http traffic
74.125.226.38,172.16.133.73,466,10.072164999999998,regular http traffic
