src_ip,dest_ip,pkt_size,time_diff,original_class
74.119.118.94,172.16.133.132,378,2.526971000000003,regular http traffic
74.119.118.94,172.16.133.132,395,1.5639540000000238,regular http traffic
74.119.118.94,172.16.133.132,395,0.5340019999999868,regular http traffic
74.119.118.94,172.16.133.132,395,0.02534399999998982,regular http traffic
74.119.118.94,172.16.133.132,215,1.0749560000000145,regular http traffic
74.119.118.94,172.16.133.132,215,1.8333120000000065,regular http traffic
