src_ip,dest_ip,pkt_size,time_diff,original_class
74.125.226.1,172.16.133.54,823,0.02277100000000587,regular http traffic
74.125.226.1,172.16.133.54,398,0.0026999999999901547,regular http traffic
74.125.226.1,172.16.133.54,806,0.0022840000000030614,regular http traffic
74.125.226.1,172.16.133.54,83,0.000927000000004341,regular http traffic
74.125.226.1,172.16.133.54,1101,0.003033000000002062,regular http traffic
74.125.226.1,172.16.133.54,512,0.03985099999999875,regular http traffic
74.125.226.1,172.16.133.54,1372,0.004251999999993927,regular http traffic
74.125.226.1,172.16.133.54,888,0.0007039999999989277,regular http traffic
74.125.226.1,172.16.133.54,648,0.010384999999999422,regular http traffic
