src_ip,dest_ip,pkt_size,time_diff,original_class
74.217.253.60,131.202.240.101,592,0.44232177734375,regular http traffic
74.217.253.60,131.202.240.101,592,0.05578112602233887,regular http traffic
74.217.253.60,131.202.240.101,592,7.964350938796997,regular http traffic
74.217.253.60,131.202.240.101,592,7.499873161315918,regular http traffic
74.217.253.60,131.202.240.101,592,7.500332832336426,regular http traffic
74.217.253.60,131.202.240.101,592,8.564922094345093,regular http traffic
