src_ip,dest_ip,pkt_size,time_diff,original_class
74.217.63.32,131.202.240.101,341,0.46910691261291504,regular http traffic
74.217.63.32,131.202.240.101,396,0.06945013999938965,regular http traffic
74.217.63.32,131.202.240.101,456,21.998059034347534,regular http traffic
74.217.63.32,131.202.240.101,341,3.2248640060424805,regular http traffic
74.217.63.32,131.202.240.101,459,0.0017619132995605469,regular http traffic
74.217.63.32,131.202.240.101,341,0.24100494384765625,regular http traffic
74.217.63.32,131.202.240.101,456,36.631361961364746,regular http traffic
