src_ip,dest_ip,pkt_size,time_diff,original_class
74.217.34.33,172.16.133.96,74,0.09959999999995262,regular http traffic
74.217.34.33,172.16.133.96,883,0.0004020000000082291,regular http traffic
74.217.34.33,172.16.133.96,647,1.0804170000000113,regular http traffic
74.217.34.33,172.16.133.96,710,0.23395099999999047,regular http traffic
