src_ip,dest_ip,pkt_size,time_diff,original_class
74.217.63.13,131.202.240.101,362,282.2650020122528,regular http traffic
74.217.63.13,131.202.240.101,362,21.39557909965515,regular http traffic
74.217.63.13,131.202.240.101,362,21.22463893890381,regular http traffic
74.217.63.13,131.202.240.101,362,91.57799196243286,regular http traffic
74.217.63.13,131.202.240.101,362,21.739877939224243,regular http traffic
74.217.63.13,131.202.240.101,362,22.189943075180054,regular http traffic
