src_ip,dest_ip,pkt_size,time_diff,original_class
74.217.63.53,131.202.240.101,362,0.0028018951416015625,regular http traffic
74.217.63.53,131.202.240.101,362,26.03575301170349,regular http traffic
74.217.63.53,131.202.240.101,456,0.00024700164794921875,regular http traffic
