src_ip,dest_ip,pkt_size,time_diff,original_class
74.63.51.79,172.16.133.93,466,0.3679790000000196,regular http traffic
74.63.51.79,172.16.133.93,712,15.449485999999979,regular http traffic
74.63.51.79,172.16.133.93,244,0.2864150000000052,regular http traffic
74.63.51.79,172.16.133.93,461,0.06316100000000802,regular http traffic
74.63.51.79,172.16.133.93,467,28.55097699999999,regular http traffic
74.63.51.79,172.16.133.93,613,14.875668000000019,regular http traffic
74.63.51.79,172.16.133.93,769,0.007842999999979838,regular http traffic
74.63.51.79,172.16.133.93,325,0.0032810000000154105,regular http traffic
74.63.51.79,172.16.133.93,725,0.02954099999999471,regular http traffic
74.63.51.79,172.16.133.93,1439,0.001224999999976717,regular http traffic
74.63.51.79,172.16.133.93,1172,0.018760000000042965,regular http traffic
74.63.51.79,172.16.133.93,1514,0.03170599999998558,regular http traffic
74.63.51.79,172.16.133.93,1514,0.00011100000000396903,regular http traffic
74.63.51.79,172.16.133.93,1514,0.00013899999999011925,regular http traffic
74.63.51.79,172.16.133.93,1514,0.0001219999999761967,regular http traffic
74.63.51.79,172.16.133.93,1514,0.00012200000003304012,regular http traffic
74.63.51.79,172.16.133.93,1514,0.00012499999996862243,regular http traffic
74.63.51.79,172.16.133.93,1514,0.00013400000000274304,regular http traffic
74.63.51.79,172.16.133.93,1514,0.00011299999999891952,regular http traffic
74.63.51.79,172.16.133.93,1514,0.00012200000003304012,regular http traffic
74.63.51.79,172.16.133.93,1514,0.00014899999996487168,regular http traffic
74.63.51.79,172.16.133.93,1055,0.0488250000000221,regular http traffic
74.63.51.79,172.16.133.93,1275,0.0018079999999827123,regular http traffic
74.63.51.79,172.16.133.93,1040,0.029935000000023138,regular http traffic
74.63.51.79,172.16.133.93,86,0.07583999999997104,regular http traffic
