src_ip,dest_ip,pkt_size,time_diff,original_class
76.13.116.133,172.16.133.96,833,0.001266999999984364,regular http traffic
76.13.116.133,172.16.133.96,773,0.0009230000000002292,regular http traffic
76.13.116.133,172.16.133.96,801,0.004621999999983473,regular http traffic
76.13.116.133,172.16.133.96,792,0.0005300000000261207,regular http traffic
76.13.116.133,172.16.133.96,752,0.0023669999999924585,regular http traffic
76.13.116.133,172.16.133.96,158,0.019091000000003078,regular http traffic
76.13.116.133,172.16.133.96,781,0.059015999999985524,regular http traffic
76.13.116.133,172.16.133.96,1507,4.893961999999988,regular http traffic
