src_ip,dest_ip,pkt_size,time_diff,original_class
8.247.209.124,10.8.0.6,1062,0.0029860000004191534,regular http traffic
8.247.209.124,10.8.0.6,1129,0.017600000000129512,regular http traffic
8.247.209.124,10.8.0.6,1139,0.0012710000000879518,regular http traffic
8.247.209.124,10.8.0.6,989,1.0739189999994778,regular http traffic
8.247.209.124,10.8.0.6,317,0.0030459999998129206,regular http traffic
