src_ip,dest_ip,pkt_size,time_diff,original_class
8.27.243.253,172.16.133.78,1394,0.0006639999999968893,regular http traffic
8.27.243.253,172.16.133.78,897,14.838807000000003,regular http traffic
8.27.243.253,172.16.133.78,897,0.23013399999999962,regular http traffic
8.27.243.253,172.16.133.78,897,0.162272999999999,regular http traffic
8.27.243.253,172.16.133.78,897,0.04521599999999992,regular http traffic
