src_ip,dest_ip,pkt_size,time_diff,original_class
85.159.212.16,10.10.6.233,69,2.0784629999998288,regular http traffic
85.159.212.16,10.10.6.233,69,1.004504999999881,regular http traffic
85.159.212.16,10.10.6.233,69,0.1617870000000039,regular http traffic
