src_ip,dest_ip,pkt_size,time_diff,original_class
88.221.165.83,10.8.0.6,765,2.309900000000198,regular http traffic
88.221.165.83,10.8.0.6,1386,0.013538999999582302,regular http traffic
88.221.165.83,10.8.0.6,976,2.552144999999655,regular http traffic
88.221.165.83,10.8.0.6,1160,0.008581000000049244,regular http traffic
88.221.165.83,10.8.0.6,1029,0.019161000000167405,regular http traffic
88.221.165.83,10.8.0.6,799,5.887428,regular http traffic
88.221.165.83,10.8.0.6,70,0.02086799999960931,regular http traffic
88.221.165.83,10.8.0.6,97,0.01191100000141887,regular http traffic
