src_ip,dest_ip,pkt_size,time_diff,original_class
88.221.165.13,10.8.0.6,667,11114.021157,regular http traffic
88.221.165.13,10.8.0.6,679,1.2342050000006566,regular http traffic
88.221.165.13,10.8.0.6,213,0.33072899999933725,regular http traffic
88.221.165.13,10.8.0.6,693,2.2057980000008683,regular http traffic
88.221.165.13,10.8.0.6,813,0.04430300000058196,regular http traffic
88.221.165.13,10.8.0.6,768,0.027898000000277534,regular http traffic
88.221.165.13,10.8.0.6,921,0.04606499999863445,regular http traffic
88.221.165.13,10.8.0.6,798,0.2926900000002206,regular http traffic
88.221.165.13,10.8.0.6,623,2.2968780000010156,regular http traffic
