src_ip,dest_ip,pkt_size,time_diff,original_class
88.221.164.155,10.8.0.6,1362,0.00044999999954598024,regular http traffic
88.221.164.155,10.8.0.6,1215,0.00012200000128359534,regular http traffic
