src_ip,dest_ip,pkt_size,time_diff,original_class
88.99.254.41,10.8.0.6,541,0.4025469999996858,regular http traffic
88.99.254.41,10.8.0.6,1086,0.027319000000716187,regular http traffic
88.99.254.41,10.8.0.6,153,0.00014699999974254752,regular http traffic
88.99.254.41,10.8.0.6,927,0.037252999999509484,regular http traffic
88.99.254.41,10.8.0.6,94,0.2786000000005515,regular http traffic
88.99.254.41,10.8.0.6,1330,0.010311999999430554,regular http traffic
88.99.254.41,10.8.0.6,1228,0.029161000000385684,regular http traffic
