src_ip,dest_ip,pkt_size,time_diff,original_class
92.122.87.84,10.8.0.6,494,0.14144300000043586,regular http traffic
92.122.87.84,10.8.0.6,348,0.3684740000007878,regular http traffic
92.122.87.84,10.8.0.6,184,0.2859889999999723,regular http traffic
92.122.87.84,10.8.0.6,408,0.07385799999974552,regular http traffic
92.122.87.84,10.8.0.6,160,1.4230079999997542,regular http traffic
92.122.87.84,10.8.0.6,683,0.16693599999962316,regular http traffic
92.122.87.84,10.8.0.6,669,0.01054900000053749,regular http traffic
92.122.87.84,10.8.0.6,1371,0.007215999999971245,regular http traffic
92.122.87.84,10.8.0.6,265,1.964033999998719,regular http traffic
92.122.87.84,10.8.0.6,494,0.19593200000053912,regular http traffic
92.122.87.84,10.8.0.6,118,0.20224400000006426,regular http traffic
92.122.87.84,10.8.0.6,422,0.530720000000656,regular http traffic
92.122.87.84,10.8.0.6,795,0.13744899999983318,regular http traffic
92.122.87.84,10.8.0.6,276,0.004769999999552965,regular http traffic
92.122.87.84,10.8.0.6,1050,0.19468100000085542,regular http traffic
92.122.87.84,10.8.0.6,320,0.054436999998870306,regular http traffic
92.122.87.84,10.8.0.6,559,0.2731820000008156,regular http traffic
92.122.87.84,10.8.0.6,423,1.1216949999998178,regular http traffic
92.122.87.84,10.8.0.6,374,2.310659000000669,regular http traffic
92.122.87.84,10.8.0.6,1368,1.8992419999995036,regular http traffic
