src_ip,dest_ip,pkt_size,time_diff,original_class
93.184.221.48,10.8.0.6,658,0.0015480000001844019,regular http traffic
93.184.221.48,10.8.0.6,524,0.0011899999999513966,regular http traffic
93.184.221.48,10.8.0.6,391,0.005439999999907741,regular http traffic
93.184.221.48,10.8.0.6,536,0.008433999999397201,regular http traffic
93.184.221.48,10.8.0.6,237,1.0380979999999909,regular http traffic
