src_ip,dest_ip,pkt_size,time_diff,original_class
95.101.0.160,10.8.0.6,300,3427.626397,regular http traffic
95.101.0.160,10.8.0.6,1075,4.68083999999908,regular http traffic
95.101.0.160,10.8.0.6,300,2635.800285000001,regular http traffic
