src_ip,dest_ip,pkt_size,time_diff,original_class
95.130.170.181,10.8.0.6,1040,0.6451609999985521,regular http traffic
95.130.170.181,10.8.0.6,87,0.005811000000903732,regular http traffic
95.130.170.181,10.8.0.6,86,0.14381499999944936,regular http traffic
95.130.170.181,10.8.0.6,163,0.10244500000044354,regular http traffic
95.130.170.181,10.8.0.6,726,0.0050069999997504056,regular http traffic
95.130.170.181,10.8.0.6,201,1.798345999999583,regular http traffic
