src_ip,dest_ip,pkt_size,time_diff,original_class
95.100.97.7,10.8.0.6,1225,7.781666999999288,regular http traffic
95.100.97.7,10.8.0.6,449,0.963966999999684,regular http traffic
95.100.97.7,10.8.0.6,1225,0.4501849999996921,regular http traffic
95.100.97.7,10.8.0.6,1208,1.4863510000013775,regular http traffic
