src_ip,dest_ip,pkt_size,time_diff,original_class
95.101.39.16,10.8.0.6,376,0.049342000000251574,regular http traffic
95.101.39.16,10.8.0.6,815,0.04636199999913515,regular http traffic
95.101.39.16,10.8.0.6,1070,0.003319999999803258,regular http traffic
95.101.39.16,10.8.0.6,155,0.41591500000140513,regular http traffic
95.101.39.16,10.8.0.6,1344,1.908927999998923,regular http traffic
95.101.39.16,10.8.0.6,452,0.006020000000717118,regular http traffic
95.101.39.16,10.8.0.6,600,0.035625999998956104,regular http traffic
95.101.39.16,10.8.0.6,103,0.5650260000002163,regular http traffic
