src_ip,dest_ip,pkt_size,time_diff,original_class
95.130.170.179,10.8.0.6,1040,0.19661300000007031,regular http traffic
95.130.170.179,10.8.0.6,87,0.0032090000004245667,regular http traffic
95.130.170.179,10.8.0.6,86,0.08851900000081514,regular http traffic
95.130.170.179,10.8.0.6,934,0.07430899999963003,regular http traffic
95.130.170.179,10.8.0.6,688,0.0725399999992078,regular http traffic
95.130.170.179,10.8.0.6,201,1.1669230000006792,regular http traffic
