src_ip,dest_ip,pkt_size,time_diff,original_class
95.100.184.210,10.8.0.6,379,0.027215999998588813,regular http traffic
95.100.184.210,10.8.0.6,447,0.052929999999832944,regular http traffic
95.100.184.210,10.8.0.6,127,0.016212000000450644,regular http traffic
95.100.184.210,10.8.0.6,1316,0.07287999999971362,regular http traffic
95.100.184.210,10.8.0.6,147,0.25998900000013236,regular http traffic
95.100.184.210,10.8.0.6,445,3.5225550000013754,regular http traffic
