src_ip,dest_ip,pkt_size,time_diff,original_class
95.101.176.207,10.8.0.6,964,0.00019299999985378236,regular http traffic
95.101.176.207,10.8.0.6,1108,0.0009270000000469736,regular http traffic
95.101.176.207,10.8.0.6,570,0.004767999999785388,regular http traffic
95.101.176.207,10.8.0.6,191,1605.6305140000004,regular http traffic
95.101.176.207,10.8.0.6,964,0.030023000000255706,regular http traffic
95.101.176.207,10.8.0.6,1108,0.019035999999687192,regular http traffic
95.101.176.207,10.8.0.6,953,0.019857999999658205,regular http traffic
95.101.176.207,10.8.0.6,513,0.02093200000035722,regular http traffic
95.101.176.207,10.8.0.6,301,9.999999747378752e-06,regular http traffic
95.101.176.207,10.8.0.6,1353,0.020763000000442844,regular http traffic
95.101.176.207,10.8.0.6,534,0.009559999999510183,regular http traffic
95.101.176.207,10.8.0.6,191,2312.0103290000006,regular http traffic
95.101.176.207,10.8.0.6,1108,0.0002549999990151264,regular http traffic
95.101.176.207,10.8.0.6,513,0.000893000000360189,regular http traffic
95.101.176.207,10.8.0.6,964,0.027146000000357162,regular http traffic
95.101.176.207,10.8.0.6,1353,0.0485900000003312,regular http traffic
95.101.176.207,10.8.0.6,534,0.002511999999114778,regular http traffic
95.101.176.207,10.8.0.6,953,0.002139000000170199,regular http traffic
95.101.176.207,10.8.0.6,301,0.03531900000052701,regular http traffic
95.101.176.207,10.8.0.6,221,0.517123999999967,regular http traffic
95.101.176.207,10.8.0.6,564,0.03789200000028359,regular http traffic
95.101.176.207,10.8.0.6,81,0.0403279999991355,regular http traffic
95.101.176.207,10.8.0.6,436,0.03312800000094285,regular http traffic
95.101.176.207,10.8.0.6,901,0.06657999999879394,regular http traffic
95.101.176.207,10.8.0.6,454,0.22571700000116834,regular http traffic
95.101.176.207,10.8.0.6,65,0.1713129999989178,regular http traffic
95.101.176.207,10.8.0.6,567,0.09791800000130024,regular http traffic
95.101.176.207,10.8.0.6,466,35.329979000000094,regular http traffic
95.101.176.207,10.8.0.6,1218,1855.1892520000001,regular http traffic
95.101.176.207,10.8.0.6,1093,0.03211299999929906,regular http traffic
95.101.176.207,10.8.0.6,1093,0.12961899999936577,regular http traffic
95.101.176.207,10.8.0.6,746,0.09430900000006659,regular http traffic
95.101.176.207,10.8.0.6,1218,0.03459599999951024,regular http traffic
95.101.176.207,10.8.0.6,356,0.06607600000097591,regular http traffic
