src_ip,dest_ip,pkt_size,time_diff,original_class
95.101.1.73,10.8.0.6,300,2863.5606229999994,regular http traffic
95.101.1.73,10.8.0.6,300,6.9257440000001225,regular http traffic
95.101.1.73,10.8.0.6,452,3.9388859999999113,regular http traffic
95.101.1.73,10.8.0.6,1030,4881.3384829999995,regular http traffic
95.101.1.73,10.8.0.6,300,0.20366700000158744,regular http traffic
95.101.1.73,10.8.0.6,300,1990.6104079999986,regular http traffic
95.101.1.73,10.8.0.6,300,1056.8884190000008,regular http traffic
95.101.1.73,10.8.0.6,300,915.3729409999996,regular http traffic
