src_ip,dest_ip,pkt_size,time_diff,original_class
95.101.39.10,10.8.0.6,727,0.4059830000005604,regular http traffic
95.101.39.10,10.8.0.6,402,0.038173000000824686,regular http traffic
95.101.39.10,10.8.0.6,919,0.07154599999921629,regular http traffic
95.101.39.10,10.8.0.6,784,0.5055759999995644,regular http traffic
