src_ip,dest_ip,pkt_size,time_diff,original_class
96.126.124.147,10.10.6.233,70,2.099999983329326e-05,regular http traffic
96.126.124.147,10.10.6.233,69,1.1763709999995626,regular http traffic
96.126.124.147,10.10.6.233,69,0.4662029999999504,regular http traffic
96.126.124.147,10.10.6.233,69,0.33186899999964226,regular http traffic
96.126.124.147,10.10.6.233,69,0.30789999999979045,regular http traffic
96.126.124.147,10.10.6.233,69,0.3209470000001602,regular http traffic
96.126.124.147,10.10.6.233,69,0.3581340000000637,regular http traffic
96.126.124.147,10.10.6.233,69,0.3279739999998128,regular http traffic
