src_ip,dest_ip,pkt_size,time_diff,original_class
96.126.112.176,10.10.6.233,70,8.600000001024455e-05,regular http traffic
96.126.112.176,10.10.6.233,69,1.2803409999996802,regular http traffic
