src_ip,dest_ip,pkt_size,time_diff,original_class
98.139.161.29,172.16.133.132,507,0.441731,regular http traffic
98.139.161.29,172.16.133.132,507,0.33543599999999996,regular http traffic
98.139.161.29,172.16.133.132,507,0.41522800000000015,regular http traffic
98.139.161.29,172.16.133.132,507,0.36461299999999985,regular http traffic
98.139.161.29,172.16.133.132,507,0.4673259999999999,regular http traffic
98.139.161.29,172.16.133.132,507,0.4474870000000002,regular http traffic
98.139.161.29,172.16.133.132,507,0.31369900000000017,regular http traffic
98.139.161.29,172.16.133.132,507,0.49081399999999986,regular http traffic
98.139.161.29,172.16.133.132,507,0.34885199999999994,regular http traffic
98.139.161.29,172.16.133.132,507,0.4885639999999998,regular http traffic
98.139.161.29,172.16.133.132,507,0.3739740000000005,regular http traffic
98.139.161.29,172.16.133.132,507,0.38893999999999984,regular http traffic
98.139.161.29,172.16.133.132,507,0.4358430000000002,regular http traffic
98.139.161.29,172.16.133.132,507,1.07667,regular http traffic
98.139.161.29,172.16.133.132,507,0.8581339999999997,regular http traffic
98.139.161.29,172.16.133.132,507,1.551355,regular http traffic
98.139.161.29,172.16.133.132,507,1.6848569999999992,regular http traffic
98.139.161.29,172.16.133.132,507,3.084688,regular http traffic
98.139.161.29,172.16.133.132,507,0.4309080000000005,regular http traffic
98.139.161.29,172.16.133.132,507,0.4579940000000011,regular http traffic
98.139.161.29,172.16.133.132,507,0.4576849999999997,regular http traffic
98.139.161.29,172.16.133.132,507,0.3912569999999995,regular http traffic
98.139.161.29,172.16.133.132,507,0.5448720000000016,regular http traffic
98.139.161.29,172.16.133.132,507,0.34902699999999953,regular http traffic
98.139.161.29,172.16.133.132,507,0.5355859999999986,regular http traffic
98.139.161.29,172.16.133.132,507,3.2191089999999996,regular http traffic
