src_ip,dest_ip,pkt_size,time_diff,original_class
98.139.134.187,172.16.133.132,1345,0.36885599999999996,regular http traffic
98.139.134.187,172.16.133.132,1345,0.4218560000000001,regular http traffic
98.139.134.187,172.16.133.132,1345,0.4457549999999999,regular http traffic
98.139.134.187,172.16.133.132,1345,0.3736680000000001,regular http traffic
98.139.134.187,172.16.133.132,1345,0.40572699999999995,regular http traffic
98.139.134.187,172.16.133.132,1345,0.4354689999999999,regular http traffic
98.139.134.187,172.16.133.132,1345,0.3711000000000002,regular http traffic
98.139.134.187,172.16.133.132,1345,0.4382159999999997,regular http traffic
98.139.134.187,172.16.133.132,1345,0.40865799999999997,regular http traffic
98.139.134.187,172.16.133.132,1345,0.39047500000000035,regular http traffic
98.139.134.187,172.16.133.132,1345,0.4774419999999999,regular http traffic
98.139.134.187,172.16.133.132,1345,0.3867820000000002,regular http traffic
98.139.134.187,172.16.133.132,1345,0.4221779999999997,regular http traffic
98.139.134.187,172.16.133.132,1345,1.0298439999999998,regular http traffic
98.139.134.187,172.16.133.132,1345,0.3523310000000004,regular http traffic
98.139.134.187,172.16.133.132,1345,2.132605999999999,regular http traffic
98.139.134.187,172.16.133.132,1345,1.2787700000000015,regular http traffic
98.139.134.187,172.16.133.132,1345,3.436859,regular http traffic
98.139.134.187,172.16.133.132,1345,0.454426999999999,regular http traffic
98.139.134.187,172.16.133.132,1345,0.3970760000000002,regular http traffic
98.139.134.187,172.16.133.132,1345,0.4413429999999998,regular http traffic
98.139.134.187,172.16.133.132,1345,0.42324100000000087,regular http traffic
98.139.134.187,172.16.133.132,1345,0.44408799999999893,regular http traffic
98.139.134.187,172.16.133.132,1345,0.492146,regular http traffic
98.139.134.187,172.16.133.132,1345,0.4856070000000017,regular http traffic
98.139.134.187,172.16.133.132,1345,3.292786999999997,regular http traffic
