src_ip,dest_ip,pkt_size,time_diff,original_class
98.129.142.248,172.16.133.121,355,0.0006500000000073669,regular http traffic
98.129.142.248,172.16.133.121,420,0.10026899999999728,regular http traffic
98.129.142.248,172.16.133.121,419,0.025030000000000996,regular http traffic
98.129.142.248,172.16.133.121,419,0.0012739999999951124,regular http traffic
98.129.142.248,172.16.133.121,419,0.00021300000000223918,regular http traffic
98.129.142.248,172.16.133.121,419,0.0021380000000021937,regular http traffic
98.129.142.248,172.16.133.121,419,0.000681999999997629,regular http traffic
98.129.142.248,172.16.133.121,418,0.05661200000000122,regular http traffic
98.129.142.248,172.16.133.121,418,0.017631000000008612,regular http traffic
98.129.142.248,172.16.133.121,419,0.000796999999991499,regular http traffic
98.129.142.248,172.16.133.121,417,0.00020399999999654028,regular http traffic
98.129.142.248,172.16.133.121,420,0.009572000000005687,regular http traffic
98.129.142.248,172.16.133.121,418,5.000000000165983e-05,regular http traffic
98.129.142.248,172.16.133.121,418,0.046521999999995955,regular http traffic
98.129.142.248,172.16.133.121,417,0.02203900000000658,regular http traffic
98.129.142.248,172.16.133.121,418,0.0007809999999892625,regular http traffic
98.129.142.248,172.16.133.121,420,0.00019200000001262651,regular http traffic
98.129.142.248,172.16.133.121,358,0.008274000000000115,regular http traffic
98.129.142.248,172.16.133.121,359,0.000996000000000663,regular http traffic
98.129.142.248,172.16.133.121,358,0.04847699999999122,regular http traffic
98.129.142.248,172.16.133.121,417,0.013823999999999614,regular http traffic
98.129.142.248,172.16.133.121,418,0.0012550000000004502,regular http traffic
98.129.142.248,172.16.133.121,418,0.0001390000000043301,regular http traffic
98.129.142.248,172.16.133.121,418,0.004531000000000063,regular http traffic
98.129.142.248,172.16.133.121,418,0.0009869999999949641,regular http traffic
98.129.142.248,172.16.133.121,419,0.0541290000000032,regular http traffic
98.129.142.248,172.16.133.121,419,0.06333399999999756,regular http traffic
98.129.142.248,172.16.133.121,418,28.611784999999998,regular http traffic
98.129.142.248,172.16.133.121,419,0.001018999999999437,regular http traffic
