src_ip,dest_ip,pkt_size,time_diff,original_class
98.139.225.43,172.16.133.41,60,0.03793699999999944,regular http traffic
98.139.225.43,172.16.133.41,60,0.09002900000000125,regular http traffic
98.139.225.43,172.16.133.41,60,0.09548399999999901,regular http traffic
98.139.225.43,172.16.133.41,60,0.0666350000000051,regular http traffic
98.139.225.43,172.16.133.41,60,73.668166,regular http traffic
98.139.225.43,172.16.133.41,60,0.16365600000000313,regular http traffic
98.139.225.43,172.16.133.41,60,0.03883199999999931,regular http traffic
98.139.225.43,172.16.133.41,60,0.10073400000000277,regular http traffic
98.139.225.43,172.16.133.41,60,0.0674889999999948,regular http traffic
