source_ip,destination_ip,packet_size,time_diff
10.0.2.15,173.194.123.127,341,0.0
173.194.123.127,10.0.2.15,924,0.0
10.0.2.15,209.148.205.9,212,0.0
10.0.2.15,209.148.205.9,203,0.0001552104949951172
10.0.2.15,209.148.205.9,235,0.0004608631134033203
209.148.205.9,10.0.2.15,209,0.0
10.0.2.15,209.148.205.9,188,0.02335500717163086
209.148.205.9,10.0.2.15,1221,0.0010840892791748047
209.148.205.9,10.0.2.15,318,1.5974044799804688e-05
209.148.205.9,10.0.2.15,219,0.024377822875976562
