source_ip,destination_ip,packet_size,time_diff
131.202.240.150,216.58.219.238,503,0.0
216.58.219.238,131.202.240.150,847,0.0
131.202.240.150,216.58.219.238,503,0.539452075958252
216.58.219.238,131.202.240.150,847,0.5432720184326172
131.202.240.150,216.58.219.238,503,0.05360603332519531
216.58.219.238,131.202.240.150,847,0.050707101821899414
131.202.240.150,216.58.219.238,503,0.15581893920898438
216.58.219.238,131.202.240.150,847,0.15542006492614746
